Ticker,Class,T,alpha,alpha_se,c_search,lr_exp,p_exp,reject_exp,hl_search,P_search,d_tf,lam_tf,lr_sum,p_sum,reject_longmem,bic_best,aic_best,bic_geometric,bic_searche,bic_tfarch,bic_figarch,sumg_searche,sumg_tfarch,sumg_figarch,hl_spline,sumg_spline,lr_spline_vs_geom,alpha_capped
BNO,Commodity,4035,0.5908938003407239,0.3032260259752484,0.5278092318754792,4.764148093239783,0.0290584365606765,True,5,0.9014235200411064,0.670295982461568,0.0807387802754923,33.08379102924846,4.4135766402368755e-09,True,geometric,figarch,8551.072188719656,8554.54631325105,8555.745628359486,8558.424906584007,6.973219103416031,6.859517793961025,7.676905274553024,6,7.886629835404956,17.007667874097024,False
CORN,Commodity,4030,0.9242247333737376,0.3521027225180657,0.1271865052292372,0.083411373085255,0.7727265711797262,False,8,0.7344861647998968,0.9630260568899784,0.0932721041206269,41.19868357869382,6.875756317174743e-11,True,geometric,geometric,5248.296082852229,5256.449621527205,5256.5075576773,5261.824360111168,10.415921815633824,10.447719403493943,9.530725898566144,11,9.65501523666021,8.985605237126947,False
CPER,Commodity,3666,0.7599617986497551,0.5437564825517699,0.304351154976367,4.823406446049376,0.0280758070683066,True,5,0.99947399024421,2.1130071639872137,0.3584604329311316,133.57557452776564,3.3828791878525275e-31,True,figarch,figarch,6926.415360981686,6929.727594438991,6910.255965693353,6846.465040832728,7.0149819509263205,13.076230417799875,15.259745823307176,6,10.539920115430547,345.70081437035424,False
DBA,Commodity,4892,0.8346041421895679,0.2259964906953203,0.1339255139846927,0.5853471388418257,0.4442240125779254,False,9,0.9104834324699288,0.975458574059168,0.0684471169797196,53.85029769225912,1.081811545774961e-13,True,geometric,figarch,3401.018807318487,3408.875929824865,3409.439168138116,3410.888893399179,13.441685903015571,14.31096511637396,27.93965059921858,15,33.74534960048649,33.316134304029674,False
DBB,Commodity,4892,0.321798034075121,0.1003467582886926,1.2196467583136872,18.58517677333475,1.624790541018926e-05,True,5,0.8938790121141278,0.4013654485892236,0.0139894798534589,11.921495295918248,0.0002774496123466,True,figarch,figarch,6839.451204552174,6829.308497424059,6833.700139686585,6829.212259655804,11.359010875733563,10.402399763160744,18.206105948435265,8,17.093898563531162,29.28221108685011,False
DBC,Commodity,5122,0.3603722495570947,0.1229707192062407,1.0749326494428284,19.67343528743368,9.186964663392191e-06,True,4,0.9048985758596793,0.4439527730956877,0.0225399915786268,22.517256903745874,1.0413211053883152e-06,True,searche,figarch,5747.893655034543,5736.711068963185,5741.668731614381,5739.576305724938,9.969117370341229,9.240542525851048,13.203889926793584,8,13.053690947225467,29.56759002777653,False
GLD,Commodity,5427,0.4973450908818649,0.1506889120077886,0.539985892895238,11.149870795820789,0.0008403752611312,True,6,0.9087326946224128,0.6418621039353933,0.0371635401038736,52.130273283081806,2.596900145231096e-13,True,figarch,figarch,5631.283439478705,5628.685163301018,5635.187790539723,5626.004431970682,11.256385126796356,10.965828507474887,17.48143492543073,8,16.808480903958618,27.48358612374068,False
PALL,Commodity,4134,0.1010634406936204,0.1233858071257073,8.18530455434398,38.51170153877501,5.442638083401287e-10,True,3,0.9257910141340336,0.1114570334114239,0.0080231987167483,3.235669203553698,0.036025430786391,True,tfarch,tfarch,9228.100373237648,9197.852777462602,9196.41874995168,9204.735153394224,6.119766809705523,6.104628474600368,4.832779451871323,2,5.454646039871007,48.13081160724323,False
PPLT,Commodity,4134,0.3146169553024434,0.1797743078386103,1.274296198489561,12.379250044125,0.0004341314879672,True,4,0.94162846439111,0.4154313205600436,0.0157782500665298,9.500545714872716,0.0010270539820383,True,searche,searche,6836.640421242165,6832.525276961768,6833.660082658654,6841.230034100615,11.24078432326748,10.222718667621368,11.427162464246354,5,10.573648392586058,22.244004691787268,False
SLV,Commodity,5065,0.4739874344158739,0.1739484451519882,0.6325026145250604,13.421345395679964,0.0002487772106549,True,5,0.9393007277889333,0.5498471431574604,0.0330952887526335,57.58457360116881,1.6187740889586094e-14,True,searche,searche,10516.32631423323,10511.384044706854,10513.522103267402,10518.076602336105,10.239789723976768,9.565779888952726,10.132573086522427,2,10.163271558591164,22.00946353757172,False
SOYB,Commodity,3707,1.2701981119710313,0.4769262911909665,0.03373263718915612,0.6264502900066873,0.4286603682408089,False,12,0.7098530457763293,1.3156418450819594,0.12021926761333625,51.28113039728623,4.0020661565008566e-13,True,geometric,geometric,3753.571833916043,3761.092961362238,3760.1266182690692,3767.6098555035624,13.322206582798781,16.07274610604559,18.036597553230514,14,19.815482203483924,4.15046710196566,False
UNG,Commodity,4822,1.6850497481040998,0.37310181983781027,0.007827088615871256,6.188405479271751,0.012858999895489174,True,15,0.953903891974475,1.5170810415332525,0.13852597817784346,107.89608284126007,1.4162328719717538e-25,True,geometric,tfarch,14080.09525366566,14082.334116670276,14080.395298355978,14089.560919426684,15.499232309341643,20.208452866561608,21.62371765166876,14,21.745202547856426,21.388032591801675,False
URA,Commodity,3925,0.3212042119141355,0.3155960067291685,1.291759894808251,6.454995321573733,0.0110640835358915,True,4,0.8828238187750701,0.6873361151121369,0.0426356031826321,7.609586694332393,0.0029029394983597,True,geometric,figarch,9055.997658820128,9057.751427544374,9061.579108182088,9057.116564343833,10.246874764184804,11.070616072529685,15.710899243460426,7,16.547806063951747,32.096590242954335,False
USO,Commodity,5078,0.729331699236438,0.2077051586057255,0.3136986461690718,3.0241092044070683,0.0820353594810069,False,5,0.8779361675625905,0.7347703649504507,0.0873465196527337,76.66543868572444,1.0125833810854553e-18,True,geometric,tfarch,11634.745996151576,11640.203660193352,11639.671719479024,11649.856908051454,7.551659531493988,7.252575418369462,7.364640841879462,5,7.580088817759631,13.709910203517213,False
WEAT,Commodity,3707,0.3986012266290337,0.3313859908751692,1.0207355851419837,4.444755507292939,0.0350086026564029,True,4,0.7045745435239054,0.5788840682481736,0.0498509279476145,7.521616455726871,0.0030481475496502,True,geometric,figarch,6370.23166050437,6373.934482733279,6375.915919983571,6379.085292409018,7.986123461235445,7.937483121602292,9.680880662351935,5,10.190538069299963,8.339545675899899,False
WOOD,Commodity,4522,0.2309923170516161,0.0673990651977171,2.646078638200905,53.53572761396936,2.5393252890111105e-13,True,3,0.7362228496965961,0.1668943373847872,0.0120031245304968,15.078276771202582,5.157172299514305e-05,True,searche,figarch,5599.679257678098,5554.502899170351,5559.782453155895,5559.73551285897,6.882656041641721,6.247104858436661,8.343264365010931,4,8.700564011261207,67.66064389623716,False
ADA-USD,Cryptocurrency,3142,3.0,2.1126280811495595,0.0030134858877033954,15.564266834015143,7.974758055233909e-05,True,7,0.6764761262872786,0.05554777428606736,0.015256978709059059,3.0831994899017445,0.03955238555058681,True,searche,figarch,11991.246780780026,11983.651525727117,11995.797087218863,11985.494722331156,5.699448417910711,4.691202210203973,6.2099577577730365,2,6.185075388122301,69.37416675033637,True
BTC-USD,Cryptocurrency,4291,0.5828153480739399,1.2127380121818003,0.663888874523926,1.1985311462813115,0.2736154525689314,False,4,0.8170642682385643,0.8978770933654184,0.1614521053824345,19.185483727673272,5.93059751759689e-06,True,figarch,figarch,13378.997545279424,13386.102766548707,13387.179053688096,13365.836335883489,5.372932247719033,5.774915214709065,5.647526809195379,2,5.43440461643357,84.29663438854186,False
DOT-USD,Cryptocurrency,2127,0.2107526677761996,0.1776168136263345,2.7621881135550037,13.419521079721562,0.0002490192671957,True,3,0.958609977424859,0.1938722730306681,0.008185502881997,2.4617893009835825,0.0583229187814284,False,searche,figarch,7520.239402479244,7514.356245337926,7516.311560707828,7517.491561958567,8.257775752519231,7.37450731021599,11.587444512243945,2,10.009242790489523,49.43713039085924,False
ETH-USD,Cryptocurrency,3142,0.1694152343064189,0.162719658048574,4.170784974360395,28.216317381475164,1.0848612878613809e-07,True,3,0.8251789483998873,0.0513226022023703,0.0051400466333741,1.0938253228468966,0.1478125962735297,False,figarch,figarch,11037.759089946314,11017.511784345945,11021.450393417676,11011.50386433467,6.510598311005896,5.780810003517887,9.86305656526571,6,8.72404233714973,94.25393342836288,False
LTC-USD,Cryptocurrency,4291,0.5389874632084272,0.7073447178065496,0.5757593529241066,2.210552111049765,0.1370696076104665,False,5,0.7054171335747113,0.7140761843946349,0.0703730941760292,35.617795566038694,1.2004212930295951e-09,True,geometric,tfarch,16462.95851824582,16469.051718550334,16468.806677137574,16484.036744105084,7.993667571577848,8.180070861603351,7.508381869012284,4,8.321508753233635,51.2428990379467,False
SOL-USD,Cryptocurrency,2259,0.0023161786644851,0.0004202393755014,501.46463456910726,57.82106746332465,2.870785504423755e-14,True,2,0.8744090198069165,-0.1663237511350126,4.969655164820121e-08,0.0,0.5,False,tfarch,figarch,8650.177766766032,8599.961095651503,8599.886435443814,8605.235887481618,4.207523485577372,4.20552414439664,3.994774643737665,3,4.161985810576693,70.6096731053185,False
XRP-USD,Cryptocurrency,3142,0.0022451017967181,0.001399214973045,690.7783151643137,36.202107830918976,1.7787805770726554e-09,True,2,0.7449440865634409,-0.5568858434889152,6.336981182193444e-09,0.0,0.5,False,tfarch,figarch,11667.06144081902,11638.828344769208,11638.733830864609,11642.361277455671,2.3327960481689622,2.3294141320210247,2.376020131122899,2,3.186127002374899,278.39702940332063,False
CEW,Currency,4287,0.2036941248537037,0.0942075062638672,2.830627849180676,30.386181045874764,3.540413341837517e-08,True,3,0.709810060436251,0.2986996555468606,0.0126150468692385,9.920492524604017,0.000817243186651,True,tfarch,tfarch,-2437.2393785478707,-2459.322798013042,-2462.0566501163203,-2449.1780454972118,8.685886541054355,8.353626606797018,9.080436374264416,4,8.690415249592258,44.189082628134656,False
FXA,Currency,5025,0.5199070109931002,0.1634360527860051,0.4495458493628903,6.474256571175374,0.0109448085278381,True,7,0.8251505836528922,0.6203106571005431,0.030101256902217,42.39893979109661,3.7215187944869824e-11,True,geometric,searche,1233.16604598271,1235.1625197285402,1235.6757630476338,1257.3766387980472,12.922157876597993,11.965214277353336,12.565796258223443,5,14.108457536026547,10.146315481181318,False
FXB,Currency,5025,0.5406891654276651,0.1533597429742452,0.484609865145961,5.635530978405541,0.0176000139054157,True,6,0.8691328894015583,0.6423930840696837,0.0447423787974246,37.98848361568821,3.5581723452137867e-10,True,geometric,figarch,-948.4543916843478,-945.6191923457474,-942.7075529716484,-942.8947667423844,10.16195818548612,9.700796437436995,11.290063462241418,9,11.46377446057952,16.171120638628963,False
FXC,Currency,5025,0.9768040602783876,0.5434361912953837,0.0557859062191053,0.0044105964766458,0.9470495605450392,False,15,0.8984530195639572,0.9647969349523596,0.0484283662292892,52.4734443784896,2.1805282116702587e-13,True,geometric,geometric,-2221.317966979447,-2212.8516472589176,-2212.885922106366,-2193.0187859524394,19.98363366158728,19.347356550178297,15.503184461944116,13,19.524591589244302,2.9779174840050477,False
FXE,Currency,5159,1.1810948096567877,0.4194686602004146,0.01970229991673697,0.3422636008576774,0.5585255337014707,False,21,0.9000862726914137,1.1751232911720197,0.05204849967449964,83.87989551613668,2.6288245712550376e-20,True,geometric,geometric,-1647.0615055148637,-1638.9053510796314,-1639.5223545607828,-1618.2752916562374,26.27000884425999,31.037863014128288,29.14249230441699,31,38.24571643250299,7.72890181800517,False
FXF,Currency,5025,3.0,0.5362107142370373,2.9263758607332233e-05,25.320189381989394,4.85599333949886e-07,True,29,1.00115036579747,1.6149376517775123,0.09222602843315277,228.56518612896616,6.126687611214599e-52,True,searche,searche,-108.91614836912808,-125.76560743411157,-114.35388760606627,-100.7239349535173,28.478591900745148,45.9164295083594,58.51810557005329,3,8.37632707450204,186.20660329474913,True
FXY,Currency,4866,0.2894789423752877,0.1185480833557549,1.675335784060632,25.57252269642811,4.260635840124271e-07,True,4,0.8824751563889306,0.2980095114932083,0.015101404596223,14.801170241967384,5.973067343754809e-05,True,searche,figarch,-301.33153987517335,-318.46721213286776,-314.00287700086204,-316.1271562062971,8.63401593406206,7.80495138596279,10.328147230059642,7,10.138498433862532,33.61626948764808,False
USDU,Currency,3141,0.1773093859721507,0.1337557140717065,4.861096993430968,20.77178781924385,5.173956459215332e-06,True,3,0.6368901043352089,0.0013470348254419,0.0167547148897415,5.420995917909295,0.0099480040321441,True,tfarch,tfarch,-2089.616237297588,-2102.4193594163653,-2103.4741938598795,-2094.623893874992,4.23622948886692,4.173209342290263,3.904401392855976,2,4.375113793564766,27.419024986920704,False
UUP,Currency,4855,0.5368085414196756,0.1724448501437311,0.3965112973958929,4.964823828274348,0.0258679500620826,True,7,0.912126386030568,0.6761577711548927,0.0317155244008393,32.786399575142696,5.143100396551417e-09,True,geometric,searche,-2447.606484513488,-2444.1368447979453,-2443.3322154643065,-2431.0924924137307,14.052693513904424,13.2569531761658,14.874334869464327,7,15.6421985371416,16.58535297802746,False
MTUM,Factor ETF,3311,0.3112283395897288,0.3089152852213201,2.0426011661365973,11.093733156276812,0.0008661993606695,True,3,0.8387465583679745,0.5869089568676016,0.093499096099035,15.621435277742876,3.868625654818448e-05,True,figarch,figarch,3260.7597024291217,3257.691812616996,3265.142936095678,3238.587751706487,4.914797644297517,5.439021285318103,7.392841670538962,6,7.2752360967785235,61.065535254215774,False
QUAL,Factor ETF,3248,0.2545402929552389,0.097795707778668,2.783454784426431,40.39874777055047,2.070737778280001e-10,True,3,0.8608121982913981,0.0371682710358608,0.0190024659493932,13.980134072128294,9.237622126615375e-05,True,figarch,figarch,2150.7016380914456,2118.307923665532,2132.176677373033,2102.7709259248863,4.797399758132743,4.3049360432176,6.620583200251748,5,6.650079753136446,66.93882861739621,False
SIZE,Factor ETF,3311,0.2931728475608531,0.1029639470826835,2.0580218341523757,31.49428715646445,2.000278951059314e-08,True,3,0.8348841639184107,0.2152959314859146,0.0276252974540893,20.475618761252463,3.0197851282865446e-06,True,figarch,figarch,2149.085883920606,2125.617440108293,2136.092907929529,2119.8978453315376,5.672644225204922,5.265247826007754,6.689782835940262,5,6.663565809479021,46.47905555274292,False
USMV,Factor ETF,3684,0.1990540179854246,0.0925422314460896,4.263043043646307,44.624101338128526,2.387347085903833e-11,True,3,0.7560641906599054,-0.0620672862533571,0.0164003079726638,10.308221928077955,0.0006621941252357,True,searche,figarch,636.6615961100989,600.1783932325783,606.4941508670865,602.5062354253093,4.084830298140657,3.780461281682309,4.258216819840402,3,4.259937127909796,51.3173941294948,False
VLUE,Factor ETF,3311,0.1709431388096456,0.0904191484751234,4.995055204647808,30.586986588711625,3.192277470575188e-08,True,3,0.8805059752663756,-0.0872082367997012,0.0089978078872893,4.325226027550343,0.0187757133337342,True,searche,figarch,2901.5296520064485,2878.968508761888,2884.47214501017,2878.9928807470037,4.40064810281107,4.022576168601915,4.866711457698804,2,4.765118282230402,41.7557313590105,False
AGG,Fixed Income,5715,0.8278007859837628,0.1605203017766347,0.2083023184670067,1.5474259349593922,0.2135158452226377,False,6,0.8743609772702446,0.8139906285201148,0.0902826640249718,117.53116494510505,1.0981096170586729e-27,True,geometric,tfarch,-9567.673220193645,-9560.614892760208,-9561.247049185578,-9550.46166493741,8.481349399592474,8.135246005640127,9.290543784275105,5,9.458861927390766,11.505754019517552,False
BND,Fixed Income,4828,0.7052330928492484,0.2079057626011638,0.3476811559950709,4.349052091073645,0.0370295509747432,True,5,0.8570365755030621,0.6445485866174226,0.0763720754339815,68.65622883378728,5.860694730908819e-17,True,geometric,tfarch,-7842.902825487002,-7838.823297045015,-7842.406993290772,-7833.772798182026,7.320353270174458,6.812499295382862,6.378156654002908,3,6.586742402523104,31.791177628195328,False
BNDX,Fixed Income,3279,0.2765400623429389,0.1546837343156708,2.1197905307779585,15.15696831535024,9.893251187545776e-05,True,3,0.9210104008734248,0.3163943029573561,0.0303281817727626,8.383602532354416,0.0018931060448302,True,figarch,figarch,-6340.5458483303855,-6347.687489336715,-6342.616906435468,-6354.713070798091,6.316517727074213,6.135108139807259,9.223966705919588,5,10.475781552414846,42.61320214162061,False
BWX,Fixed Income,4699,0.3392964738822633,0.1132556496532,1.1909688482621703,17.98570363309568,2.2257025531797106e-05,True,4,0.8611345617765634,0.4414945161420729,0.0210593770872839,20.65784167251263,2.745591359355988e-06,True,searche,searche,-1732.0076361233148,-1741.5933547658997,-1741.072355241237,-1730.5648350274523,10.015557644778555,9.50261608059483,11.279773323931288,5,12.032295970993635,32.52616221724816,False
EMB,Fixed Income,4651,0.3299156138697494,0.1036599710976838,2.1850777597143094,31.04076564246316,2.5266554813954617e-08,True,3,0.9690826513431474,0.0484292033356648,0.0397486688987044,61.52872341973534,2.1816561996243842e-15,True,searche,searche,-2668.7843975904198,-2691.436030711534,-2685.664517014964,-2681.773647633371,3.848267316432288,3.601696126081541,4.399494807106354,3,4.368446097015548,60.40820938548859,False
GOVT,Fixed Income,3598,0.0889507855940396,0.1228388052299186,9.38430551501015,36.70892735988491,1.371499312951297e-09,True,3,0.8701702403765121,0.0871710563520463,0.0054249454112591,1.5097608458409013,0.1095877914002124,False,tfarch,tfarch,-5257.355006339822,-5285.948412818159,-5286.244353650641,-5277.755315236564,6.316331437045058,6.224733911949662,5.651380151973997,3,6.094468910225244,43.098130373635286,False
HYG,Fixed Income,4827,0.2809674339387367,0.1802456249655877,2.225336678187423,96.90472175843296,7.274499089423391e-23,True,3,0.999982869879114,0.1306912853373447,0.0199330489801083,59.814374227084045,5.211962580572594e-15,True,searche,searche,-3526.365510657152,-3614.841870437875,-3605.673203540045,-3600.6297283193285,5.531648213190191,5.014559464840152,6.333898437776222,4,6.844619841554732,108.75716195169208,False
IEF,Fixed Income,6009,0.5894201102564979,0.1849021113724478,0.317298560994406,4.914899832266201,0.0266260070652042,True,8,0.8802942565160417,0.727504345784266,0.0364328558764047,45.29061562910738,8.493054856780689e-12,True,geometric,searche,-5022.2531415687845,-5018.509869616375,-5017.513632620929,-5004.746422042983,14.201235364042066,13.625297862106374,19.85269049117278,12,19.96871916655098,10.823145416464286,False
LQD,Fixed Income,6009,0.2547949887099339,0.1175411337096852,2.5424707714836123,51.493672526800765,7.182822812720367e-13,True,3,0.8094559535700776,0.1614033400899172,0.0195718827074562,26.02975141056413,1.6809818545901338e-07,True,searche,searche,-4875.028500783553,-4917.864001525678,-4917.34792054424,-4907.890181779668,5.644619295927297,5.341891071180357,4.549775667719391,3,5.2336580731409885,61.13041700993108,False
MUB,Fixed Income,4722,0.7510767895558914,0.1650450628724191,0.426804709891201,4.00250107550346,0.0454327988957271,True,4,0.9664887353087476,0.6333637528612747,0.1309695565618598,150.97661180648902,5.302370911918251e-35,True,geometric,tfarch,-9146.8119309139,-9142.409288301797,-9145.424011854651,-9137.962929039084,4.979132983351331,4.682729648404349,4.459381906670788,3,4.537093175266025,19.851466162073848,False
SHY,Fixed Income,6009,0.4996738465576599,0.1342838672761947,0.5720153081810633,17.336752076545963,3.130731022170818e-05,True,5,1.0028374105671825,0.5484884918765024,0.0343943009365285,86.11685851685252,8.480536211462441e-21,True,tfarch,tfarch,-24081.97576730793,-24090.6543475998,-24096.373760705683,-24049.878049453808,10.140747688790036,9.322179731753993,9.174528130637851,4,9.9440374661752,50.616732289312495,False
TIP,Fixed Income,5667,0.7276487241888985,0.1465245251358765,0.2557885311649477,3.1392636701511947,0.0764283047556869,False,7,0.8751469630562164,0.7580701966098364,0.0666623474160621,95.43137369151192,7.65539495106344e-23,True,geometric,searche,-6539.170092089543,-6533.712427600259,-6533.245717406368,-6523.910538722265,9.674284815099757,9.271372499969958,8.701575609777965,8,9.102270460357538,19.881355872304997,False
TLT,Fixed Income,6009,0.3321612790809397,0.1076545958390646,1.188564718781902,19.95152726844435,7.943048155391533e-06,True,4,0.8958661893490075,0.4320721932812166,0.018225887124896,18.82199346063589,7.175138850842343e-06,True,searche,searche,3525.3518788185547,3514.058523334786,3516.9324676895726,3524.18797918928,10.763012376553526,9.964291174266023,12.029657138085156,6,12.809533416247222,27.354034647367826,False
VCLT,Fixed Income,4165,0.6364389453907903,0.1825353159104002,0.4199244530190384,4.472520405143257,0.0344441471827281,True,5,0.7835417775609961,0.6412077450011386,0.0687392620893573,49.89125768969785,8.125355424268895e-13,True,geometric,tfarch,82.86845027438787,86.66798949145502,85.53015873910616,94.82510873252548,7.662586833601831,7.265949700874093,6.950378637752637,4,7.703978350408938,17.68562276234951,False
VCSH,Fixed Income,4165,0.9637704992263068,0.1970696607535699,0.1517709126536725,0.0651187220137217,0.7985812180100681,False,6,0.8997299811650411,0.9037731029874848,0.1214982836289219,217.492939358699,1.5930206434969876e-49,True,geometric,geometric,-12607.64687953759,-12599.439938637392,-12599.795067097848,-12591.127963913556,7.80147656928993,7.423127625922146,7.762608511959319,5,8.171010509059498,12.030942209687057,False
ARGT,Intl Equity,3845,0.050964256309051194,0.2066391395276101,19.43570569894977,3.8018986729084645,0.05119449992340838,False,2,0.8724696124928782,-0.09700612763289919,6.771070312009425e-08,0.0,0.5,False,geometric,figarch,7702.123078631762,7706.507922745967,7706.886190691418,7704.771076131934,4.99839722929447,4.864940236965908,6.642696760709425,4,7.9238764977658995,40.455983921555344,False
ECH,Intl Equity,4671,0.4579211386496917,0.1347418723479891,0.7669014353710426,13.314221723240736,0.0002634006338828,True,5,0.8517340033237566,0.5290061150462959,0.0412010691316277,41.68844460519904,5.351987980751047e-11,True,figarch,figarch,7548.874621103758,7543.954068085648,7549.3708577605885,7543.431324472666,8.395356290437016,8.04631872542312,13.347000152145876,8,13.83224242591896,25.868830521468222,False
EDEN,Intl Equity,3618,0.1919372128478123,0.1547929894420869,3.934204529063736,14.283703724973748,0.0001572201284691,True,3,0.6848278409714542,0.0591427211922434,0.0147269033760292,1.701157376291576,0.0960683435369557,False,searche,searche,4050.228130852527,4044.065907502304,4046.6144718699975,4051.298329044936,5.214291419289054,4.76297403346077,5.667936406667649,3,6.671507611425862,24.772539241220784,False
EEM,Intl Equity,5831,0.3456929861590935,0.0802727685962243,1.3825610426057735,24.48699673599367,7.481303913817625e-07,True,4,0.8098008820825311,0.4116203088138239,0.0344917956869755,41.879933604031976,4.852677567186842e-11,True,figarch,figarch,8900.626222835983,8884.765990927835,8898.487503162463,8870.029803373434,7.221316189917816,6.975220623884068,12.147993413774133,6,11.975547042851636,55.04814288249872,False
EFNL,Intl Equity,3618,3.0,6.43153171607623,0.0007129729339806032,6.934075828603454,0.008456874862270418,True,10,0.6449037948263732,1.63538561389186,0.2603096855033232,34.23664180481228,2.4400688215239235e-09,True,geometric,figarch,4325.009158474229,4326.196563020376,4329.438117546648,4331.784101796188,9.5025572456747,10.317996889861455,10.580717708252182,12,16.042127602204037,38.43903384947498,True
EIDO,Intl Equity,4052,0.0645837758956797,0.0845847493798637,14.260661748313272,60.36781960687313,7.868895929626112e-15,True,3,0.7183439389145452,-0.0630814073029153,0.0005961332828897,0.051134520503183,0.4105503765664831,False,searche,figarch,6599.508585314591,6547.383522053432,6548.855655088445,6551.678413246539,5.587572300616445,5.145322677469995,6.483130803166345,4,6.5716668417837845,67.64007700870752,False
ENZL,Intl Equity,3970,0.440820177821334,0.1764910627139742,0.7896463541853629,9.450573853716378,0.0021108304880936,True,5,0.7267279052574913,0.5370587008091723,0.0380495170285717,22.946129678106445,8.330265434571878e-07,True,searche,figarch,4366.588178476737,4365.358545791302,4369.184346102215,4371.32898633537,8.993007440460051,8.570028170329708,11.486516390822665,5,12.890484881516032,27.967991034830447,False
EPHE,Intl Equity,3952,0.3439127848414662,0.1438329087785496,1.5648770201229216,11.8803909692233,0.000567280319192,True,3,0.7065502989177204,0.3317936671197143,0.0402460390742901,19.14950827335633,6.043431861480809e-06,True,searche,figarch,5259.729068931173,5256.064766060582,5261.108574738767,5259.912100339566,5.9183267350519,5.586513262549724,7.241078794500365,5,7.340047517843814,19.353209233310736,False
EPU,Intl Equity,4273,0.2002717761857139,0.0820184321414501,3.506856278721413,52.05846659426243,5.387244225329659e-13,True,3,0.909814559585443,0.120001735032221,0.0131720800183852,12.151779225257997,0.0002452052906431,True,tfarch,tfarch,6182.319042175748,6138.559861488383,6138.379695789839,6147.296330470982,5.847922399793383,5.515711926642523,6.400317684285083,4,6.347143628256921,65.35366067824725,False
ERUS,Intl Equity,3919,3.0,0.0,14.957752499743656,0.000107503652543528,0.9917273644832255,False,2,0.04335169031938919,-15.737461062791564,3.192132390413284,0.0002847835094144102,0.49326795714925753,False,geometric,geometric,20088.450353107957,20096.657374772374,20096.65757190567,20104.864530861065,1.0,1.0000003760251006,1.0,2,1.0164088891390954,0.0,True
EWA,Intl Equity,6654,0.2309201192376441,0.0729695086934384,2.773524551726298,62.079591803094445,3.2985219485136226e-15,True,3,0.7724430052066715,0.1332633824982145,0.0126210539012189,23.100737097967794,7.686587743765575e-07,True,searche,searche,9897.055388051373,9843.740161968808,9850.547049864188,9853.410525433732,6.27429551564319,5.73363864757623,6.412067533433337,3,6.6885455383788965,69.62426077236887,False
EWC,Intl Equity,6654,0.3290482399448581,0.0741809485715485,1.4404299728124172,41.34195475735942,1.27796350511429e-10,True,4,0.842064394385814,0.3442895223996213,0.0237251991543821,38.67186497356488,2.5069218695763237e-10,True,figarch,figarch,7856.869170364955,7824.291581328125,7834.173897215071,7822.386090539304,7.765634689618365,7.211105684917983,8.834877212162294,6,9.02317260383584,62.27138570204807,False
EWD,Intl Equity,6654,0.3900318756924468,0.0887390489799513,1.0162994799586351,27.76930480775445,1.3667751546768944e-07,True,4,0.8658133105930248,0.442371342589895,0.0294697873399674,48.12823077761095,1.9961841656262464e-12,True,searche,figarch,11811.637124706847,11792.632185619625,11802.320511703385,11798.729237746842,8.592065770723218,8.042957025728656,10.982623436222628,6,11.651149671336624,45.908758047973606,False
EWG,Intl Equity,6654,0.4039066632059431,0.1066929403469712,0.995564534603144,23.118083654962906,1.5235109817697836e-06,True,4,0.8224541049342491,0.5226472571614857,0.041816223359144,50.54418490786884,5.825595098785894e-13,True,figarch,figarch,9855.48540270048,9841.131684766046,9854.608718447224,9833.917429515195,8.004283223147636,7.875036637666205,12.006923521128035,11,12.848731707826268,58.942395773583485,False
EWH,Intl Equity,6654,0.2812635652027528,0.080695354295979,1.8809382663895065,34.7595471149798,3.730448178053109e-09,True,4,0.8540245796290402,0.2400239216943511,0.0154800523018874,20.69171125427601,2.6974515291266317e-06,True,searche,figarch,9633.260692486478,9607.265511092028,9617.38611490329,9610.000320743418,7.539339676282027,6.779548903887971,9.540167512467272,5,9.616393055695312,47.70119096109556,False
EWI,Intl Equity,6654,0.3270878193998167,0.098364914193385,1.5709201373268245,29.883565913705752,4.5878507716404964e-08,True,4,0.8331389232943109,0.321871859702227,0.0292146635906958,27.677074937861107,7.167576600147321e-08,True,figarch,figarch,10829.993505566998,10808.874305373822,10823.551782647835,10797.995337190325,6.7623470751037855,6.2997989581727865,8.808840699355006,9,10.119897789731848,70.3884144789572,False
EWJ,Intl Equity,6654,0.3133122614297315,0.0822934205259381,1.6944546709624746,36.92930244344461,1.2249111951869094e-09,True,3,0.8874350470396636,0.2613034539620739,0.0232472528263124,33.64119906378983,3.3137027018773173e-09,True,searche,searche,8322.567338671804,8294.40240194889,8298.81199145041,8302.181127342592,6.680130087477406,6.1232986274653305,6.933096503260908,4,6.952955843651862,40.98319063067902,False
EWK,Intl Equity,6654,0.2116070298874045,0.0642107396233966,3.1480634992934555,64.84897025198734,8.086432688963279e-16,True,3,0.8297636401667612,0.100151820689718,0.01054299124847,15.105677586001548,5.082854444888294e-05,True,searche,figarch,8800.677013818397,8744.592409286939,8753.835394392041,8747.19581746977,6.23495301504496,5.597235510718328,6.9828357185537095,4,7.375173024062331,78.57626241530124,False
EWL,Intl Equity,6654,0.5413035595668778,0.2207360641977875,0.5461122568188501,8.727457775612493,0.0031345324325736,True,5,0.843854254299357,0.7834455129586122,0.0726486528411666,65.9892908589809,2.266898502300787e-16,True,figarch,figarch,7104.916583553637,7104.953491498554,7111.562262263709,7097.864144727303,8.513893938958264,9.120909967187522,11.177837143103252,9,11.624610296415646,31.94438126553541,False
EWN,Intl Equity,6654,0.3660839706393037,0.1026405020135496,1.151973698707304,26.1421815123922,3.1717878536946685e-07,True,4,0.843866520143174,0.5621686815441228,0.0432173354014154,40.23014878510367,1.1286875839576363e-10,True,figarch,figarch,9588.802455562867,9571.424639771005,9590.625331810956,9541.38057116356,8.388723929593347,8.374225991029915,14.297164747568472,11,15.233305926003132,79.24532748907404,False
EWO,Intl Equity,6654,0.3464103611954757,0.0970990916373488,1.350125614743886,24.39401342322344,7.85122940272857e-07,True,4,0.7491578101161034,0.4460948364985748,0.0365226174783759,32.76274515783007,5.206068199117327e-09,True,figarch,figarch,10346.4135311959,10330.783883493206,10343.693725241264,10321.378813485328,7.484268385700187,7.262315472920362,11.935089594179932,9,12.384622318203371,46.964990662570926,False
EWP,Intl Equity,6654,0.3829576116215326,0.1629929398088768,1.179867048578313,15.113947668234688,0.0001012127272326,True,4,0.8289857201276358,0.5273363083171698,0.0506448120678165,33.33205784757956,3.884565202379843e-09,True,figarch,figarch,10876.21049059447,10869.860908646766,10879.072705706749,10865.653085079864,7.045035588564965,7.11570839960811,9.266919966091374,11,12.18662339673719,50.43443398254203,False
EWQ,Intl Equity,6654,0.3659063869340065,0.1222688863674056,1.2898873176497188,20.661194216940203,5.481576173063875e-06,True,4,0.8518711738886667,0.469918601496185,0.0445597118592414,35.20876294151458,1.4809389553084923e-09,True,figarch,figarch,9534.018233437884,9522.121404941474,9536.155412497566,9512.322750640244,6.907759427734263,6.852828488524637,9.232043548600643,5,10.160882743804532,69.02177594393834,False
EWS,Intl Equity,6654,0.3499324067765378,0.096898362093692,1.2457944875480704,31.247309070178744,2.271621431416024e-08,True,4,0.867322687659031,0.3773491898939842,0.0239292464157794,35.84017060550832,1.0709294494034907e-09,True,figarch,figarch,8996.268686627162,8973.785743277513,8988.876592213524,8970.574452683555,8.37806484755852,7.717190649234756,11.469560119634174,11,11.839616447570831,65.42097284624288,False
EWT,Intl Equity,6533,0.3164159891346448,0.0687513241372129,1.4738691299752222,38.95462213596511,4.3377203710711405e-10,True,4,0.9018982119531724,0.3093775072672721,0.0172607153134199,32.668029960696,5.466030717459975e-09,True,figarch,figarch,11066.57461357898,11036.365275925473,11047.76910032592,11028.123458398672,8.380972935095677,7.6118550258145,13.817418928168935,8,13.296593815572482,58.957363867355525,False
EWU,Intl Equity,6654,0.4458971493707637,0.1645948621721827,0.8945114507511187,14.837678751183375,0.0001171710157242,True,4,0.853638186401245,0.605714085317649,0.0616288034438846,60.46427563903399,3.746300325592645e-15,True,figarch,figarch,7772.159884175048,7766.086571144395,7774.846182941233,7765.717543834238,7.13063100519975,7.311692808072252,8.305152022174031,4,8.827134044375377,46.36492739091136,False
EWW,Intl Equity,6654,0.4241286103403887,0.13752058121786,0.9463728618570906,16.419437722015573,5.076201290902191e-05,True,4,0.7557294462339676,0.578096479653169,0.0554677928143161,49.95226901462593,7.87659005213248e-13,True,figarch,figarch,11563.931991974026,11556.27691997254,11565.993314690895,11550.98200127462,7.530754129929408,7.418704707762608,9.824734378949408,7,9.924727118574522,32.38294993153977,False
EWY,Intl Equity,6562,0.3557633835927087,0.1085909821357805,1.1837874779835849,24.56465599419789,7.185771176864612e-07,True,4,0.893815556968447,0.4384919366196441,0.0269972988744855,28.054198548021304,5.8982452164998375e-08,True,figarch,figarch,12729.554173431012,12713.73940839235,12728.56516681318,12690.533400794286,8.726126937021341,8.336071457360761,19.523235735563624,11,18.241873179855407,63.92837867703747,False
EWZ,Intl Equity,6519,0.2975038585259816,0.0952076533553431,1.7424662270666404,44.30640585333276,2.8079587479930436e-11,True,4,0.7513510862237291,0.2829815997398734,0.0195594348294055,36.69297869842194,6.913828693622522e-10,True,searche,searche,15185.508514551386,15149.945161748275,15153.712399150343,15162.382598628365,7.377554543096006,6.839642383385639,8.110724836976441,4,8.640882631388001,59.79703730608344,False
EZA,Intl Equity,5876,0.4729350205366018,0.113080488072684,0.7149590181400713,13.74423974864294,0.0002094621720203,True,5,0.6909712800223458,0.5625009965302643,0.0442692276777518,52.85082065205461,1.799341384883337e-13,True,searche,figarch,12680.46297770004,12675.353536384886,12680.44327215103,12681.586399609943,8.505114119077694,8.258947049746512,10.086241050217463,8,10.407797635009745,23.265901064010905,False
FXI,Intl Equity,5456,0.3785956075668266,0.0967069432129155,1.1503132880377591,21.056554169705123,4.459249096658741e-06,True,4,0.8626631220882109,0.465046220746177,0.0378041239430218,38.35731619701437,2.9453414997699383e-10,True,figarch,figarch,10796.677128333826,10784.177757003754,10791.84764618567,10778.62571538073,7.602684677936184,7.410008139134798,11.399252473452991,6,11.826131063410587,43.98967844458093,False
GXC,Intl Equity,4839,0.3437977868889155,0.0995324039585432,1.4048975123019285,19.565929191601757,9.718699759577908e-06,True,4,0.8049832824297893,0.353573671625817,0.029123581912545,25.34165191318243,2.401130964166145e-07,True,figarch,figarch,8743.690638233551,8732.555690536547,8741.082718466461,8724.703122692794,7.134092937190794,6.718994857105131,11.360035884198906,5,11.781543919472991,43.32749040157432,False
INDA,Intl Equity,3612,0.1650469304893239,0.0967866369769326,5.119125920769887,37.22544247290716,1.052318463373878e-09,True,3,0.7769412412528289,-0.0408510790360276,0.0101995317728345,4.490411232877705,0.0170427386840947,True,searche,figarch,4303.201737700699,4274.095991480749,4276.989052396568,4279.851445509422,4.580431772888203,4.279402125632584,4.510969003622971,2,4.517148608599684,44.4192883274518,False
KSA,Intl Equity,2702,0.5745833604924305,0.2650897334266465,0.7412444342277056,2.372544849049973,0.1234856019856647,False,4,0.610439115410862,0.5862288730695331,0.113022164540899,25.036456514611928,2.8128256174878386e-07,True,geometric,searche,2772.6620216282463,2778.0933200827358,2779.152684885701,2788.2689445883584,4.840240817700733,4.825231462555793,5.880712279594043,4,7.567604329132152,16.387570779563248,False
KWEB,Intl Equity,3238,0.2493418219766996,0.1051357960442165,2.2104195469652628,20.701890153535714,5.366300385253331e-06,True,3,0.843508487239695,0.216091077970444,0.0110544731902505,5.681171241087213,0.0085739584865309,True,figarch,figarch,7441.509774680566,7428.809574505129,7433.137133787531,7420.018311813172,7.877144937869081,7.153926410081114,14.223793296565493,6,14.507399787951591,44.34523638513383,False
MCHI,Intl Equity,3825,0.2464464969272372,0.1156518155303252,2.555850720528112,22.241761069931272,2.403880442782361e-06,True,3,0.7818056141278258,0.13979887537688,0.0144373758177522,6.388797313829855,0.0057421406386904,True,figarch,figarch,6517.1353388745165,6503.074738662609,6507.500706620815,6499.3140431757965,6.12679316616079,5.601042867735944,8.924894819075625,5,9.363999051580372,40.2683470539414,False
NORW,Intl Equity,4232,0.2524939069092282,0.1398318876785368,2.4834948444617035,19.884589354057425,8.226076410559069e-06,True,3,0.7764781781156309,0.1366961861171145,0.0159057125508646,7.3483325234501535,0.003356249302493,True,searche,figarch,5481.56431412447,5469.968761868691,5476.738643199932,5471.738345410736,6.04906229078197,5.4157428250158,7.031618482577279,4,7.569303444339863,58.07309554834865,False
QAT,Intl Equity,3050,0.9459258590668744,0.6148221132153143,0.0992634336762622,0.0450155661251301,0.8319754083203276,False,9,0.6588569626710828,0.9914572260386444,0.08051527297086,30.07461113190857,2.0786931398011545e-08,True,geometric,geometric,3327.355849061189,3335.247493650289,3335.2907924863957,3348.24929481624,12.478157364499497,12.69755228904513,15.166239579903936,4,15.886804661437983,24.97029226943323,False
RSX,Intl Equity,4386,3.0,1.517294173250287,0.000635841715791038,45.22807246860157,1.7537313989641222e-11,True,11,1.0112753856459944,0.9560931742805145,0.08764508720267915,629.5343416276364,3.1554974685479396e-139,True,searche,searche,5067.542469219564,5030.641397491205,5075.622663632751,5084.19664406032,9.890930771804516,10.91470770618821,11.631860542871056,8,8.615273768847628,468.26525474276514,True
THD,Intl Equity,4582,0.3364680545914095,0.141199833273539,1.3806187319929308,21.132414163363137,4.286164645921397e-06,True,4,0.8597114081446454,0.4862328274722602,0.0367055625770267,26.359515256046507,1.4170959924139448e-07,True,searche,figarch,6505.10763091356,6492.348539571193,6499.962170530017,6495.269601741994,7.843125028297225,7.861545149572463,11.168161890028957,6,11.989656460701628,35.69932030763721,False
TUR,Intl Equity,4584,0.1430967357156134,0.1532252982588086,5.848732968418706,28.52740496797924,9.238161359261481e-08,True,3,0.684955068445696,-0.0106730953390515,0.0080506496910066,3.3027190733228053,0.0345826523093498,True,searche,searche,10463.498096973426,10443.344476613567,10444.80703239846,10453.313402835502,5.045143716011677,4.7176355888170685,5.154980687714427,3,5.180974591272356,43.08638497397624,False
UAE,Intl Equity,3050,0.0251692467170315,0.0993926452663904,51.57327811358821,28.73499112242689,8.299060401580665e-08,True,2,0.7163935729580442,-0.3559822112121228,0.0004326893030538,0.0052622588136728,0.4710855186557136,False,searche,searche,3658.670504849855,3637.872173882653,3637.992190917681,3644.619312724573,3.051178479719873,2.998082691788556,3.2635750440472746,2,3.1664982962509387,32.200013634149855,False
VEA,Intl Equity,4753,0.3419820781037244,0.0914800996500011,1.4653401474285852,31.13668573224095,2.4048318325975905e-08,True,4,0.8916556153579438,0.3257039759575762,0.0298502963049715,36.54543290538004,7.457450680305986e-10,True,figarch,figarch,4930.117895967557,4907.39326510861,4920.570304368584,4901.284769226897,6.728989700509941,6.289269523959219,9.014848102343109,5,8.925447948067474,64.83138019291255,False
VWO,Intl Equity,5351,0.3295946636394555,0.0705845039565533,1.4474397345246874,33.68193911874823,6.490046878779942e-09,True,4,0.8056803676609958,0.3366828823659932,0.0237723374760383,38.14783968918528,3.2791155416400935e-10,True,figarch,figarch,7748.102609823031,7722.957470425338,7736.043601251723,7711.667513635094,7.659466010242502,7.089083073346195,13.459344213519168,9,13.076867757263567,63.68007261396633,False
ARE,Real Estate,6654,0.4359893763267895,0.097636322984766,0.7626751488240723,23.879447089602763,1.0256092314872524e-06,True,5,0.8922277857051871,0.4783694130729936,0.0276526896412674,70.74529696652644,2.0322613154705396e-17,True,searche,searche,11680.50746591489,11665.392384545818,11669.917159496164,11691.41510704007,9.853197931509516,9.003545069256761,10.439978014914873,5,11.257109009644577,32.30125230018348,False
CCI,Real Estate,6654,0.3100687312749196,0.0831016411721925,1.5055497255438393,41.025810125736825,1.5023210078907235e-10,True,4,0.8949364426193906,0.3146143862586141,0.0169068211370263,29.140339328714617,3.3660293440882246e-08,True,searche,figarch,13808.151073378336,13775.88962897313,13783.33229325544,13778.30800373136,8.569799831205374,7.76694787637772,12.044184077648003,4,12.370940040632115,72.68118622256225,False
EXR,Real Estate,5494,0.2829796188065556,0.0895110444798604,1.8334483796863597,39.14381253340071,3.9370901510167325e-10,True,4,0.8249498194901113,0.2863301941334863,0.0170191164231642,25.74201780574549,1.951188363266593e-07,True,searche,searche,10498.276173486694,10467.696819337176,10468.671052328842,10481.301298763876,7.77567895811023,7.264168076035229,8.683034198458984,4,9.110359147225038,49.191556875115566,False
INVH,Real Estate,2356,0.1077126414663666,0.1225332817623329,9.36036266446245,37.348493600114125,9.879716250125896e-10,True,2,0.7612676828100681,-0.1394962786186507,0.0077304652288294,2.027291610809698,0.0772478576811204,False,searche,searche,3587.552093424403,3557.855195398147,3558.3134085864936,3564.641218447709,3.898274753839819,3.755312575777058,4.089790293600628,3,4.284729921724324,43.2417928752684,False
MAA,Real Estate,6654,0.2607008411930052,0.0595844242941997,2.429152167640029,62.55212048904104,2.5948576068457706e-15,True,3,0.790634947384696,0.1719837906191336,0.0193560518614184,39.65789759591826,1.5128932319891683e-10,True,tfarch,tfarch,10206.369704451556,10152.581949683045,10152.352261320664,10171.909678072392,5.7730428439053165,5.470849386300206,5.357708594038956,3,5.808118352197555,69.26457545827179,False
SBAC,Real Estate,6654,0.3150127596145565,0.0996462864378185,1.410165951313171,54.84410659511195,1.3047943761509374e-13,True,4,0.9449226340602656,0.3334720852865719,0.0160597889484908,38.98706481725094,2.1331147342656508e-10,True,searche,searche,15791.92375758485,15745.844016710267,15751.20441723248,15755.94521857082,9.231920961039297,8.285998381066264,9.123513746262269,4,10.188672353315168,63.998698394212624,False
VICI,Real Estate,2125,0.0914782020266902,0.0795448377474515,11.11670189848166,36.39172910242223,1.6138661978263641e-09,True,2,0.6826068406904593,-0.1719676481380806,0.003942473247751,1.0807926889274313,0.1492601468771402,False,searche,searche,3124.016598579115,3095.160166179137,3096.075201690195,3102.49158970822,4.045498650704952,3.797569716114269,4.201103601071684,3,4.237696149933351,39.17643577761192,False
VTR,Real Estate,6654,0.2873402060029425,0.0714425550233907,2.121849355400796,35.9083163622945,2.068240436235269e-09,True,3,0.6155138554827231,0.1378735473604209,0.0182579404623366,41.62551971973153,5.5270446504649966e-11,True,searche,searche,13220.699194819845,13193.55524417808,13196.190672347238,13201.5876741459,5.6715824671126285,5.21553545995647,6.859466729152175,4,6.800272098837604,59.60751078566136,False
WELL,Real Estate,6654,0.2639154252021551,0.0736927215403479,2.392419724577901,45.27939083199453,1.7083743122260723e-11,True,3,0.7831409675634929,0.1523986532850773,0.0184321687797786,32.00662607188133,7.682380248413934e-09,True,searche,searche,11181.57159004324,11145.056564931776,11148.47035558243,11156.1675937183,5.743030277195126,5.34766035658284,6.080769784171449,4,6.174072835097935,48.32872548569685,False
XLB,Sector ETF,6654,0.2589094041825617,0.0615334526653075,2.140445939929801,58.489132410803,2.0441698182733996e-14,True,3,0.8311103027699503,0.2301613113300184,0.0146016487217512,22.758520538605808,9.184394661963808e-07,True,figarch,figarch,9039.059676972149,8989.334910281876,9000.628941953524,8985.518057449985,7.504065745115132,6.76496604920166,9.978844092894398,6,10.064904833325045,76.02836305360324,False
XLC,Sector ETF,2009,2.3297789691031743,1.7403986697496612,0.0056167251837040836,2.4715228650738936,0.11592555801630329,False,8,0.8262228337478149,0.09171519240789376,0.009687786876127117,4.125610741224136,0.021119385841097595,True,figarch,figarch,2412.396513211004,2417.396353434117,2420.0469166185558,2396.8053913841172,7.736250061230305,5.607043092656416,12.659842127955802,9,12.587122744321036,47.00575557712091,False
XLE,Sector ETF,6654,0.4356478127382712,0.1243781230307916,0.804113388470515,18.18355164616878,2.0060388749988405e-05,True,5,0.8445747779948314,0.5568710749663511,0.0389222689114164,58.64630698433757,9.436101253710396e-15,True,searche,searche,11533.688142307026,11524.268956381387,11529.090929156482,11536.489634191435,9.05400130672147,8.820164379375866,9.784979561307953,6,10.49021975978232,28.723989302165137,False
XLF,Sector ETF,6654,0.2503896868805742,0.0539401554440381,2.532330104476891,67.80339762072799,1.8063794982607886e-16,True,3,0.8602036003159191,0.1108292724143402,0.0136195206473515,32.517167554802654,5.9072132138339105e-09,True,figarch,figarch,8973.789695354435,8914.750663454237,8931.240274030344,8900.796271732503,5.966276136438891,5.3670271073674405,8.232433746662181,5,8.269701316627875,93.6559451285757,False
XLI,Sector ETF,6654,0.4009997247920873,0.0786579611152197,1.0040575719328844,36.82895851542344,1.2896042285733384e-09,True,4,0.8027775384007141,0.4581286955790534,0.0350303328313166,67.85004639491854,8.820721526845891e-17,True,searche,searche,7366.044221343025,7337.979628548132,7348.338459847567,7346.967883841834,8.063764543205561,7.605583716797722,9.784444986560668,5,10.267789494829035,52.40872177326219,False
XLK,Sector ETF,6654,0.2881409824467317,0.0627423571020664,1.8386982454945784,54.39658715474798,1.638471797353425e-13,True,4,0.8616900264327885,0.2227279715023225,0.0151695634833191,38.691034751060215,2.482421230746348e-10,True,figarch,figarch,9217.742218189824,9172.109996755606,9189.261904270075,9161.683224046405,7.328517103040032,6.571595402757872,10.258243424485991,6,10.61285542524174,85.98362415898009,False
XLP,Sector ETF,6654,0.4238026029985152,0.0966645334559444,0.999926196544197,24.79484818548599,6.376767540924729e-07,True,4,0.7926418507448744,0.4260039431054521,0.0418669951342417,63.027825041966025,1.0190350442136563e-15,True,searche,searche,3181.065127589346,3165.03464512439,3171.4984006757004,3179.44176352716,6.912145981761312,6.51351603156557,7.904794810753752,4,8.159562396319567,34.377525496457565,False
XLRE,Sector ETF,2687,0.3444192945771563,0.1102975508150603,1.4615889709901004,15.983702165031444,6.389013687793668e-05,True,4,0.7807177950088444,0.3022941796038043,0.0282075703983683,18.631898832342813,7.92727084835232e-06,True,searche,searche,2751.7533650910464,2743.567364961532,2744.104488635623,2755.5490701357403,6.623894568011072,6.152618087533253,6.309944354751813,4,6.827785616211013,17.98721841107499,False
XLU,Sector ETF,6654,0.3214697463086672,0.0697700371174191,1.6681864727203746,43.387946913012456,4.489449860227784e-11,True,3,0.7653734873350184,0.2628951954043215,0.0254354018831649,44.82234914451692,1.0787304348187504e-11,True,searche,searche,6307.979439967959,6273.355858775476,6274.104205720954,6296.42097936944,6.386097778922496,5.93631641810524,5.994399082227544,3,6.558917069016195,45.62889732651729,False
XLV,Sector ETF,6654,0.4223263230240449,0.1291798412915415,0.9855354423050232,21.108410402838672,4.34019051617288e-06,True,4,0.7375299678640455,0.4955811158700072,0.0479543900806429,51.031190655568935,4.5454931920569243e-13,True,figarch,figarch,5406.705914420181,5394.361869737872,5406.508811757747,5379.789252062673,7.1437492341004845,6.911816089960617,10.228424694782053,8,10.421094702596884,47.99777933615224,False
XLY,Sector ETF,6654,0.3522765633982547,0.0834360468917441,1.283213324797105,26.015159693362875,3.387469509059091e-07,True,4,0.8673675825058021,0.4465931387066966,0.034583159267402,48.12454129091566,1.9999437731796528e-12,True,figarch,figarch,7987.625204896079,7970.374410923246,7991.144750639985,7951.94995377389,7.7893575211427555,7.477030584539632,11.270534219361853,9,11.694717714575528,61.215573837592274,False
ARKK,Thematic ETF,2922,0.2294564139543648,0.0892412679669216,2.5156986059362216,20.79097935543541,5.1223666045044766e-06,True,3,0.9033780487798068,0.1484643655346259,0.0072114940716543,3.153369642993312,0.0378851722516729,True,figarch,figarch,6779.136414402965,6766.235268798924,6773.45667119023,6757.470982361304,7.774009417279103,6.810141782107662,12.575187573860772,8,12.420203340149955,42.96497032165189,False
KRE,Thematic ETF,5027,0.2937784414182207,0.0787463561667171,1.7078073146564725,34.552932604294256,4.148161214022474e-09,True,4,0.9055115253280506,0.2695628348492471,0.0159039862674578,26.533993461527643,1.2947065266122618e-07,True,figarch,figarch,10076.216289697924,10050.134506346543,10057.853236251722,10046.371277520788,7.956569821485167,7.172651614678532,12.708336796404907,6,12.655214688008808,50.0568533612477,False
SOXX,Thematic ETF,6268,0.3711310315760888,0.1183661572816971,1.0408558010645177,14.291819864531137,0.000156543687719,True,4,0.8695860161387469,0.6939157724878654,0.0497582947272455,31.079458024236374,1.2383936423301464e-08,True,figarch,figarch,12852.421822658434,12846.832180659532,12857.79613910362,12835.922599866575,9.619685219724408,10.070262376418391,16.28389242030952,8,16.025260420358507,44.52821785392735,False
XBI,Thematic ETF,5122,0.391286112538185,0.1381016334299319,1.0098232687479114,12.781575426728525,0.0003500500010382,True,4,0.7810403276253368,0.5443391439742027,0.0406129956381105,26.200444044960022,1.5387587750410417e-07,True,figarch,figarch,10556.542715309415,10552.251989098764,10558.748856184178,10550.967902162069,8.601725019330406,8.375527101814344,12.539705742890066,7,12.568967123806171,23.800263377521333,False
DIA,US Index,6654,0.4000833504303662,0.0832863687990731,1.1943855113516433,47.16584384878115,6.522725447287129e-12,True,4,0.8206377421850679,0.3952178893253625,0.0460835011990328,85.46732811044785,1.1778088359544371e-20,True,figarch,figarch,4702.305354030071,4663.903875901819,4684.83059703662,4642.221656454577,6.113176547602254,5.871052020044679,8.950497515625328,6,9.204291800743285,91.67123195729891,False
DVY,US Index,5686,0.3300769577571349,0.0682155132647781,1.6236893695473795,42.29560972129184,7.846851097603345e-11,True,3,0.8409681618282248,0.2997722382657053,0.0315595362718027,51.24615553316835,4.0740074924412064e-13,True,searche,figarch,3902.582471790169,3868.887292858864,3878.960463223481,3872.404256063298,6.2192582500967815,5.846309535431882,7.371665208204365,4,7.688487133564854,61.82139559007464,False
IJH,US Index,6552,0.3541882834938211,0.0867298739345655,1.3173676307710551,30.8971146146323,2.7207598893853106e-08,True,4,0.784113504164402,0.4738634323391384,0.0412721345668485,47.95919509546548,2.175911971378745e-12,True,figarch,figarch,7293.880896529125,7271.732086826873,7288.843935939994,7252.233028307032,7.320050441376705,7.195818042814972,10.682233421805678,8,10.952533777249998,66.51395601161494,False
IJR,US Index,6552,0.3753354187700715,0.0934915295932766,1.0892302430981966,20.01129241912531,7.698617934490091e-06,True,4,0.7841775646139693,0.5703740149973788,0.0452082655790594,47.043662115132975,3.4711394641529857e-12,True,figarch,figarch,8866.563893869683,8855.300906362936,8868.706996341029,8839.562245277684,8.57333228638082,8.286403019014376,14.127219251250956,10,14.687479655930332,50.45072882012755,False
IVV,US Index,6557,0.3380250214248686,0.0833511088434937,1.5912090695987262,57.95305986681888,2.684476567808265e-14,True,3,0.8137773911466167,0.2821089340878246,0.0317823109341158,54.80039971251608,6.670681777671699e-14,True,figarch,figarch,5222.205447398085,5173.001485779666,5200.445169176285,5132.807155921866,6.03040963033443,5.64139606651424,10.042743740843726,7,10.098875227879809,115.13309229799596,False
IWB,US Index,6557,0.3299164300096506,0.0771066770510567,1.6417652323748104,60.41547236946735,7.680686649173821e-15,True,3,0.8223867210418234,0.2581356880691068,0.0283562474217754,52.09566592271403,2.643073741323486e-13,True,figarch,figarch,5276.400338690774,5224.733964569707,5251.945435008362,5187.428546084515,6.109236149749574,5.642977996622219,9.865164129608964,7,9.895900671049798,114.66114325681974,False
IWM,US Index,6552,0.3697709565848527,0.0927870216626344,1.145149560820622,21.258646493182823,4.012960707391225e-06,True,4,0.7862776587999744,0.5545994038466671,0.0452076654888641,43.49081982200914,2.1297648194669703e-11,True,figarch,figarch,9337.136147886564,9324.62580630576,9338.993422636846,9306.67239112112,8.222101529141893,8.025408126252255,13.611781983689925,9,14.122417258638716,56.53347458342796,False
IWN,US Index,6509,0.3082792278451678,0.068651672223613,1.6100677962142964,32.81666175842838,1.0127307417382842e-08,True,4,0.8300341980495273,0.3093866471981287,0.0212328562230945,30.487905704179862,1.6797719659541836e-08,True,figarch,figarch,8950.301117811294,8926.225912168864,8941.828107824122,8912.634422292513,7.69149079578734,7.008933333022026,11.65835704795731,8,12.06956014149549,63.48358759107032,False
MDY,US Index,6654,0.3430514012728876,0.0755869088577648,1.4000064679158355,35.58177463859283,2.4456502567864013e-09,True,4,0.7936536407407112,0.4154347388591729,0.0352105770310196,47.71869784045521,2.4598849785817464e-12,True,figarch,figarch,7576.610108708334,7549.792699790271,7567.618170553746,7533.052089377252,7.223674301277586,6.9575293943286685,10.355587909818896,8,10.730291359457802,67.96153449549547,False
QQQ,US Index,6654,0.3123368379460445,0.0687189177715414,1.611448568878662,42.02760274460343,8.999406935574485e-11,True,4,0.8313041992054098,0.2475540280338892,0.0178927331775904,35.95475009241818,1.0097672004180342e-09,True,figarch,figarch,9109.82563793134,9076.562400907264,9098.104283717512,9053.29667018959,7.386545573027748,6.551613505319258,11.407316919889311,8,11.591485277614703,83.79562216779232,False
RSP,US Index,5819,0.3468035642645535,0.0841887627298454,1.4599588232923182,37.08246593181048,1.13237399384943e-09,True,4,0.8108773575395093,0.3668381213431881,0.0365380939333019,51.4974746322896,3.5844628013306745e-13,True,figarch,figarch,4899.901180795281,4871.443326451654,4887.52761195324,4862.8363195323445,6.508590801454814,6.22142511438706,8.24619000221904,5,8.563711464516972,68.71827911844775,False
SCHD,US Index,3684,0.1532005916645826,0.0843063540699872,5.835952906213923,37.09951047051527,1.1225189910589595e-09,True,3,0.8264672156260032,-0.1369064557562177,0.0060251728534712,2.221277562966179,0.0680601896872437,False,figarch,figarch,1753.6404112948987,1724.6817992849913,1730.3621426882564,1722.5969685878893,4.262766849668036,3.883617984876409,5.235256844576987,4,5.321567071863727,49.97701386376866,False
SPY,US Index,6654,0.3420654028930659,0.0839628397132642,1.5576932870388356,56.21426205947773,6.498841372685453e-14,True,3,0.818518645747985,0.3012215322886349,0.0337438882814945,56.80218663074447,2.409651056636213e-14,True,figarch,figarch,5404.20406608846,5356.754169749513,5384.708577827974,5316.965900671542,6.05289050938955,5.701666914989481,9.960502904942814,7,10.109811882919876,116.23318002389988,False
VOO,US Index,3966,0.2434425088175362,0.100310019050437,3.079338515967912,47.80730046714507,4.702377520648987e-12,True,3,0.7925972284460352,-0.009064639145465,0.0182277832851099,13.375424502250098,0.0001274714594276,True,figarch,figarch,2464.068123777692,2424.48068805246,2441.0271958679664,2403.2895181064264,4.484045681086172,4.025733465766643,6.4024999558579765,5,6.425754446198805,81.87758488346208,False
VTI,US Index,6287,0.3346305143433664,0.0820921569691581,1.6192600481061636,53.97984641604853,2.0255662976311485e-13,True,3,0.8132992613035294,0.2713265380710183,0.0308033485449275,52.310660074880616,2.368977664078203e-13,True,figarch,figarch,5071.425808988016,5026.151293705499,5051.726013741679,4992.071956759539,6.016870303320997,5.599793646710627,9.53240493200253,7,9.6384111839393,104.58287719545932,False
VTV,US Index,5630,0.3282478416898201,0.0934572617879703,1.7462146612418097,32.63312859363259,1.1130136458754311e-08,True,3,0.7979505179524264,0.341991119296335,0.0441597809305503,42.70255442168855,3.18645069120165e-11,True,figarch,figarch,3859.879259942792,3835.836203185988,3852.7979441054913,3820.9765864938513,5.572886298188012,5.45662777175527,7.583631732527981,5,7.675958011611109,71.37046333776107,False
VUG,US Index,5630,0.2809289340097678,0.0680623296720642,2.1496834892596515,61.04265096030304,5.585161823322209e-15,True,3,0.8379752596572354,0.1148029300442864,0.0163450993427799,31.3246797734937,1.0914352259898748e-08,True,figarch,figarch,5440.378133044138,5387.925553920663,5413.191422926186,5350.912071669916,5.891264577105998,5.150178599055154,9.809999516073,7,9.766658406368308,117.89597696014972,False
VYM,US Index,4924,0.3232245997526434,0.0904796144968954,1.784877751669159,30.21986520746668,3.8573822232654766e-08,True,3,0.8176887860100848,0.3147585477893716,0.04056239279209,39.43898226327701,1.6923604441515158e-10,True,figarch,figarch,3153.142976450667,3131.372453767708,3144.9852054557373,3122.877526907739,5.594297007942821,5.403544761599269,7.148252167088568,5,7.279879748777043,55.06674408125855,False
A,US Stock,6654,0.2949265117855814,0.1067407539055843,1.43713260469585,44.208469650551706,2.952012678183514e-11,True,4,0.8434808730535519,0.3396808679213777,0.0118494310038502,22.56007551537914,1.0183676304571693e-06,True,figarch,figarch,14910.26129134516,14874.817187415138,14884.343034066576,14872.95138371143,10.971026622998972,9.480395975258247,19.078572713362888,9,18.36596351015345,56.24339749983483,False
AAL,US Stock,5212,0.3666148521381898,0.1136989096109018,0.8401556070126941,24.26636653569585,8.389120133935881e-07,True,6,0.881010203224356,0.4764381303710725,0.013276870819026,27.445383188285632,8.079709034612675e-08,True,searche,figarch,16601.216266351898,16585.45906083592,16586.452244831027,16589.741172508668,14.753754605542504,13.060121768454051,15.918667971065632,2,15.639133263648548,53.01841692829476,False
AAPL,US Stock,6654,0.225309900927294,0.0802012481255542,2.699281737467051,56.7949068259295,4.837175782865232e-14,True,3,0.8693465264327332,0.1625048749379748,0.0105960096229637,14.750703775478542,6.135085892626437e-05,True,searche,figarch,14999.187568032505,14951.157026927103,14958.09754930529,14953.681603423827,7.108176238835484,6.402013521291066,7.984451100550085,5,8.182524427236912,69.36588401628978,False
ABBV,US Stock,3384,0.4625792814495351,0.4963394578934583,1.2456882064282424,1.4538846642981298,0.2279056466860315,False,3,0.4871471622836287,0.2912531471980412,0.0798434271172517,6.101151371522974,0.0067546917168045,True,geometric,geometric,6097.636141190641,6104.231683583454,6104.495793146954,6111.401943972263,4.043704884739881,3.887931675404781,4.038819795847659,3,4.641001901249936,46.75008845676348,False
ABT,US Stock,6654,0.3536769705420839,0.1481246127275435,1.0451796968498246,33.19455028777884,8.338389732531212e-09,True,5,0.7425259475779971,0.4051162344830645,0.0162856814199206,29.08718746001614,3.4596538939954785e-08,True,searche,searche,10220.167963452195,10195.737778884948,10198.742029931764,10203.58131513924,11.146729802710372,9.8160101936653,10.308859399135589,4,10.627113014235238,43.158159913671625,False
ACN,US Stock,6264,0.1551533074515943,0.1038880931241769,4.7117057450324,65.75915117017212,5.095343233793692e-16,True,3,0.8447595689661772,0.0484690718011231,0.0051610108671339,3.679068676810857,0.0275498095585504,True,figarch,figarch,11542.792951206844,11485.735312787545,11491.90933792155,11479.570891005213,6.415805863701631,5.7400890354777765,8.322500722884213,6,7.979183780028241,92.47661560309643,False
ADBE,US Stock,6654,0.2450299753742421,0.1244156816817919,2.1548646511540146,66.29253325744685,3.887284228983879e-16,True,4,0.8178947008526847,0.2766431152068865,0.0112957579877752,18.79885828469378,7.262702566625538e-06,True,figarch,figarch,16221.612442851549,16164.084275314632,16166.153968158997,16155.416875582565,8.741221455871205,8.22165497236356,15.26467485504402,7,11.36153976159981,262.9675672773101,False
ADI,US Stock,6654,0.5372202612146988,0.4976432885488798,0.3779920814996334,1.1779949054853205,0.2777645712478748,False,7,0.8081596073789622,1.093956177295888,0.0654247845285195,47.92012487206193,2.219706594675821e-12,True,figarch,figarch,15187.105707957362,15194.692078772408,15195.460187395518,15182.884097076583,15.075618029150638,19.66416525908024,27.2401745073718,19,32.86588133114375,36.42342984210154,False
ADP,US Stock,6654,0.359751714466237,0.1699631075240829,1.0829070697240768,31.75582531222608,1.7482411647505875e-08,True,4,0.7727004361313472,0.3818369007476599,0.0187716802383056,27.22420007292021,9.05883359988948e-08,True,figarch,figarch,10065.779989339417,10042.78852974772,10054.732826173136,10036.5268055061,9.890996488536688,8.698950391096608,16.196254337965392,11,17.880224055305863,47.90510671067205,False
AEE,US Stock,6654,0.175608277248169,0.0598898382826343,4.292929534265926,96.89059979673856,7.326569341142236e-23,True,3,0.7999224300005487,0.0701693066449415,0.0108171000321106,15.684324032306904,3.7420947224805175e-05,True,tfarch,tfarch,8181.026538659199,8092.90030458299,8092.836106445693,8101.785842288998,5.55007009142272,5.230215485350628,6.059786001392464,3,5.7458715744906,123.50687277487305,False
AEP,US Stock,6654,0.2734218702500558,0.0603309896253277,2.2450903066778523,53.29228057197543,2.874338384967687e-13,True,3,0.7281434551959606,0.1626278412106253,0.0189570193077413,34.415496260135114,2.2258241060574942e-09,True,searche,searche,8745.674272953755,8701.146358102309,8701.362988405283,8721.608836587955,5.861307974776398,5.407712400043479,5.764190071674192,3,5.976934140663436,60.319656575402405,False
AFL,US Stock,6654,0.1936787832038328,0.0774441177395686,3.801893573195098,94.72676679255164,2.1856372058885306e-22,True,3,0.8066719411311685,0.0672970828354884,0.0116485062616021,20.855214317609352,2.476709616180085e-06,True,tfarch,tfarch,11591.016106741668,11505.053705669645,11504.52013017206,11518.90312890112,5.448126968134715,5.113319273413541,5.247528064442903,3,5.340212996101518,107.8571519021607,False
AIG,US Stock,6654,0.126637486365703,0.072223336052785,6.612287003934433,105.3166602136862,1.04097240887614e-24,True,3,0.9015922547397324,-0.017789437562258,0.0052735888109822,6.051830472366419,0.0069459441245179,True,searche,searche,14147.63592800024,14051.083633507084,14055.7629752172,14058.536340042952,5.365184292359135,4.956858650049232,5.748247090158301,3,5.8501213042259925,115.70162868982516,False
AIZ,US Stock,5626,0.1870099474220664,0.0831129664186894,3.79180882923423,75.29354056261582,4.056846945148079e-18,True,3,0.6721039390789437,0.0885820305734809,0.0097674315949132,12.929797584914922,0.0001616963751706,True,figarch,figarch,10327.23507097665,10260.53085820321,10262.451667322466,10254.613513271011,6.028569438021641,5.559677370119037,8.016544619065348,4,8.439169120576768,116.8377964201336,False
AJG,US Stock,6654,0.0027878598370486,0.0003860276327233,423.0632776989416,180.9092128340872,3.06835053256118e-41,True,2,0.8761811758429848,-0.1576944508879114,0.0012928164634854,0.3660265375565359,0.2725890761925205,False,tfarch,figarch,10036.845723099706,9864.70087598615,9864.271858091875,9870.214028411414,4.053083722551221,4.134758423526857,3.6854331869264207,2,3.626344033360983,231.764233504995,False
AKAM,US Stock,6654,0.0008892614476188,0.0004567270929555,947.852281542062,112.17337433103604,3.273915793638144e-26,True,3,0.8732955386589101,0.1546252289880842,1.1822854978189598e-08,0.0,0.5,False,figarch,figarch,19882.282037767654,19778.873029157152,19778.605545744347,19669.715140642835,9.337744616498275,9.31001098925342,3.928311137298943,2,5.610964933615803,496.01754883998,False
ALB,US Stock,6654,0.0970778461198506,0.0701262700490603,7.951482353153858,99.23509667954932,2.242377246602101e-23,True,3,0.8887459126714391,0.0959756753986603,0.0031216393390328,1.5782301858744177,0.1045079026027345,False,figarch,figarch,16811.170138844882,16720.699407885862,16722.63426954419,16714.716445781633,7.302179624328917,6.881107835173165,10.052635806750557,5,9.889248525762492,125.42448548264656,False
ALGN,US Stock,6382,0.02,0.010071813369557122,56.32085120609259,39.040354808748816,4.1513503279730006e-10,True,2,0.7618747849981335,-0.16766040095053952,3.939822545499146e-09,0.0,0.5,False,figarch,figarch,20722.15535249518,20691.835947715364,20686.32472965026,20662.813913155824,4.211854952576954,4.19430297273174,3.685749400508825,3,9.447003927965065,611.6497387159761,False
ALL,US Stock,6654,0.3168014184313554,0.0851546957099317,1.5509119511113036,56.96706009167247,4.431730673800347e-14,True,4,0.8046092508865911,0.2828556175225974,0.0189722174418757,45.047713199764985,9.61458400238317e-12,True,searche,searche,10682.741015751344,10634.538321380202,10637.151992642195,10644.9282794603,7.598426918329026,6.917858554567077,9.189482128924723,5,9.790901807980712,145.4238222211752,False
AMAT,US Stock,6654,0.3055701727373858,0.1031015966247007,1.2674127683371856,28.758312174784805,8.199723382125269e-08,True,5,0.8186854936857959,0.3956257097138496,0.011641851211303,12.734919359259948,0.0001794456496167,True,searche,figarch,17271.052257719995,17251.05831126574,17258.06780900332,17251.475666293507,12.489304013568864,11.075673701353017,18.372671535207825,8,18.46717353170568,43.99503323352474,False
AMC,US Stock,3141,0.2559773303181781,0.0258144818673133,2.485161070517578,21.14685369533981,4.253990849630369e-06,True,3,1.0041919567260795,0.1116491989854988,0.016660745926408,8.56171001097755,0.0017165340319685,True,searche,searche,11523.654262496502,11510.476074501628,11520.557706460164,11517.732755909869,5.8166540667977245,5.092369468833517,7.095108175698185,4,9.45042375802143,106.93535365064965,False
AMD,US Stock,6654,0.1226176007456472,0.1095959858941761,5.636125602691574,53.52901687501435,2.548014201906781e-13,True,3,0.7877203626046085,0.2102620506525939,0.0060844797200695,4.545699598893407,0.0165007667928385,True,tfarch,figarch,22910.567529693668,22865.802878539183,22865.063459713736,22868.90835384695,8.382894837021363,8.260275956323891,10.527154781674588,6,7.499842556549309,143.82656796541414,False
AME,US Stock,6654,0.3009832916806172,0.1198380767883503,1.679577285269921,38.77867232952485,4.746861025768493e-10,True,4,0.7716369466097459,0.279457464572664,0.0184833551450436,27.878992331672634,6.457217234139985e-08,True,searche,figarch,11504.219692694984,11474.205386085989,11480.496612551777,11475.423667476713,7.635063034765812,6.935275736259724,10.225223241738789,6,10.05157021776018,50.43768353197083,False
AMGN,US Stock,6654,0.1682904103391234,0.1184021554732387,4.033850430730013,38.80888738762951,4.67394977643306e-10,True,3,0.6952281833030375,0.1081180564500775,0.005570918732557,3.260413742875244,0.0354856086634427,True,figarch,figarch,12608.60998211088,12578.56546044378,12583.106115621096,12575.01527455849,7.127593327400327,6.5108703915393225,9.062638944268326,4,8.654002452698176,79.63869228204203,False
AMT,US Stock,6654,0.3480244725317965,0.089223471719374,1.2170214609309933,37.68727208075143,8.304464992935662e-10,True,4,0.8872090527123537,0.3868225872462043,0.0215815800371831,41.68251786714063,5.368236594772864e-11,True,searche,figarch,13621.627932474768,13592.705026114549,13602.638629157653,13594.83051395091,8.886670417896058,8.262779268855944,10.701791874369004,7,10.876617393943109,49.61328637922088,False
AMZN,US Stock,6654,0.0009779968058888,0.000240418631169,882.0419574587019,210.82318304442376,9.083897658431064e-48,True,3,0.8966170016773833,0.1348552218766783,9.622935163659943e-10,0.0,0.5,False,tfarch,tfarch,17860.22425654037,17658.165439216475,17657.92276426982,17681.49331681137,8.808493070164955,8.786655881594701,6.721857484399168,3,9.7448895588686,386.1258149977766,False
ANET,US Stock,3025,3.0,2.6727073768488734,0.005585140634394828,10.212251879092946,0.0013951072205879822,True,6,0.29653509471429823,0.05351743567950871,0.01097261854823619,0.8941513868303446,0.1721773977006985,False,searche,searche,8515.007221056821,8512.722654223344,8526.006997593702,8528.608707652123,4.55837868417672,5.04268863489198,4.807000988761573,4,9.196337485192096,85.43304616373462,True
AON,US Stock,6654,0.05448891008958773,0.12363815964664952,17.833791650710793,41.130859148723175,1.423706793189883e-10,True,3,0.7572164341386804,-0.10472401861017676,1.9203847711442347e-08,0.0,0.5,False,figarch,figarch,11519.25116044588,11486.884667017686,11488.756817346712,11451.121713712862,5.148737978081674,4.783379443406433,8.740773558553208,4,10.942164437598679,284.409043099482,False
APA,US Stock,6654,0.2538168766301956,0.1975091031793725,2.0220348322885755,62.639589222246286,2.482135607979355e-15,True,4,0.9287715390187808,0.334768406744394,0.0146181098812446,35.33095080317071,1.3908802479209847e-09,True,tfarch,tfarch,17691.303118083757,17637.42789458204,17627.31658217063,17639.04773576687,8.924566317259528,8.630672815402935,6.210396341923374,2,7.039592135992706,100.86271444951126,False
APD,US Stock,6654,0.0838742836940932,0.077469605557671,10.174481241106388,87.18421214673435,9.88698852979827e-21,True,3,0.74341115328996,0.0449386067838115,0.00382048027248,2.304268516561933,0.0645095029093188,False,searche,figarch,11642.596510251298,11564.176663825094,11564.49592564393,11569.40771002112,6.136494486861175,5.932815628724568,6.832247007012192,3,6.08998439883008,149.2516592046959,False
APH,US Stock,6654,0.6990901367790734,0.3546907990676933,0.2051322157365643,3.0640482130365854,0.0800420239486307,False,9,0.9480760117405715,0.8342496594419947,0.0475581944501459,86.24593979743622,7.944664697942308e-21,True,geometric,searche,13224.78442163963,13230.484739147125,13231.835256732656,13258.86992567202,14.419458519334285,14.298861504285952,15.935529153597846,7,17.209257862463108,22.90179274633556,False
APTV,US Stock,3664,0.203185066348843,0.1116176052731911,2.920698516077457,42.62141498581696,6.642812316667411e-11,True,3,0.7747845851927095,0.1650285713356197,0.0074405594337476,4.596960426342776,0.0160143467183759,True,figarch,figarch,8441.131131715687,8406.644770638482,8410.599131242314,8401.775782853581,8.190267853590885,7.036789726579881,19.386940795296784,5,8.858923163929315,70.41807008747128,False
ATO,US Stock,6654,0.3891688773926864,0.1403151140752774,1.138699244483302,19.747257325935607,8.838844644218677e-06,True,4,0.7054223869722344,0.4424055199403385,0.0400748223614158,34.61429620373201,2.0097174528592834e-09,True,searche,searche,8204.113104603397,8193.130212997992,8193.992588901136,8207.93150719163,7.136759870302364,6.872697739931812,6.915494587974101,4,7.3197928439592115,23.46745417266993,False
AVB,US Stock,6654,0.2275046106315593,0.059214168081041,2.993378114559773,62.381574559314686,2.829582379260928e-15,True,3,0.8474482971493564,0.121930693684133,0.0156373431977139,25.06995972848381,2.7643743264544457e-07,True,searche,searche,10510.784202349309,10457.166993510524,10460.24121482253,10464.944572275204,5.634912338707121,5.285965302267402,5.384852131257984,2,5.4297897176706895,64.71686827509438,False
AVGO,US Stock,4241,0.0283354618418911,0.1384445436597921,36.74240568648576,54.81947282288456,1.3212515695510273e-13,True,2,0.8046423301248311,-0.0582459609626326,0.0026790873679212,0.3178523415317613,0.2864505882644338,False,tfarch,tfarch,10517.772958713802,10471.244781742822,10471.073026050346,10479.095791336793,4.888870587546032,4.878448527291955,5.046993895035837,3,4.641222017058371,77.51285635960812,False
AVY,US Stock,6654,0.050633767491218,0.1018989206989054,16.31712639240967,104.10918642001708,1.9146841523481097e-24,True,3,0.7867661631680722,0.1090942967124055,0.0021807229673624,1.0807494350447089,0.1492649813804342,False,tfarch,tfarch,12460.008648906994,12364.663828207507,12362.910878470728,12373.16631474745,7.708447163830995,7.388579403955537,6.178806567574796,3,7.436283200240743,113.31616442243468,False
AXP,US Stock,6654,0.3206338373325171,0.0931392628457615,1.3746684864083631,44.00451098552003,3.276199451367162e-11,True,4,0.9049693996023526,0.2927803452941463,0.0139358493665379,35.2811296653781,1.4269191765756302e-09,True,figarch,figarch,12891.499750220924,12856.259604955932,12876.57748379331,12832.48135796961,9.16470733647648,7.94218586748561,12.059376780382037,11,12.762690777633818,91.29919925269132,False
AZO,US Stock,6654,0.0015340494190219,0.0001556031419862,685.881881441828,127.34731824337176,1.559482612373135e-29,True,2,0.8272598702043407,-0.0552586862797619,3.105357214008592e-09,0.0,0.5,False,tfarch,tfarch,12050.25330553453,11931.670353011688,11931.554019525249,11940.06211341713,5.349226916824659,5.347205917106571,5.429978912436537,2,5.427687400809219,177.44098547156136,False
BA,US Stock,6654,0.1879462361444638,0.0705388334972194,3.433054876347636,65.43001562714926,6.021476099635107e-16,True,3,0.7769818110477668,0.1364035292602526,0.0074248480180841,8.61077312578891,0.0016709021019495,True,searche,figarch,14117.258473170205,14060.592823263583,14066.843305248807,14065.467772017517,7.317285658315781,6.575766612726787,8.382512450996307,4,8.55461018665959,72.35443802768532,False
BAC,US Stock,6654,0.281958171123022,0.0685278728541785,1.9644199787597016,75.85300761897815,3.0558661386487853e-18,True,3,0.8791644559534046,0.2280664441665562,0.0171296694033353,43.93123950690642,1.700583882819611e-11,True,searche,searche,13639.653777458516,13572.565135560068,13575.74457642228,13584.841926840563,6.892093000520922,6.381623849679459,7.941836405589182,5,8.158369599456838,92.19650735831964,False
BALL,US Stock,6654,0.3042477252423334,0.1056222883823647,1.3560696572255622,46.24588568117724,1.0430534810838536e-11,True,4,0.87526781416539,0.3939541516094547,0.0142018036845202,29.309622713648423,3.0844296041304605e-08,True,searche,figarch,12063.719077590093,12026.237557629443,12027.14724087375,12031.467799226411,11.112465867088966,10.137156965862886,14.658232962153814,5,12.096031858048626,160.91406282677417,False
BAX,US Stock,6654,0.0007090891550292,0.0001412668778541,1625.720076043291,321.2144231931252,7.877258870549437e-72,True,2,0.967044162390592,-0.1550114602441368,6.849800833562469e-09,0.0,0.5,False,figarch,figarch,12206.731506158963,11894.281448686368,11893.964422410028,11830.487468382746,4.30985426231877,4.302625651122941,2.6353116908376486,2,2.635254881618592,424.64033089099394,False
BBY,US Stock,6654,0.4979342748051223,0.2531057202775333,0.5299623611439187,14.412857135768718,0.0001467966281014,True,6,0.6232526420324567,0.6731939630859088,0.0372240898179096,47.54830882031456,2.683251771123057e-12,True,figarch,figarch,18020.100134288776,18014.451642873537,18025.04050688429,17968.98198003516,11.546497509658092,11.78088677573554,58.25075780471747,7,17.54812843568841,229.6452860102654,False
BDX,US Stock,6654,0.0653859164181672,0.236076100299,13.086850303521375,89.64186642329332,2.8541979751998988e-21,True,3,0.7544684216149157,0.0743392471320818,0.0032967750602964,1.5702462954286602,0.1050856246258603,False,tfarch,tfarch,10177.745054450595,10096.867553747834,10096.570074395995,10105.361054687442,6.618386335236504,6.478923398801474,5.698062378466723,2,6.036949075455146,160.5849133124757,False
BEN,US Stock,6654,0.3015688348543298,0.0953005599384402,1.4303672364370554,47.938016311414685,4.399086561006119e-12,True,4,0.8503777034578035,0.3514732666657975,0.0135307899954838,29.77658203159808,2.4240646721407583e-08,True,searche,searche,14226.953921050825,14187.780270459938,14191.235181749136,14197.286856329029,10.311170937320131,9.278214020539131,12.829531928172251,6,13.097491018867768,56.28724780353696,False
BIIB,US Stock,6654,0.0019148513414696,0.0012948847740099,645.4899459028665,17.037384674546047,3.665105656460497e-05,True,2,0.4497368350408914,-0.2414023461225636,1.6326083485550076e-08,0.0,0.5,False,figarch,figarch,18526.263487385568,18517.99046843155,18517.825327947925,18513.71293144299,3.656982160956765,3.647166961347934,3.000866688394233,3,18.94891192163349,489.719515444056,False
BIO,US Stock,6654,0.0014542257508625,0.0011973109919101,591.8443883104138,124.454055561695,6.701293134948754e-29,True,3,0.927788885950532,0.1357492318262931,2.074340982559226e-08,0.0,0.5,False,tfarch,tfarch,14687.469555103433,14571.779865262266,14571.664388899768,14578.442327579536,8.838100754045636,8.809446769342417,5.273851938519878,2,7.044487755436133,169.98102334591022,False
BK,US Stock,6651,0.3074678618412361,0.0837488627332411,1.5947770332592897,48.537351334747655,3.24057679131374e-12,True,4,0.7837853212453288,0.2476330731748094,0.0149311869675383,34.90661357515819,1.7295196111990475e-09,True,figarch,figarch,13201.516654117484,13161.743199789877,13173.002520913136,13138.532324165615,7.8917306681194574,6.98125647858612,14.455347847326488,8,14.312176347008869,100.86883161190416,False
BKNG,US Stock,6654,0.0016408635101652,0.0002766081659516,566.4225506118075,158.28777892376092,2.6776896414696308e-36,True,3,0.8715691833216463,0.0667475119446214,4.5979498416185255e-08,0.0,0.5,False,tfarch,tfarch,18362.2556845256,18212.73227132237,18212.564417720238,18224.33416901883,7.281025672588945,7.263031316603847,6.754064665125868,3,7.877053231969947,388.5853942613867,False
BKR,US Stock,6654,0.2916312415962621,0.1138267549257126,1.5745120412121176,34.12632319327167,5.164785033931687e-09,True,4,0.7836686266068366,0.3425542860701955,0.0149115953675519,23.03467466375878,7.955286291262276e-07,True,searche,figarch,16587.349434814005,16561.987477341263,16562.926087619642,16563.05856250137,9.51598983422254,8.726892203173723,8.034326247207888,2,8.267316405768197,48.147447741725045,False
BLK,US Stock,6654,0.3011063170521212,0.0845518762929686,1.8075614428890288,43.79693027574103,3.642759366980733e-11,True,3,0.82980850099615,0.2523118165168359,0.0215666150354199,38.39603855233872,2.8874752027146845e-10,True,searche,searche,13252.76104268134,13217.72847812613,13218.380788389964,13228.614547293688,6.656207425633848,6.184001020082207,6.346409006755853,3,6.291892634643796,50.25964384345207,False
BMY,US Stock,6654,0.1846307986294707,0.1171913693995903,3.3732931409322835,39.346562614267896,3.5487703972183515e-10,True,3,0.7076596292985313,0.1577142221514529,0.0058774578867611,3.265528743093455,0.035375105649078,True,figarch,figarch,11916.573114258834,11885.990917365096,11890.715692878295,11880.62079150899,8.002684149280594,7.27500491856715,11.89692181051472,10,10.085225947214605,89.37384137129447,False
BRK-B,US Stock,6654,0.3101362499588489,0.0812013778843185,2.035437802621236,37.31468060339376,1.00525027559933e-09,True,3,0.8445148441752516,0.1744448610750419,0.0314127630834251,44.68610616920432,1.1564638856270587e-11,True,searche,figarch,7459.625458590789,7431.075143707925,7437.658380607423,7435.88502864606,4.988070664130615,4.6894767455719935,6.297430023592447,4,6.244365518851564,53.671081890377536,False
BSX,US Stock,6654,0.1109544832386044,0.1555285588787733,6.169060521361263,55.45854048081856,9.545109408679105e-14,True,3,0.7997882154383306,0.1604364128469228,0.0028706015716584,1.215232937984183,0.1351491113657759,False,searche,figarch,14734.5885002418,14687.894325481511,14689.42314854035,14693.41008493496,9.048437823919343,8.231859495144533,11.235384734817718,4,10.661794770813636,68.86781061510737,False
C,US Stock,6654,0.2459088522892192,0.0642848399363726,2.467365401058195,75.82855758383266,3.093939764190776e-18,True,3,0.9305439341869688,0.1763806910100227,0.0142884189248404,35.97931883063211,9.971148504003163e-10,True,searche,searche,14227.873515000629,14160.809323137326,14163.587640816128,14179.018232617658,6.600454830995239,6.06127655203557,6.7332092634225935,4,7.068963527076273,78.11739928950192,False
CAH,US Stock,6654,0.001285735721252,0.0005558539123998,705.1103926384513,97.06913612241988,6.69483815170603e-23,True,3,0.6688299100304641,0.0903401278983812,1.2702932573057272e-09,0.0,0.5,False,tfarch,tfarch,13312.171495713696,13223.866725311807,13223.757067119885,13234.91981015301,7.76389902788563,7.746153877784328,6.793213437869473,2,4.1163662487366,508.7527925420745,False
CAT,US Stock,6654,0.4100953026623238,0.1274867005015519,0.7177951494014128,16.334986411042337,5.307496493783705e-05,True,6,0.751229442664895,0.5621936992160274,0.0227202870220625,26.474027689009745,1.3355264794650825e-07,True,figarch,figarch,14217.03025373824,14209.459633047729,14215.860527845934,14206.440057751586,13.357629225136598,12.312152358540432,29.99073863065349,12,25.22345503342607,78.4194007255046,False
CB,US Stock,6654,0.2244863970270705,0.0722350716031357,2.832844946859176,64.7732763311451,8.403109618568099e-16,True,3,0.8684391217608516,0.1342956950593784,0.0107050513973782,18.37881616935738,9.052989779778212e-06,True,figarch,figarch,10853.819391700375,10797.810481089762,10806.230819527693,10786.917082075115,6.51811629880328,5.998945956746439,9.011693763067385,5,9.158249905654248,93.10482459106606,False
CBOE,US Stock,4026,0.0127858155285547,2.6010279769470306,90.04201753673091,62.4792039869335,2.692730571533941e-15,True,2,0.7376699527240496,-0.1114244315557455,0.0040178568152028,0.7215587558930565,0.1978165422489878,False,tfarch,figarch,6223.111998890839,6168.868685629834,6168.178101218177,6168.232612639049,4.121021897344447,4.237227744202124,3.596078767573311,2,3.7548331582100767,76.86621526126055,False
CDNS,US Stock,6654,0.3598517110754843,0.1840947805225455,0.963612557117563,55.56213998556996,9.055089274975719e-14,True,5,0.907472311428948,0.413474813112107,0.0134093773275079,50.288651289785776,6.635741401949611e-13,True,figarch,figarch,15852.897083504413,15806.099309239373,15818.748262174293,15779.05740792628,12.223160490809768,10.941845794301464,19.819242930305517,13,14.093549472797338,181.5668511588501,False
CE,US Stock,5384,0.3536055596674443,0.1191436372960391,1.0134447679986618,43.637243582328665,3.9524507973760526e-11,True,5,0.8595805465920032,0.4237678983129329,0.0154275493139736,41.13205297580498,7.114187340071091e-11,True,searche,figarch,13214.213869550504,13179.119876693912,13181.265948550026,13182.462855499554,11.80490408298929,10.553128396389615,18.754653568441256,7,16.549712984457194,106.3326444508166,False
CF,US Stock,5244,0.6569342947180038,0.1663217120637272,0.2560314626404728,3.9663788790530816,0.0464174908854092,True,8,0.786831183039757,0.662222270333293,0.0371589855959263,69.17382269748123,4.5078382861060544e-17,True,geometric,tfarch,14150.501235646332,14155.050448677328,14152.542024412667,14179.61519182663,13.28082387657719,11.496248809558,8.56090442198332,2,9.9358209116552,16.44615093414177,False
CFG,US Stock,2949,0.1237316198040685,0.1242911358611187,6.974786075966768,23.28772433361337,1.3948744157966315e-06,True,3,0.6716018546475,-0.0900967640381726,0.0029973699216258,0.3656822621787796,0.2726836318751811,False,searche,figarch,6564.872338704233,6549.48450969376,6551.271255175327,6553.433666966317,5.085630539048666,4.527797920485972,6.594813408655818,2,6.87241409991669,41.81468804269025,False
CHD,US Stock,6654,0.0036305163720818,0.0010888778413029,278.2823913690372,139.945261220857,2.7364269899343405e-32,True,2,0.8806715288566196,-0.0188897629192388,7.162920327149773e-08,0.0,0.5,False,tfarch,tfarch,9728.64635049919,9597.465454998865,9597.421836844178,9605.835071294645,5.85666720465008,5.830812081959335,6.0939537439650815,3,6.316529249647131,162.9261749522866,False
CHRW,US Stock,6654,0.0014530661734327,0.0008567162580786,512.8694767390953,21.858498685798622,2.9351372068156205e-06,True,3,0.762573689119696,0.2512405700471333,1.9590898663096967e-06,0.0,0.5,False,figarch,figarch,13960.749444897134,13947.655311931863,13947.589915951474,13947.30624517989,12.607279252939929,12.552360504076995,5.072702405061736,7,9.859166299522006,302.45444257482814,False
CHTR,US Stock,4137,0.0015986350719638,0.0009093913045833,597.4468494934201,74.12153515185673,7.345263579613385e-18,True,3,0.8956789786447478,0.0413374385749228,1.144695588683481e-08,0.0,0.5,False,tfarch,figarch,9096.693453458529,9030.836796569472,9030.758401181083,9032.534050272536,6.80114534135653,6.789082564423859,9.565422446668393,7,13.040831203399808,225.5944043555028,False
CI,US Stock,6654,0.2561030326044951,0.2096708689385285,2.555063307186604,52.62476685702677,4.037652571273949e-13,True,3,0.8533807000505533,0.1152131470986942,0.0178416220365934,36.84582028762088,6.39249432931483e-10,True,figarch,figarch,14741.716155304728,14697.855754168231,14694.230984384289,14683.287519245754,5.516050930126469,5.030138219212101,4.389885030703854,2,5.723484970045897,209.8723725623149,False
CINF,US Stock,6654,0.3389294979473363,0.0830569514328775,1.3297978593755977,47.97747021612304,4.3114497833018456e-12,True,4,0.8456451462427971,0.3059191271118707,0.0183842102587122,51.14370340521782,4.2922801253061764e-13,True,searche,searche,10421.483366257644,10382.27026176205,10386.22856719292,10392.26559474103,8.210417260063137,7.367587713500395,9.548338253427438,5,9.702849301497643,77.08216463366443,False
CL,US Stock,6654,0.0664982619365555,0.1064815996917172,14.096053196165563,68.67932913414552,1.158488874578219e-16,True,3,0.5860733703367469,-0.0083462810201924,0.0040537503887304,1.301983602636028,0.1269256067220292,False,tfarch,figarch,8260.636670015858,8200.721706602242,8200.658848305698,8206.711034613401,5.321610208898794,5.22455318542739,6.152864163829087,4,6.432725137801712,103.76037943218762,False
CLX,US Stock,6654,0.0786062641683502,0.1332296607414047,11.50031960172194,63.651351059214,1.4850710148078192e-15,True,3,0.8663405928466356,-0.0118431733729514,0.003292078911058,1.60687281231003,0.1024659730017639,False,figarch,figarch,9385.404154591391,9330.51716925271,9331.027976355976,9323.876353718872,5.497381600207765,5.300297695353213,5.4931063483722,2,5.432113454468158,116.13897758083476,False
CMCSA,US Stock,6654,0.2531174900419246,0.1231335137614621,2.052186553761914,46.72776687560327,8.156507773086143e-12,True,4,0.8288876589180464,0.2944647222842191,0.0131972123116845,24.40930000751905,3.8945884299154114e-07,True,tfarch,tfarch,12761.518050057104,12723.55464890203,12721.587176120498,12738.639335474742,8.736111108805709,8.134084314571561,9.075425210901544,4,8.870409061778902,79.00179136984298,False
CME,US Stock,5918,0.0909272745962817,0.078889897941607,10.068645132168404,92.6028991083549,6.391373646330236e-22,True,3,0.8513871483062044,0.0202165849333392,0.0071080513845877,6.559050348554592,0.0052176020325686,True,tfarch,tfarch,11103.407914512263,11019.447254084298,11016.085266614493,11025.262808258263,5.081126687228901,5.128202243582763,4.532354023523402,2,4.580562091259203,108.86464852820792,False
CMG,US Stock,5129,0.4027316135537352,0.256695096203099,0.7494353258073713,15.695527640433284,7.439988243800582e-05,True,6,0.6232956754391501,0.5297202291456639,0.0200659395317527,20.36848237430604,3.193658405934239e-06,True,figarch,figarch,12851.98605028896,12844.782808204234,12847.484711568368,12831.949210548795,13.16927448614056,12.15869534703199,132.12732242342503,12,1238.1090405719003,74.23117824977271,False
CMI,US Stock,6654,0.1874772583985411,0.0946879919228903,3.125219084976164,57.292274432025806,3.7562781502479346e-14,True,3,0.867847854896799,0.2244748504651575,0.0071728882427744,5.988660695571525,0.0071990650989578,True,searche,figarch,15190.940086182649,15142.412177471151,15147.110927460186,15142.697535871146,9.014050810565449,8.238257405083079,11.370042185506822,7,11.308181608340732,88.83523510555278,False
CMS,US Stock,6654,0.3103158437101569,0.0725954953606692,1.6634933074975116,51.35937952530912,7.691364387052662e-13,True,4,0.8225095106691578,0.2614184287602357,0.0195909220464438,41.59565360558372,5.6121265190405554e-11,True,searche,searche,9958.024695130478,9915.4296813257,9918.741712173696,9927.259580766486,7.102239762333171,6.528918740411607,8.466291460462363,4,8.903767083123329,76.8559620943015,False
CNC,US Stock,6165,0.0010932365179601,0.0004132879714015,1386.6666125695122,322.7910736188496,3.57234251676396e-72,True,2,0.903058616975182,-0.518088466141448,1.7214286698476464e-08,0.0,0.5,False,figarch,figarch,17086.51466822759,16772.408503204562,16772.078047523224,16696.078497658553,2.433422787923136,2.4338675560431056,2.235991909308852,2,2.433412095267397,458.025639034593,False
CNP,US Stock,6654,0.2399463176598213,0.0924732519895472,2.5158464089160586,107.76236579573924,3.0301592708349585e-25,True,3,0.7574745562658545,0.1754015947525957,0.0124570474726597,35.151079837276484,1.525460921954603e-09,True,searche,figarch,11232.268786269617,11133.270786194407,11136.243123433956,11137.06353424605,6.817534664570449,6.297686784032523,8.26075818170267,4,8.56171410167493,139.71068884483793,False
COF,US Stock,6654,0.3050960020871405,0.1476458673724509,1.7347544887927866,26.944263545132344,2.0940773563480374e-07,True,4,0.9154681441097552,0.1935201390492492,0.0158886841655024,32.259077906963284,6.746261660247255e-09,True,figarch,figarch,16175.303827110283,16157.123929285684,16178.724527217875,16114.440898026962,6.909588996244223,6.081878845597895,10.33096439313155,2,8.946273467031592,124.74773654447564,False
COP,US Stock,6654,0.3827838113910051,0.105882916450222,0.9980076190790348,24.664162966339063,6.824139541924979e-07,True,4,0.8775854965805199,0.4369163627270896,0.0253102369594658,44.641574027147726,1.183068401775361e-11,True,tfarch,tfarch,13647.89878717675,13631.99898993094,13631.895518538688,13648.172015107266,9.398170984115891,8.579694571299898,7.732549379879487,3,8.369186502449185,28.912120372009667,False
COST,US Stock,6654,0.0877523487645705,0.1910526283180433,8.781381397335778,72.71002264751405,1.501695236841551e-17,True,3,0.8061034535616572,0.0573439440916604,0.0008541883597713,0.1381717404510709,0.3550526784437786,False,searche,figarch,10733.397640905863,10669.45198397888,10672.084211555772,10671.141454104876,7.651321083864163,6.82318827046506,10.377856278222277,4,9.84601863393262,89.50557597336592,False
CPB,US Stock,6654,0.001540994066598,0.0006094646118159,690.5259637563546,145.50400398580132,1.6663815231092e-33,True,2,0.8316838487865228,-0.06799962508666,5.630575767793345e-08,0.0,0.5,False,tfarch,figarch,9938.280458682342,9801.54082041707,9801.442110966163,9807.288107328024,5.203665451629471,5.192301395122043,4.788884543408958,2,4.706632526018046,175.27799200232585,False
CRM,US Stock,5531,0.205023194571602,0.1457052865457744,2.618521389139531,57.483689026728825,3.4079372982575455e-14,True,4,0.97685289585551,0.2667832946914117,0.0077152110340037,9.907331806982256,0.0008231080702814,True,figarch,figarch,14290.537793573743,14241.625596511838,14243.58497675532,14240.84016601532,10.048725458575309,9.0250828495325,15.266751775492612,6,13.474549926067754,94.74992805750844,False
CSCO,US Stock,6654,0.084670022367199,0.091365161352237,9.459997983229188,115.37444807860628,6.515627197948508e-27,True,3,0.7900390089832801,0.1325684725732687,0.0047892003731683,4.743515392641712,0.0147044593066607,True,tfarch,figarch,14070.547796297917,13963.93771393984,13961.741588246252,13965.487001479803,7.087061105546208,7.096925740062468,8.962724961112798,7,8.455247552607197,638.1830540128904,False
CSX,US Stock,6654,0.2181745153791647,0.1444466305095885,2.7946831674682278,47.33099370534546,5.995665980197746e-12,True,3,0.7847244716761538,0.2032818321583107,0.0122193872587155,13.901183030800894,9.633857665283464e-05,True,searche,searche,13592.389193592047,13553.822565607232,13555.84503272445,13566.607304652383,7.275067579532476,6.739322762438027,7.804328282790307,4,8.136064951612688,55.130893177407415,False
CTAS,US Stock,6654,0.2645358943724233,0.1251664717742438,1.812830139588864,39.42140487802499,3.415325974711541e-10,True,4,0.7178776084936285,0.259493886410395,0.0089972310209721,8.66632335448594,0.0016207225964821,True,figarch,figarch,11758.652595732829,11727.995556575332,11739.825767679562,11722.053934552188,9.777570998784144,8.465914751899337,15.746194349553612,10,16.53528704763883,62.89715400167188,False
CTRA,US Stock,6626,0.3353282483846708,0.1216108971279593,1.222229034836954,25.080435214746103,5.498794801734751e-07,True,4,0.8350663808946037,0.4110020905896641,0.0194359339056755,30.6040737133153,1.5821432965098493e-08,True,tfarch,tfarch,16930.9172555329,16914.59680281313,16912.903173029594,16933.316233306035,9.909988716538985,9.179104300685555,10.652573320763649,4,10.43731312538917,41.134270658236346,False
CTSH,US Stock,6654,0.0467931458154262,0.1001079578332444,20.81416894901225,133.6707871204453,6.448947455996578e-31,True,3,0.8570450550346769,-0.0759571770067862,0.0004242268106273,0.0340757959838811,0.4267728419854492,False,searche,figarch,15741.167748649856,15616.26132724994,15617.333267145596,15619.824835281306,5.289888518609863,5.027240937386866,6.193444000926822,4,6.114421800158405,160.24464857573184,False
CVS,US Stock,6654,0.0020109521214025,0.0033675989409585,410.5887870400044,102.977960653001,3.388974670032565e-24,True,3,0.8378878898689597,0.1700374401375102,3.615430005680204e-09,0.0,0.5,False,tfarch,tfarch,13113.012688278111,13018.79909334564,13018.73738569659,13026.775748127968,9.7761509394823,9.7472738054425,11.990755769065172,2,9.639814289450747,156.351388401039,False
CVX,US Stock,6654,0.4895559958448551,0.1689882295605282,0.6857374862356409,12.003845870947773,0.0005309087871081,True,5,0.7950225526986628,0.625183075330284,0.0553401817337037,64.11652943875742,5.863674501387326e-16,True,searche,figarch,10932.439970377998,10929.20049022758,10934.418548831403,10930.764185506005,8.18257713853397,8.135907002516353,8.815809762650709,7,8.936153788795401,22.57064822517896,False
D,US Stock,6654,0.2593847462727719,0.0713725803859534,2.461367803605255,63.498997650838646,1.6044844354049124e-15,True,3,0.7759933240081643,0.1499843135305847,0.0183710314704049,30.399059994564595,1.7584927167562752e-08,True,searche,searche,8561.168364071458,8506.43373214115,8506.627819103996,8523.582924412067,5.711623488120696,5.328168170224193,5.622072820912385,3,5.763782215815218,92.65538286443552,False
DAL,US Stock,4811,0.3344816020780716,0.1001149878336076,1.1352067025350547,32.01063626599898,1.5333075326733437e-08,True,5,0.8615423980231862,0.3867588119990368,0.0137092634164828,23.67698575834038,5.696847259921474e-07,True,figarch,figarch,12995.77863766232,12972.192859976536,12975.545453174956,12967.607031239097,11.469766117144014,10.101659463770329,12.85994583497233,2,12.147898048689743,64.8881781479522,False
DD,US Stock,6654,0.2468595513947331,0.0898401463602632,2.258755895112032,49.99989724526131,1.5375403093274765e-12,True,3,0.8219314422624221,0.2265067169059678,0.0131915020178699,17.019258136753706,1.850130351304377e-05,True,searche,figarch,14243.222359702051,14201.98682817732,14209.515066388129,14205.811983089774,7.77274980041795,6.93616478166608,9.68044772407295,6,9.574659511884564,62.33965356576482,False
DE,US Stock,6654,0.1706334666966243,0.0903250022806041,3.4520200156544543,52.86643671651291,3.570184435271664e-13,True,3,0.7723421077375026,0.2189848176318154,0.005435734565736,4.546421576167631,0.0164938098012572,True,searche,figarch,13975.35032400957,13931.248253013588,13934.825767799364,13933.442053137103,9.615398572839824,8.667849923975917,13.582751791374791,4,10.410062523536205,85.55849996747929,False
DG,US Stock,4171,0.0008374109278788,0.0002820667139154,860.462296858972,59.72550110074917,1.0905428190024635e-14,True,3,0.5468209351142207,0.2672758311235939,9.148109768941149e-09,0.0,0.5,False,figarch,figarch,8832.052780117827,8780.600870815279,8779.235287242096,8743.904607863615,13.709486613437818,13.22588538341287,3.540661239781877,2,7.20421161849969,742.2196383725341,False
DGX,US Stock,6654,0.0021216746599977,0.0015054261924747,549.0564174636688,117.28650502857272,2.4845515695218037e-27,True,2,0.6493411497352325,-0.1706430329052747,4.2415128633014695e-08,0.0,0.5,False,figarch,figarch,11544.67801285127,11436.155873543226,11436.0824669144,11431.686714583264,4.181914138944365,4.169431485420537,3.9418350717911834,3,4.871379395674507,167.37529841986725,False
DHI,US Stock,6654,0.3780825609638246,0.1028872903061032,0.8814201128531128,28.314891979571257,1.0309977217228765e-07,True,5,0.8812720237106191,0.4679099831753648,0.0177853390323367,35.61291364078352,1.2034334436602224e-09,True,searche,searche,17735.634078898293,17716.08355263925,17718.611921190935,17731.37922216871,12.197110322126123,11.044295088214882,14.045418635063962,7,14.512126063861166,32.877568263793364,False
DHR,US Stock,6654,3.0,1.85103113467311,0.0031852471157234785,69.14906148651244,9.12957991014558e-17,True,7,0.863592616022085,12.442309970968145,2.094432011447817,304.67340095345753,1.5797576091362188e-68,True,tfarch,tfarch,12372.704085195446,12312.319389429464,12228.944574759704,12385.195960393361,5.586880205642338,97456.88579111142,108.96605388617469,2,13.763708824341341,401.4757256349567,True
DIS,US Stock,6654,0.0955796613601354,0.0963274313328337,7.839749354797708,71.15206104016761,3.3072707036849495e-17,True,3,0.8270868569764984,0.0633563983268656,0.0004664912855345,0.0481544393678632,0.4131531903261933,False,figarch,figarch,12562.839288542644,12500.451593223006,12503.758126070135,12497.146673096917,7.87896632077343,7.048001263514268,11.293558246562313,5,11.399513351678737,90.99598744849936,False
DLR,US Stock,5441,0.5890773841482121,0.2289991387026399,0.3941910757400564,5.928668150010708,0.0148964962777109,True,6,0.7720580279998871,0.5571144289703029,0.0383532723780328,63.41359153205485,8.377895056956698e-16,True,tfarch,figarch,10813.722415309336,10816.348043438691,10811.270509931092,10814.953262460203,10.458452423233377,8.90297962552787,6.784000822660733,3,6.70713036288033,32.84674380539036,False
DLTR,US Stock,6654,0.0050139347055183,0.0069544313325093,179.46831724881906,124.26042937560489,7.388169976031918e-29,True,3,0.7008928433976231,0.0485864582495617,1.482200843530746e-08,0.0,0.5,False,tfarch,figarch,16018.132199745698,15902.636136090625,15890.9639731633,15896.364117481387,7.76937252108873,6.919674064966115,5.811337561718853,3,8.134032993686779,500.8345511198786,False
DOV,US Stock,6654,0.3653945482279337,0.1295827879244636,1.051539935175161,20.56547390882406,5.762609081141673e-06,True,4,0.7585330602463146,0.4783407373397302,0.0261221204017537,35.169743651618774,1.5109107284864715e-09,True,searche,searche,12389.765188017194,12377.9640798289,12380.859057834728,12385.389053682877,9.924578103593143,9.279848042421358,9.042991279911334,2,9.431966671650995,31.43301957522272,False
DRI,US Stock,6654,0.1165007786493882,0.101317461716273,6.405681291198087,114.78419595388186,8.774513616448356e-27,True,3,0.7770198543071914,0.152767536588803,0.0060404588271213,9.616926884009445,0.00096396036352,True,tfarch,tfarch,14396.168169185345,14290.148338951993,14287.290675870549,14294.336275220328,7.232524647766967,7.146294111659747,8.525501308760292,4,8.696416325375186,146.4022866840969,False
DTE,US Stock,6654,0.2900927040745245,0.0836269335495504,1.813718027335335,39.15355158280909,3.9174998902058856e-10,True,4,0.7534983963491518,0.2564469752729412,0.0174090814620192,26.90270840910125,1.0697942032496085e-07,True,searche,figarch,8051.7605561665,8021.37137030422,8029.221094913328,8024.724076969614,7.371919474858492,6.744004283947865,8.00675940472458,4,8.132599595619613,49.7827825315062,False
DUK,US Stock,6654,0.2807443316676548,0.0800307163830577,1.8261538338959071,56.25043012946298,6.380387401293703e-14,True,4,0.8479511150044775,0.271158601668106,0.014984318932281,33.66432411256028,3.274541986818398e-09,True,searche,searche,8492.787946436301,8445.301882027368,8446.449430643224,8464.07542999606,8.024918309378503,7.354817495495864,7.859594927543539,4,8.369025959558972,62.36008704744563,False
DVN,US Stock,6654,0.3520390863244276,0.1079841286502352,1.0789804324101564,32.24719045421443,1.3575324112179741e-08,True,5,0.8736009793985293,0.433900631753592,0.0188334902333687,39.757355167137575,1.4377782564197032e-10,True,searche,searche,17077.06753344298,17053.584708709295,17057.539154111237,17063.839700774817,10.673790395043603,9.85265978902886,10.77733493920276,5,11.235446598286057,37.36063497629584,False
DXCM,US Stock,5327,0.2185914510199353,0.3084954607958737,3.9366899034813176,32.986223795611295,9.281421053451318e-09,True,3,0.6436524225432266,0.0175723460956588,0.0303234952425151,13.326448167288618,0.0001308443648262,True,tfarch,tfarch,16902.77329761143,16878.31915561973,16875.12908929808,16890.59654212287,3.777216327194541,3.711208379483958,3.4191909817489274,2,3.3909040434575077,49.28297867378205,False
EA,US Stock,6654,0.2030197347023028,0.1546870872782897,2.790688089985096,54.53702642132703,1.5254639942754851e-13,True,3,0.7162246847942364,0.2588588771698352,0.0092784275565805,13.406174853682389,0.0001253986628589,True,tfarch,tfarch,15686.740914351742,15640.968253650944,15637.425167026617,15652.420562270288,9.04157025804158,8.374002398338261,8.88694930175643,5,10.768855382652395,73.83040958593301,False
ECL,US Stock,6654,0.2803867630847229,0.0844614510792645,1.976464125953128,54.56057694855917,1.5072921538982161e-13,True,3,0.7709105661948064,0.2089628200787914,0.016671454510083,22.7345471812132,9.299688763922828e-07,True,figarch,figarch,9927.781544716709,9881.98533348868,9894.272096406225,9876.131194410114,6.924433918465648,6.1853659561272805,9.39167948027518,6,9.283999141820876,76.35256182800003,False
ED,US Stock,6654,0.2733523063080271,0.0788169285860007,2.2259923344756696,40.943199045453184,1.5671842816993728e-10,True,3,0.802859363112969,0.1989901374532139,0.021178552866043,27.076025219909752,9.7804455992601e-08,True,tfarch,tfarch,6946.402645814305,6914.223812489382,6914.165190681506,6926.037751631608,5.9585272114467385,5.598650738725779,5.418209628940248,2,5.527361539466978,44.613852532149394,False
EIX,US Stock,6654,0.3323921282862501,0.1427548209625966,1.3885896760658636,34.522561445090105,4.2133919655391e-09,True,4,0.7458854415745619,0.309414712468868,0.0196303856805748,31.97442726091685,7.810778646223711e-09,True,searche,searche,11683.577245754546,11657.819050029986,11668.02314770213,11672.81371239203,8.052068037003295,7.234017360719004,7.539732239901039,4,10.516222752866362,123.13343925474146,False
EL,US Stock,6654,0.0009728607356857,0.0001171065730236,825.1508539064316,187.09542929677627,1.3688667959089813e-42,True,3,0.8426079255558314,0.1947821700158281,3.7637070276152206e-30,0.0,0.5,False,tfarch,tfarch,14509.22875357654,14330.897690000293,14330.77861691823,14352.240320459898,10.53673551954996,10.507771863625988,11.943545003765474,6,6.6350748358291085,512.9502852909445,False
ELV,US Stock,6196,0.0641559258707029,0.0980837335671833,15.078983905793498,78.542406171724,7.829924700460093e-19,True,3,0.7975354551395322,-0.121188528111246,6.242813688130371e-08,0.0,0.5,False,figarch,figarch,12550.402467806864,12480.55019922154,12482.151638142996,12461.877746106324,4.999053340990977,4.61659889706406,8.43857147367465,4,8.934502030075075,129.4354558128307,False
EMN,US Stock,6654,0.205321329175643,0.0583358980822321,2.6991428742344308,88.97227950721935,4.0038385707259314e-21,True,4,0.7721021856197278,0.2442527259644167,0.0077209253261472,12.765804456457772,0.0001765068704734,True,figarch,figarch,14115.650324651426,14035.442410864736,14040.70338990352,14000.1330202055,9.379879326061827,8.504684442589921,30.841053476269607,10,28.633108147449803,154.8700947345205,False
EMR,US Stock,6654,0.4190027320886693,0.096266975619845,0.7192580397255595,28.824459597200985,7.924400099696026e-08,True,6,0.8218224347137205,0.5208443000534668,0.0216900483140982,45.492305161786135,7.661983431817588e-12,True,figarch,figarch,12167.896136774909,12147.836042898238,12158.20207083221,12142.39335835629,12.382265329913018,11.379690546204753,17.699174796734088,9,17.26629813229609,49.100934951880845,False
EOG,US Stock,6654,0.2207204075222894,0.1104351854898879,2.6799819671269787,45.88600031459282,1.2533847619835683e-11,True,3,0.8630664549310748,0.2344174105240688,0.0123027813608532,14.79629300108718,5.988535495032741e-05,True,searche,searche,16214.267632023675,16177.145997429612,16178.018136798592,16190.460132610187,7.662677265145045,7.223509962276912,7.216130787326465,3,7.697172444403448,49.43866385499132,False
EPAM,US Stock,3609,1.2441752781771998,1.4984196004377788,0.0474623544476057,0.6413247172295087,0.4232315046220235,False,10,0.7843663079649392,1.2068208137765675,0.13253252989400188,46.166205072304365,5.431737571648643e-12,True,figarch,figarch,9486.416479112655,9493.893957392405,9493.487344978897,9485.443802813797,10.804396803743975,11.604212865083408,15.474795172598698,3,10.13742431102001,91.88660372263439,False
EQIX,US Stock,6499,0.0016644582145576,0.001151373137177,731.6473527865847,229.96777519863824,6.058572075577717e-52,True,2,0.9828276564736024,-0.2221230544928564,3.6241527998992656e-08,0.0,0.5,False,figarch,figarch,16408.738545825392,16187.510627254249,16187.38757879483,16184.688311081223,3.7841939265157465,3.7774768905793694,3.38717618478668,2,3.328769428910632,258.5696928481866,False
EQR,US Stock,6654,0.3047029736058518,0.0576062356663729,1.7914020794103145,50.514890774456944,1.1826405635923756e-12,True,3,0.8675627757072766,0.235537330737709,0.0207923034993868,51.19853345874253,4.174048611875835e-13,True,searche,searche,10838.296274358268,10796.54574930434,10798.584915750378,10811.069115397157,6.540568745555064,6.057214837223945,6.271305094052164,3,6.582626527745322,56.58025244603596,False
ES,US Stock,6654,0.2411886110821809,0.1055825792850023,2.607969217036588,36.223046206005165,1.7597713597665263e-09,True,3,0.7325938823204742,0.1532209470634656,0.0147735181648241,13.35360368216061,0.0001289632563364,True,searche,searche,9157.12307011725,9129.664389631776,9135.265248863643,9137.054444055791,6.260242627051275,5.719096800288432,6.762013647234457,4,7.009314879420687,46.28982005955913,False
ET,US Stock,5123,0.1971411465963539,0.1036834574294866,3.900184085351674,72.32326258080866,1.826812109272362e-17,True,3,0.8795514500271916,0.0274740594770249,0.0134106796770564,16.58763560526677,2.322644182304001e-05,True,searche,searche,10477.555228346737,10413.723020299734,10419.1083503913,10423.19706599694,4.943893094398713,4.590849947350659,4.764254484543695,2,4.6664061025355394,97.38638374794756,False
ETN,US Stock,6654,0.1911450459917909,0.1083971999396488,3.525263774753653,27.0961957094205,1.9357851476711065e-07,True,3,0.8200042060677886,0.0746066886648073,0.005373494617702,3.282825038353621,0.035004163510295,True,figarch,figarch,13275.68275588152,13257.35092589263,13266.086693687,13241.607494004122,6.59301042397358,6.054891563793557,8.953199750139621,6,8.01569753873713,74.7955133570049,False
ETR,US Stock,6654,0.2316050761779353,0.0733991531173492,3.005983652180851,39.88733625366877,2.6904188732617944e-10,True,3,0.6992354957756796,0.0837121613319666,0.015305518340376,15.204476210506982,4.82372347341088e-05,True,figarch,figarch,9408.699394495126,9377.576423961988,9384.998467062454,9372.307432078946,5.327053050446004,4.939688147648289,6.642869960654356,4,6.967702368265743,60.31418763560941,False
EW,US Stock,6595,0.0014079952901031,0.000885223816925,893.0225590204757,196.0672940841523,1.5068778958603325e-44,True,2,0.4649745190515329,-0.2610886487115661,4.051012905580833e-09,0.0,0.5,False,figarch,figarch,14813.09790874236,14625.78572177984,14625.648154813009,14625.568592792084,3.5275178321246274,3.522339883119056,3.0259082792043173,3,5.142414941481005,692.2344230374092,False
EXC,US Stock,6654,0.3114077376779043,0.0882245965075015,1.7866377635317567,32.48130494551879,1.2034466653066489e-08,True,3,0.7378192929020824,0.2720325305098652,0.02768609695914,31.813583515053324,8.485087959644756e-09,True,searche,searche,10166.288362544834,10142.571423319843,10145.55177029307,10153.944192751736,6.181483351005811,5.8470826808443,6.065909706250898,3,6.181347358100277,33.6066952632591,False
EXPD,US Stock,6654,0.0941372650323735,0.1099838453613136,8.413685207068731,71.72199167649342,2.4775582239357712e-17,True,3,0.7848337979826969,0.095838210904049,0.0038078604900131,1.901146889284064,0.0839750009033891,False,searche,figarch,13660.40348715415,13597.445861198186,13598.163994107565,13602.257211327378,6.970569386948662,6.707634154657115,8.140578131926247,7,8.719632612883949,97.45897088395576,False
F,US Stock,6654,0.0530319371163619,0.0830960725393579,17.889245612487517,100.15873158686009,1.4066000163797848e-23,True,3,0.8952367452420595,-0.0050401219504902,0.0031090154582225,1.4275797877198784,0.1160799124113706,False,tfarch,tfarch,16599.79937054182,16508.40500467549,16508.0653295342,16517.217118430897,5.478234117835298,5.411099958890404,5.403821140958982,2,5.31547633043404,104.43947928730267,False
FANG,US Stock,3437,0.0492790257803929,0.1288103810709379,18.95777399372587,45.36105096101528,1.6386081660535162e-11,True,3,0.7669288508090903,-0.0446100313893216,2.240770359072197e-07,0.0,0.5,False,searche,figarch,9203.499943813878,9166.20510042087,9166.601268749197,9171.055008214027,5.773556830115892,5.482200250980946,5.706078396137051,2,5.532048539347623,57.36807005836454,False
FAST,US Stock,6654,0.4767768955906087,0.177014671416907,0.6164072347346999,10.40829056106486,0.0012545081925233,True,5,0.6372633922854047,0.5470900580341289,0.0325173000051994,37.63503485332876,4.2649291030538327e-10,True,searche,searche,13835.48817713657,13833.844252296036,13835.06283293895,13847.574291780902,10.47014642204332,9.605866743966136,14.6687944560644,4,11.60627867707194,72.38938247461374,False
FCX,US Stock,6654,0.3928601841663201,0.1081622475874254,0.8280956147442601,19.877780612237984,8.255426644396562e-06,True,5,0.8036354552110138,0.4918570400259068,0.0206525109982973,35.23321168997791,1.4624633538851122e-09,True,searche,searche,19916.3160960562,19905.202681164494,19908.85536851478,19921.50985955268,12.002681438201124,10.863561179097712,14.662138097317175,5,15.06944101277831,26.44655859675913,False
FDX,US Stock,6654,0.2581591316062471,0.1325705274201919,1.620301368567449,34.84895535771648,3.5630068428588943e-09,True,4,0.7479911482786901,0.3990364347107049,0.009609895519029,16.311697259210632,2.686562561983989e-05,True,tfarch,tfarch,13854.904672931343,13828.820083294158,13826.29254731899,13844.521573969592,13.248761412227518,12.073395551307454,12.545333457197993,3,11.674324742340314,241.29138131043143,False
FE,US Stock,6654,0.0876124563859172,0.088250420973743,11.961586685670133,100.68965523840234,1.075860084360011e-23,True,2,0.7345215374053915,-0.140913005340524,0.0069504589539367,5.198795387039354,0.0113012732612087,True,tfarch,tfarch,10194.65946234444,10102.734172826567,10101.234159398176,10113.21025391196,3.8527582203006334,3.7947915269887833,3.591827280723591,2,4.076194547317656,131.63180932768773,False
FFIV,US Stock,6654,0.0010494327007359,0.0001952419922763,762.9060545090924,105.44792237716683,9.742500412771892e-25,True,3,0.8609300557409956,0.1966606971160046,1.9394737669591643e-08,0.0,0.5,False,figarch,figarch,18485.30961750027,18388.62606084363,18388.42420083072,18369.82186023237,10.602375913145403,10.568620001563726,5.399420514530446,2,6.23533461211106,243.3742543557055,False
FIS,US Stock,6284,0.1722432575228014,0.1865279290947034,4.62872686487616,104.04886553187316,1.973872965735702e-24,True,3,0.8719610309199484,0.061885498318891,0.0131849871129445,23.15706564492393,7.46468142295954e-07,True,figarch,figarch,11927.15977634266,11831.815744720474,11825.592482473265,11816.409914451851,5.015081063113623,4.915791396868403,4.001702856547977,2,4.806243074394735,205.4803773319545,False
FISV,US Stock,6653,0.1489455892653804,0.1410105657359596,3.4168996735081514,73.38691017514611,1.0657050958655705e-17,True,4,0.9867394031151946,0.3983984073056868,0.0056114205423302,14.296951173795604,7.80587655335932e-05,True,tfarch,tfarch,12737.368217342764,12672.74551667476,12665.188252853355,12696.95533139825,14.68831512363294,14.485945643845726,18.079334083924643,3,10.911405515231802,593.7049029885638,False
FITB,US Stock,6654,0.2633011909238781,0.0811971723721869,2.3550277113267093,67.95607918901806,1.6717818979590915e-16,True,3,0.8961126924121673,0.144523931277175,0.0159280312499323,40.38113723554488,1.0447434924831995e-10,True,searche,figarch,14489.779706095973,14430.587992627485,14436.6130825418,14432.826375143715,5.951948627360602,5.498319675823846,6.862374098225399,5,6.986285987560914,99.06748889374649,False
FMC,US Stock,6654,0.0010402907136936,0.0001051256359021,1234.5191561149663,420.45921376018487,1.938621787764644e-93,True,2,0.9298848871868076,-0.3175420633614463,2.530764142575995e-13,0.0,0.5,False,figarch,figarch,16114.884891422527,15703.190043382872,15696.886520013317,15681.03526867093,3.3731374309712248,3.2053029416086543,2.960625069733073,2,2.740153463908346,489.5426507506672,False
FTNT,US Stock,4168,0.197258885605576,0.1813990003281652,3.625159416167875,12.901791527361638,0.0003282677713046,True,3,0.5825296325548319,0.0740850825729614,0.0098833510934472,3.075794348733325,0.0397328824531001,True,figarch,figarch,11293.477990991518,11288.849025467804,11291.413757959544,11258.57674181775,5.702720363008926,5.379373486128728,13.219395561795196,4,1649.146269884356,490.6530985239424,False
GD,US Stock,6654,0.241810590586691,0.0821387831201683,2.4097552104457867,48.5504551820668,3.218995983586493e-12,True,3,0.756823241629847,0.2016841532256999,0.0126122508353011,17.038542902319023,1.8314354032443252e-05,True,searche,figarch,10442.220137609433,10402.434048147896,10407.472815366516,10402.54630670704,7.261136321847654,6.651004552898407,9.707556548165185,4,9.668401233730217,67.14226311515813,False
GE,US Stock,6654,0.1697373533299859,0.0772702826515725,3.7458730969780913,101.62187380576506,6.719913374024453e-24,True,3,0.9632198378856744,0.2142815434192458,0.0081482164845818,17.130741360788306,1.744647092104147e-05,True,tfarch,tfarch,13055.670467896172,12962.812959810935,12959.786240160758,12972.243627691496,8.166190593617605,7.76555638199024,8.994617387941611,4,9.064007522054617,127.51436289603043,False
GILD,US Stock,6654,0.1017692300778218,0.1501183089727979,7.299785384922066,47.11255069614526,6.70251198519197e-12,True,3,0.755919382039633,0.1955488333491772,0.0064625696136659,4.680450621808632,0.0152538723744852,True,tfarch,tfarch,14754.717853493425,14716.369668517807,14713.870772767905,14721.26801822117,7.8122917694053315,7.843000161816501,6.452735973638995,2,6.045538729268191,95.89057005642644,False
GIS,US Stock,6654,0.0657193041514877,0.1044206836785695,12.370747481271469,83.86316666960556,5.302327634149474e-20,True,3,0.7910026738788012,0.1657399952510566,0.0049540754168697,3.681193772772531,0.0275147184847514,True,tfarch,tfarch,8351.311301580825,8276.21250063175,8273.658820206692,8284.508476796622,7.464992940879866,7.675072356492825,7.853994620694421,3,8.091172698442053,110.52036589049568,False
GL,US Stock,6654,0.0015068781241032,0.0001927773824833,1073.0959896861075,326.7564178343782,4.8893858722145223e-73,True,2,1.0092073479849426,-0.6219352761094943,1.3822935663143448e-07,7.154412196541671e-05,0.4966256364872197,False,figarch,figarch,11087.673826282711,10769.681774168865,10769.454749101273,10683.8807831441,2.1807038979200346,2.176894774728906,2.0667173867479707,2,2.0575635327436665,438.2038364936234,False
GLW,US Stock,6654,0.3790583290542623,0.1249651561577124,0.9003492991057971,31.80514136036436,1.7044097448590963e-08,True,5,0.8319400643462349,0.4601610444691924,0.0186078056951988,40.12469127683289,1.1912917959201175e-10,True,searche,searche,16765.08380688162,16742.043031241785,16743.990905828974,16751.835937743406,11.641265275322164,10.584173549419445,11.843337499809737,6,11.559280498999106,101.09819834037262,False
GM,US Stock,3916,0.0450185814247417,0.1207636957930415,15.914234123304633,45.25278931770663,1.7317372102137554e-11,True,3,0.7915536210960362,0.1937754932912708,3.406591042369536e-07,0.0,0.5,False,searche,searche,8699.249285049113,8662.2028064572,8662.471907640023,8673.388296952811,11.179667761257615,10.475138865659437,12.256566917693512,3,12.412428243677068,34.69858361473598,False
GME,US Stock,6124,0.0503215947113339,0.1323939402516223,23.748849575892333,137.9098357458024,7.626198995564343e-32,True,2,0.8933916541014283,-0.2702767734407465,0.0031435466893551,1.240064009347407,0.1327293590093669,False,searche,figarch,20021.402664817157,19892.170779641645,19892.55957907581,19897.22819973597,3.3308655565132708,3.270644372027574,3.20207833120286,2,3.671786276564307,161.88462586886817,False
GNRC,US Stock,4111,0.001125374166054,0.0003408867007157,736.7983510146274,101.28977041320286,7.94651025627733e-24,True,3,0.9487608859134788,0.1681412314247137,1.5575959848826467e-08,0.0,0.5,False,tfarch,tfarch,11244.272734366345,11151.24112731468,11151.137403347017,11169.72456212646,9.716223410217436,9.69201989578549,8.67616306871341,4,6.951754345634331,148.60330075281672,False
GOOG,US Stock,5491,0.2389273821669043,0.1515637900709925,2.169423920945437,34.78957169235764,3.6733580727830125e-09,True,4,0.7396684153038476,0.292798595446025,0.0114964216892039,12.17621100175711,0.0002420143243275,True,tfarch,tfarch,11146.593127058008,11120.367441285058,11119.003104256715,11126.969948326509,9.315034992126485,8.50738792603414,9.713347453992991,6,11.576364761062734,185.2543987875524,False
GOOGL,US Stock,5491,0.271834433978311,0.1451878221739558,1.695539831684535,30.379592635094014,3.5524586073431367e-08,True,4,0.7175829328135536,0.3379835458697189,0.0125444666356762,13.60505352609107,0.0001127887348074,True,tfarch,figarch,11160.681577237052,11138.865870521366,11138.379742729916,11144.527197735611,10.260794215842878,9.236051057482609,10.955673008962448,7,12.972374969423935,177.31420183989758,False
GPN,US Stock,6392,0.0267625225287162,0.0786467897278422,37.191225965245984,58.69611868411084,1.8400412735392264e-14,True,2,0.6996435128408077,-0.0564627305247201,1.0274643442419002e-07,0.0,0.5,False,figarch,figarch,13975.920467362592,13925.94692869962,13926.204614624334,13915.237595101333,5.47756107262498,5.332242914205074,8.28647177231155,4,8.337254297159376,124.5090164758676,False
GRMN,US Stock,6416,0.004626060744418,0.0106077366726906,134.55264320602913,13.495064829592591,0.0002391917050946,True,4,0.7738922563699038,0.4969636045086537,0.0035922504381448,1.280028564919121,0.1289468620985628,False,tfarch,tfarch,15305.259668811022,15300.49108517787,15299.179749573952,15309.913610955631,18.86530770040696,22.68762900282444,5.672762852691664,2,12.475498229226446,321.2010341705427,False
GS,US Stock,6654,0.2653039792732352,0.079089809073242,2.0552464676221707,56.48257489500247,5.6698604360971636e-14,True,3,0.8124565695540746,0.2517551093880799,0.0152564005646253,28.20572142420133,5.4540824421216775e-08,True,searche,searche,13776.9886897711,13729.270480596628,13730.00966517719,13742.769607711203,7.557332297647724,6.993767889523701,8.616578317322718,4,8.822463013363217,71.65850428372505,False
GWW,US Stock,6654,2.182818903017727,1.5897981753941974,0.008493302505518918,4.102417899175634,0.04282193248545292,True,8,0.5513214337546938,1.9819194463425975,0.36629915396230217,31.63079195098726,9.322482712442013e-09,True,figarch,figarch,12433.897503559965,12438.55945138132,12432.5827819675,12414.00648860839,7.4329165324624356,10.353846610569324,17.08806099151784,7,7.980156772211614,113.3143420251181,False
HAL,US Stock,6654,0.1542074553216096,0.1589684916672011,4.618790572781353,57.31533748586662,3.712488217585828e-14,True,3,0.7964939293210519,0.1699660995255174,0.0096306782386108,12.387839354010794,0.0002160695046531,True,figarch,figarch,17624.46502174432,17575.914049978983,17572.715940309554,17558.04024945183,6.815254032299651,6.678816587565906,5.354701322494264,2,5.489229710864819,96.0610734891743,False
HAS,US Stock,6654,0.1805184793742193,0.1590520562347585,3.4434939503921163,49.04387311906976,2.5030084403680296e-12,True,3,0.6348232862174167,0.1979440288182357,0.0079538319461069,7.422165296778985,0.0032212619889217,True,tfarch,figarch,14054.324998577524,14014.045491178984,14013.7033525837,14017.908672731235,8.180692660140073,7.503605322568278,13.83950470829563,4,10.602288645122458,79.69758881386588,False
HBAN,US Stock,6654,0.1632009872444382,0.0541828329688517,4.836454661925949,116.8105133635854,3.1584708022874088e-27,True,3,0.9022456531173833,0.007119918161811,0.0082013163263614,13.72814123263015,0.0001056325704961,True,figarch,figarch,14321.094627231188,14213.048479588131,14218.560378652592,14211.216778199036,5.288142763234936,4.870784162208936,6.711613766115273,5,6.797756608724892,134.34129177241084,False
HCA,US Stock,3840,0.1021503908286191,0.1090729414383023,10.08221702762843,25.7648473479876,3.856488060781398e-07,True,2,0.613643619340595,-0.1385824807706821,0.0081970910707606,2.592916247293033,0.0536712660076926,False,tfarch,figarch,7869.66548597751,7852.085988852701,7851.606621462731,7854.145154180724,3.804122176104871,3.733320815201288,4.398728425651262,3,5.60026633287274,73.20481299814037,False
HD,US Stock,6654,0.3702820718172691,0.0926789716976025,1.152246932699856,37.04380017029689,1.1550525619119882e-09,True,4,0.8337325617738574,0.370941093064396,0.0257237459358496,48.342816687129016,1.7892634009247917e-12,True,searche,searche,11466.770242834216,11438.49080838445,11442.857434985228,11455.288741983586,8.100130446770152,7.365089746390123,8.416547496862766,4,9.262090148183932,44.717531093236175,False
HIG,US Stock,6654,0.1969979907065337,0.0786921072163647,3.480705718486077,86.68237029989723,1.2742769555842734e-20,True,3,0.8456326264642887,0.0988550239795851,0.0096351353967508,18.845310325770697,7.087960197272481e-06,True,figarch,figarch,13340.422594349233,13262.504589769864,13270.737317889616,13261.960844744755,6.2158731520163,5.700150068227663,7.733424611794556,4,7.854918785585816,104.86177393804974,False
HLT,US Stock,3145,0.2396240804942678,0.1033820938999446,2.176657790200113,20.518260553626533,5.906507597351582e-06,True,4,0.8115436601652055,0.2288977237387001,0.0084216703319759,5.054348641361685,0.0122821068210343,True,searche,figarch,5581.9404102673525,5569.392199018702,5574.422747301895,5572.507153331083,9.169219712222253,7.983868088195457,11.811083475957014,6,12.4724881011394,36.34826063523997,False
HON,US Stock,6654,0.1677080234588244,0.063601501961837,4.124086096807662,96.5778967041024,8.580081509616317e-23,True,3,0.8460002828571727,0.1095273759589201,0.0069463249500721,8.601818786730291,0.0016791372707748,True,searche,figarch,11253.299044029998,11165.485513046426,11171.33714662194,11167.22374462224,6.863516457686244,6.264142152961744,8.339533704830476,4,8.10227119785453,143.67339255550905,False
HPQ,US Stock,6654,0.1205778286434009,0.1601970634506229,6.068230721805486,57.53758860754897,3.3158163447117586e-14,True,3,0.7364830764343208,0.1938990846324028,0.007963733454739,8.298567464689768,0.001983818146714,True,tfarch,tfarch,16095.176523183776,16046.403300296755,16041.560223086575,16053.898499823714,7.428166840390562,7.426800311395612,6.416784581196672,2,5.9013650560637805,102.33410927661134,False
HRL,US Stock,6654,0.0024291836958832,0.0023545828592439,420.7362209741436,35.28625817025386,2.846333241512626e-09,True,2,0.6273390065902068,-0.0276484244960254,8.145716147342945e-08,0.0,0.5,False,tfarch,tfarch,10143.754555703794,10117.23266325407,10117.161522948123,10125.446645621863,5.7228626629940935,5.7084093134573015,6.038104721550804,6,8.007382635256997,216.10084086883035,False
HSY,US Stock,6654,0.1495330048922588,0.1700461822109553,5.117949255301188,61.3835733844644,4.697130561731981e-15,True,3,0.7396042102922851,0.1552883969369711,0.012321210759988,15.435153311078466,4.2692541973501895e-05,True,tfarch,tfarch,9510.560663597344,9457.941455933407,9448.413009693602,9464.984270675715,5.947447752492471,6.047322891037806,3.6318837762107408,3,5.204903965924354,150.78837832916724,False
HUM,US Stock,6654,0.0241734182462979,0.0671045165500881,36.73177121688662,112.38728505037398,2.939075519558133e-26,True,3,0.6672943938938448,0.0586763436264453,2.6625957781653785e-08,0.0,0.5,False,figarch,figarch,16248.065317129947,16144.442397800103,16144.64072519739,16117.84343798953,7.32662839545053,7.107510298343475,16.367558421007082,5,13.4693474056783,197.24632555684548,False
IBM,US Stock,6654,0.1354056695766064,0.1205248487294552,5.436742777966275,72.33082330812795,1.8198264768340768e-17,True,3,0.7386883265744602,0.0961193661940723,0.0054805894722476,4.061446302830518,0.0219364538230976,True,searche,figarch,11016.777946043976,10953.211488456378,10954.775323075306,10953.825388240732,6.865343371607102,6.346105256622932,8.732418853954655,9,1573.2135423878428,439.0164846366861,False
ICE,US Stock,5176,0.1543816390926499,0.0719978496232268,5.149735732691582,68.83165087978341,1.0723773247764728e-16,True,3,0.8196865086221542,0.0476051622478944,0.0092707607238849,9.80732172439275,0.0008690922870335,True,tfarch,tfarch,9556.315961920503,9495.986187528026,9495.83416889124,9505.640391091303,5.384084082252405,5.163601810748568,5.241646022976802,2,5.293142949531559,71.40898852676037,False
IDXX,US Stock,6654,0.001553685976975,0.0001987664194089,675.8686987345542,137.75178230912934,8.257993175497313e-32,True,2,0.7284937981083199,-0.0536129604119055,2.6259265695361863e-08,0.0,0.5,False,tfarch,figarch,14226.974825868425,14097.987409279824,14097.87845214488,14099.580010120177,5.374892728405956,5.367732917176917,4.601059926628009,3,6.071924037042615,444.7712117572773,False
IEX,US Stock,6654,0.2292594346256634,0.0917139081962834,2.4862806751989392,61.82041776650658,3.762526402100453e-15,True,3,0.8092637513756945,0.2226520438139483,0.011554840507157,16.436072861144567,2.5159249587746264e-05,True,searche,searche,11886.551701952038,11833.49564990606,11837.603293957856,11844.244314705556,7.983620486476892,7.167658688899033,8.47318662495123,4,8.678918483424313,64.85983708249114,False
IFF,US Stock,6654,3.0,0.790397523760933,0.0027754560938268212,59.219081759945766,1.4105933548481111e-14,True,7,0.7538288073223429,-0.04336233034273387,1.1173513545306284e-08,0.0,0.5,False,figarch,figarch,12344.69587089153,12294.241154852114,12338.124695088698,12280.89898591696,5.870484040604835,5.4984092292461675,12.547914586826996,7,11.556121022605659,379.33097163025195,True
INTC,US Stock,6654,0.0055749382516031,0.0012888035481375,171.82540947060625,112.33384541310808,3.019371356689735e-26,True,3,0.9206698495572876,0.0759177729966269,0.0017917723001803,0.6489507910519023,0.2102440245182856,False,tfarch,figarch,16039.233838913568,15935.66435922099,15934.990059349078,15939.871190481916,6.625912019630677,6.886827497910879,5.730901351564167,2,6.081815637455045,136.42294947664595,False
INTU,US Stock,6654,0.0259711463009492,0.105776173137045,38.452968588548,114.04626848665066,1.2730310560689515e-26,True,2,0.8894911938411362,0.0032675839408405,0.0027335681038746,1.0531953385288944,0.1523861588999473,False,tfarch,figarch,14642.68661133865,14537.404708572529,14536.594072387292,14540.844093282209,5.452531259964668,5.579403012535977,5.089351656947378,2,4.954211124594232,200.09121374527055,False
IP,US Stock,6654,0.1677343986002964,0.0694073254834211,4.225634619721534,90.4457201954756,1.9012172467558697e-21,True,3,0.8587786976106012,0.1229433591027514,0.0086788747856542,11.723931663451369,0.00030850729826,True,searche,figarch,14110.668058776544,14028.986704301598,14031.397912252169,14033.653332344918,6.512163230391436,6.155471662648711,7.624641030279394,4,7.826553371551925,101.44362924533016,False
IQV,US Stock,3296,0.1234581416382162,0.101611537821613,6.375772653316759,41.725109302510646,1.0505114927080164e-10,True,3,0.7944303569340285,0.0682765264529703,0.0056989209449529,2.5619848564638232,0.0547305385450843,False,searche,figarch,6319.894141809442,6286.189960225913,6286.745663963831,6289.442108031091,6.223648301838582,5.90996919075107,7.8000103626079795,3,7.272583511859914,60.5419329920669,False
ISRG,US Stock,6538,0.0010472501167273,0.0002339559704263,832.6017602754298,198.06924663847167,5.5103030161487253e-45,True,3,0.9034701681255266,0.125327657489201,1.841817155154483e-08,0.0,0.5,False,figarch,figarch,17458.727223995003,17269.40405757389,17269.18728545383,17223.760598636774,8.571804493590633,8.5485545827617,4.253984297438855,3,6.12662536460863,559.1262178599791,False
IT,US Stock,6654,0.0039153973707977,0.0008075079633089,276.3996027472952,58.237866875371765,2.3226504650217567e-14,True,2,0.7833321850512788,-0.0923051346243345,5.6130293720827914e-08,0.0,0.5,False,figarch,figarch,15589.760357804324,15540.286856649484,15540.227914865332,15525.252101314543,4.943495586664425,4.915728160434857,12.033087745575465,4,7.815631418386308,244.59482916772868,False
ITT,US Stock,6654,0.3250188500164396,0.1414456540637208,1.2862381644422798,30.14360228215264,4.012085447544221e-08,True,4,0.7693785753611352,0.367059974566404,0.0168921566150458,32.01667752265348,7.642732968324785e-09,True,searche,searche,13302.02119442644,13280.641957864817,13282.07642542266,13295.25031915461,9.948528186652227,8.793796355628675,10.397758240125892,6,9.86172697246138,39.2474497162184,False
ITW,US Stock,6654,0.3753851569018812,0.0977626036590864,0.9199924816038184,28.47054344060234,9.513492961302857e-08,True,5,0.7884993947287273,0.4522714898294391,0.0188132248193969,27.634919243229888,7.325492859461258e-08,True,figarch,figarch,10530.168216049296,10510.462038329224,10520.703930161271,10503.912793224556,11.563954064105989,10.31914236850707,18.746757284446208,11,18.722802936619573,48.58652090604846,False
IVZ,US Stock,6654,0.2907681557005678,0.0743216419909735,1.7107907010249168,51.57238871082882,6.900526640166349e-13,True,4,0.8317198791264991,0.2922318665864978,0.016131244690848,31.462836537095427,1.0164708880864772e-08,True,searche,figarch,17020.456326099138,16977.64830310884,16981.777486763374,16980.95860254432,8.181288232547253,7.512241144483371,11.62142310332887,5,11.623161785749,65.42439440657836,False
JBHT,US Stock,6654,0.1196439931348977,0.1067422352129211,4.699816700206071,72.10159222007132,2.0439876464155805e-17,True,4,0.9279893666423864,0.3014024129045798,0.0027624921583476,1.9192579710270363,0.0829692421189018,False,searche,searche,14738.22903620838,14674.891809708835,14676.350177610668,14684.389833288731,13.589416463074674,12.488367957948514,15.685692979758205,6,15.500602695824533,76.96899301994927,False
JCI,US Stock,6654,3.0,2.123674530873116,0.0005710814440942668,215.744040145295,7.669329385452978e-49,True,11,1.0023369172736207,52.81810498626989,6.453846958831562,933.8675837297815,2.130759255552779e-205,True,tfarch,tfarch,15370.495842131892,15163.516167707126,14839.083046500125,15306.994619889112,10.26907625072662,4.204155349080903e+27,45.739437912264655,4,351.90581796651645,803.4506503133998,True
JNJ,US Stock,6654,0.3091496988637799,0.4021511054678056,1.7663268466380062,6.93064682507611,0.0084731039586249,True,3,0.76503136547726,0.5533808448087758,0.057320816266177,10.773830353367885,0.0005147262443321,True,figarch,figarch,6560.451760603375,6562.285479498829,6564.773556507522,6552.632092797571,6.439173079485041,6.943467896326532,6.29138362941581,2,6.889746960489119,62.81495668248317,False
JPM,US Stock,6654,0.2796158205509567,0.0606074039746892,1.969561776282012,70.46340666558899,4.688838081738285e-17,True,3,0.879002971319395,0.2209192118737291,0.0158279238200484,43.83934577822947,1.782331712337558e-11,True,searche,figarch,12829.530036704946,12767.830995759889,12774.916422710628,12769.75856132407,7.026522556082271,6.454399422754696,9.195139106474258,5,9.31006095980936,91.31417836380206,False
KDP,US Stock,4556,0.002688189666,0.0005060545084057,398.5907997081204,15.752903359781158,7.217708098938434e-05,True,2,0.3793665923413725,-0.078699815459202,6.153861200440167e-08,0.0,0.5,False,tfarch,figarch,6860.82186705571,6853.43626379777,6853.398097027041,6854.859258088767,5.091117344071043,5.067581045548566,4.558420968616786,4,6.542101761033331,51.04679304586716,False
KEY,US Stock,6654,0.1598483750219005,0.0603970698441093,4.701000137069506,112.45970053181736,2.8336645460415253e-26,True,3,0.9508320386196008,0.0618068429287047,0.0077231249221858,13.763981956035424,0.0001036361358684,True,searche,figarch,14646.223783758924,14542.528448947638,14545.425668111,14547.269809535606,5.93561416945334,5.515612146975015,6.82554713699575,4,6.683400651355436,123.96508949376404,False
KEYS,US Stock,2931,0.02,0.07216001466697804,43.671161342050915,0.0,1.0,False,3,0.6741642161342433,0.08904461275775277,3.850725760765988e-09,0.0,0.5,False,geometric,figarch,6216.505176003765,6225.9082148299785,6225.705497019531,6224.818284526786,7.785252771317974,7.71847490771769,7.9133134080167995,2,5.585030645292054,123.47423721766063,False
KHC,US Stock,2754,0.0009246838147082,0.0003275564481118,804.8665886680617,25.20934762771958,5.143230920294762e-07,True,3,0.5341792444727584,0.1625375707589736,1.4813493808105682e-08,0.0,0.5,False,figarch,figarch,5050.545348791579,5033.160846854887,5026.635878505537,4951.644309000429,12.680647090814968,9.531158803885994,3.584338042489798,3,3.677729580584489,467.4014318621848,False
KLAC,US Stock,6654,0.4035990694408313,0.1618148054551943,0.6807758816051872,14.587059856348787,0.0001338303955305,True,6,0.8345119996062196,0.590688864942639,0.0203768587600442,22.32001070593469,1.1539454833383094e-06,True,searche,figarch,17195.72269706222,17189.900002926403,17196.58061662849,17189.98383706223,15.475970623593344,14.168123183011692,20.819504011025955,2,17.145170213562434,39.19417222010088,False
KMB,US Stock,6654,0.0016521969279097,0.0001401350157413,621.3115701225792,117.12152719337335,2.700058352357048e-27,True,2,0.7775288000932818,-0.0312944661235558,7.177738636215224e-09,0.0,0.5,False,tfarch,figarch,8240.308758171344,8131.951596698501,8131.884656077458,8138.057550412141,5.681220322666889,5.658618287536088,6.342022234317797,3,6.333763810044561,143.5763852304426,False
KMI,US Stock,3858,0.2662347377666862,0.1742957056223284,2.530463847728038,18.90830702646872,1.3715412936274416e-05,True,3,0.7448369561259857,0.2111982315199168,0.0328736035905057,7.839549259868363,0.0025557675206149,True,searche,figarch,6492.848107625451,6482.130155002746,6487.952159019305,6482.577888713709,5.066290187499287,4.911281354726851,5.949026460717152,4,6.387291873212762,34.25825180830907,False
KO,US Stock,6654,0.2778026989188268,0.0980015564751089,1.9075896887119723,56.78093971886028,4.8716543009496784e-14,True,4,0.7998645015251753,0.2523991365042339,0.0155820623679148,30.590308161919893,1.5934084788873567e-08,True,tfarch,tfarch,6959.907116144138,6911.890542145808,6911.783427987282,6920.122126465702,7.613995581359021,6.952415029325333,9.150703932629416,4,9.115517340052724,101.34353334214484,False
KR,US Stock,6654,0.000852817275739,0.0003637906170999,1192.655254767927,189.18068223533191,4.7992391708904494e-43,True,2,0.7355825519671559,-0.0191831623755252,4.211268304566846e-09,0.0,0.5,False,tfarch,figarch,12981.939317460665,12801.52300094586,12801.377697925574,12802.78001009966,5.833358194044636,5.826663081788378,4.64960192182798,2,5.12425163885206,275.9332684805777,False
L,US Stock,6654,0.2881573872040447,0.073932239921521,1.9930605427481896,56.02323228973728,7.161969020121872e-14,True,3,0.8529731751094102,0.1945769271339164,0.0192575567071835,37.96981413535832,3.592383990203424e-10,True,figarch,figarch,9901.523187603349,9854.26432103414,9863.865651868342,9853.716694773677,6.30464317873974,5.728359626429852,7.031282262607318,5,7.1292858646937605,75.87045762000162,False
LDOS,US Stock,4946,2.7865474816799747,1.4935706468946157,0.010698782562247587,8.602214400179946,0.003357545122994679,True,5,0.3648563187941299,-0.12822466331463023,8.019363978871241e-08,0.0,0.5,False,searche,searche,9571.561151164055,9571.412977140286,9590.496215909154,9580.453218221379,4.0799996702131445,4.548207054668382,5.856733203458316,4,8.849440199088944,106.4413449550284,False
LEG,US Stock,6654,0.0388625597571349,0.1429963279734475,22.18353207185644,107.98898087010092,2.702766613336752e-25,True,3,0.9245917336188718,0.0705663202282895,0.0017560441769781,0.4895166475525911,0.242071498070908,False,figarch,figarch,14367.02742975118,14267.802814601608,14263.79447161106,14263.028101617912,7.348278748109328,6.802793016310763,5.007483229835239,3,6.973578688640022,164.4886345559171,False
LEN,US Stock,6654,0.5059811196425217,0.1240090513090082,0.4153340454537475,12.033654648661468,0.0005224853198447,True,7,0.8666878617478279,0.6309980270888184,0.0231566076236457,52.723249796272285,1.920090883543885e-13,True,searche,searche,17367.386244360463,17364.11695543233,17365.824756978003,17392.853557321454,16.05690618206407,14.571748990904496,16.086160633406227,5,19.82039532994798,26.76336754332806,False
LH,US Stock,6654,0.1541364100941827,0.135140020154247,5.078223441195383,130.23630934473658,3.6378586603284125e-30,True,3,0.8577620099499959,0.0936422727573527,0.0114107442204838,26.73538210032348,1.1665501324855557e-07,True,tfarch,tfarch,11440.224188951828,11318.75224532762,11305.218678526366,11333.832876134637,5.568015012219946,5.418723946003175,5.348318901844958,3,4.316890084997326,433.5897211457032,False
LIN,US Stock,6654,0.256876320395824,0.0802761073673831,2.175014561747149,50.20178403786667,1.387216385435511e-12,True,3,0.8169813882078374,0.2318495871809964,0.0146436718893227,20.9872977168925,2.311692719449077e-06,True,searche,figarch,10267.590632028969,10226.153213711632,10230.05849419802,10232.759638897878,7.443305230334735,6.783903809610593,7.803090712257967,4,8.03839997307443,58.350686916148334,False
LLY,US Stock,6654,0.0940928720686177,0.1008006956096589,8.593951840767366,95.77039280036117,1.2901072408822317e-22,True,3,0.9038582197364096,0.0986939710991611,0.0050913810006424,3.346795944704354,0.0336679803109094,True,tfarch,figarch,11706.272867550872,11619.266840471042,11618.840325949504,11625.348800046228,6.645345793544768,6.465111509697005,6.289415679832843,2,6.159626566467909,185.3816675371454,False
LMT,US Stock,6654,0.1554868757302294,0.1107734753946607,4.448983557481344,59.584210793760576,1.1717146917564515e-14,True,3,0.722825674687587,0.135936867769514,0.006792749104537,5.452566445055709,0.0097698008032664,True,searche,figarch,10185.236163912192,10134.41631883896,10136.411586095934,10139.344763957177,7.224833679914379,6.695362633962094,8.64468065993748,4,9.555936986213034,77.68203433845338,False
LNC,US Stock,6654,0.1230926601648469,0.1440055218468738,6.99598003588896,128.72692973267294,7.782105315669649e-30,True,3,0.92341801476628,0.0291934616648956,0.0085109237736639,16.415829742500136,2.542936186237701e-05,True,tfarch,tfarch,16534.44110292557,16414.478538913427,16408.557640561798,16422.649755097493,5.121492862863945,5.057641293353334,4.393088801332571,2,4.911404495142417,148.40857438090825,False
LOW,US Stock,6654,0.3530340716422016,0.1563295007737165,1.1546316982859184,18.20228984042842,1.986398678786248e-05,True,4,0.814785911917618,0.4003746085797302,0.0220573310654604,24.41999766229492,3.873022393349953e-07,True,searche,figarch,13466.818673123473,13457.380749003574,13466.638567455942,13461.253279574628,9.348517435256598,8.437552332548243,9.474077044431644,4,10.533163170223316,40.46408863466968,False
LRCX,US Stock,6654,0.2884197908264069,0.0902045728620141,1.4242903653575594,26.593735446334904,2.5105648791912084e-07,True,4,0.8438447428886972,0.3476345683636358,0.0097253418791513,10.86970903175461,0.0004887494311118,True,figarch,figarch,18678.9218459522,18661.0924762264,18672.41252631792,18647.157346576598,11.997348631334663,10.415945574646472,27.48940704651629,9,26.385572289440567,54.433937495879945,False
LUV,US Stock,6654,0.0297189976129504,0.0750193098533087,31.99621072290712,125.25661896321073,4.472083304033716e-29,True,3,0.8479478072234874,0.0064083922869333,0.0010740545509066,0.2588221019104821,0.3054652718518462,False,figarch,figarch,15881.688667543362,15765.19641430068,15765.361251373612,15760.66999552038,6.036656187817921,5.952992486028144,7.699815326284353,4,8.003420657178332,170.23186026944677,False
MA,US Stock,5046,0.1437618623721959,0.0819911782113094,5.465678242781604,65.28731719805,6.473663630096668e-16,True,3,0.93527633816109,0.0005431678663573,0.004883762714086,2.904606498148496,0.0441634037743627,True,figarch,figarch,9634.961505746784,9578.14930896373,9583.44909611813,9570.21572924978,5.750878399146563,5.205345670692783,8.211546652239983,5,8.194783177519387,86.38309017899337,False
MAR,US Stock,6654,0.2816500720139664,0.0852962912561764,1.7330035636762655,34.0973092498225,5.242370731540599e-09,True,4,0.8265766856348348,0.2610470385545229,0.0119500370317917,15.236075058288408,4.743683973438598e-05,True,figarch,figarch,13605.094703330356,13579.761759801064,13597.47445442924,13555.278203175223,8.797209254046736,7.767017393795932,16.312999455439968,10,16.87898351700388,73.06558956919253,False
MARA,US Stock,3549,0.3444142041771753,0.096431012008343,1.726918611724812,40.75255271492097,1.7277759426248906e-10,True,3,0.9591889544607356,0.1512652763854148,0.0287241641603684,56.09917249694081,3.4453056256816665e-14,True,tfarch,tfarch,15630.062336134191,15597.410551662344,15593.18786034178,15624.51390848276,5.011398816425171,4.645708365535551,4.916530534190287,4,5.147348046343361,70.68040993356772,False
MAT,US Stock,6654,0.0008940501154331,0.0001294626258615,1231.0546108739536,232.59402539278744,1.6204751892155769e-52,True,2,0.929798604299889,-0.1027507020472613,7.895829369712033e-09,0.0,0.5,False,figarch,figarch,15643.21208825176,15419.382428579502,15419.177132816993,15408.578953737757,4.808100317016792,4.804025572568833,3.5804946843863963,2,2.9689917972426407,378.07484402152113,False
MCD,US Stock,6654,0.1718732323733069,0.0992913088617499,4.034521685553843,50.78955066725939,1.0281965142322602e-12,True,3,0.7943798351292791,0.1469493492303768,0.0097806393736363,8.82342555550531,0.0014869393429795,True,searche,searche,8619.421053023103,8577.395868076374,8577.959429295568,8589.657098836704,6.709296651493483,6.312234245630928,6.520966980680093,3,6.635495190909491,58.16094839587822,False
MCHP,US Stock,6654,0.2664555870004146,0.1093069560488271,1.6203520725078004,38.71593113482231,4.901917967873338e-10,True,4,0.8309727998588748,0.3522141662295067,0.0098716056724712,11.931167773918787,0.0002760128170506,True,searche,figarch,16430.128906090722,16400.17734067643,16405.781735074295,16406.057449275533,11.973630453820114,10.489988319521634,15.802208767009944,7,16.010704706445047,49.84010521227174,False
MCK,US Stock,6654,0.0020604595587663,0.0021105730787156,478.0050565506032,68.07787880964861,1.5716396970566394e-16,True,3,0.7332276041866405,0.0772087653646738,0.0021841908698664,0.5237247823188227,0.2346285531677743,False,tfarch,tfarch,13127.764450749772,13068.450937660657,13067.846518961484,13075.345038709766,6.284393965211282,6.80255744784828,5.08884268551699,3,5.771712110210889,163.99365104925892,False
MCO,US Stock,6654,0.0828528689087201,0.0845140151275154,10.75355826501816,102.24595000237424,4.903912165470599e-24,True,3,0.7906178914903442,0.0043353913632361,0.0039644204538606,2.445157737851332,0.0589440170819986,False,searche,figarch,13340.552679814276,13247.071095532432,13247.748963664337,13251.726016288503,5.582556734273116,5.385795673548366,5.633099541327699,2,5.728833665761746,142.5539986872609,False
MDLZ,US Stock,6289,0.1583794040910028,0.099783835567265,4.978126893071539,32.13539882942132,1.4379330519662428e-08,True,3,0.6421787512710627,0.0144417701191811,0.0073393555955866,5.110916905872728,0.0118878758596676,True,figarch,figarch,8558.35804044269,8534.928304092065,8537.8244125353,8527.805316824988,5.396445223806663,5.039851643270755,8.501193617760734,5,8.195871751148504,64.39149502946384,False
MDT,US Stock,6654,0.3294892922060948,0.2198170041350242,1.5688400345854818,10.370961632117542,0.0012801285206111,True,4,0.6146309814844674,0.2606606544431649,0.0240232535093422,12.901335777312852,0.0001641738568047,True,figarch,figarch,10619.879587626994,10618.272991715408,10626.77155153408,10609.17220552508,6.638091781572324,6.040080108354936,10.41973982079416,10,11.245579594912444,67.91296925079587,False
MET,US Stock,6588,0.2784130744317479,0.0745940967004845,2.121641950583438,46.24050234412425,1.0459233090974435e-11,True,3,0.7727559718603226,0.156986636400781,0.0170276637733751,34.820362614296755,1.8078596913884078e-09,True,searche,figarch,13332.169196773204,13294.682697362574,13302.586914044385,13299.049177208912,6.187765754155038,5.526268539723535,6.583349350339898,4,6.84333087953072,56.75058920208903,False
META,US Stock,3539,0.0114764002451077,0.1002147303435272,66.80499091782028,46.705063518522365,8.251552309886652e-12,True,3,0.8644279318333874,0.2082928370887909,2.458984589081222e-07,0.0,0.5,False,searche,searche,8744.95047802596,8706.343145081102,8706.356116921499,8716.219033439536,11.199040273324272,10.955708257537632,18.877405336867152,5,11.102412628119504,229.3436198501331,False
MHK,US Stock,6654,0.0739368970053243,0.1436770700192921,10.178613426713111,105.26169775648304,1.0702505532046286e-24,True,3,0.9303069341594368,0.1180739588719553,0.0013242160482158,0.4688971514842706,0.2467474841909815,False,figarch,figarch,16107.589993087371,16011.092661051418,16012.748431437354,15995.862724231458,8.634000088864392,7.856534501104948,32.59497862914449,4,7.728483860314119,291.8780185969881,False
MKC,US Stock,6654,0.1256605255980159,0.1125844269046278,6.8155839183696205,64.26467009734915,1.0877895862546002e-15,True,3,0.6943480392052508,0.0180726264044498,0.0083226589522898,6.250963048660196,0.0062062901472297,True,tfarch,tfarch,9331.306518489033,9275.806214112214,9274.63401821874,9284.376008869898,5.1311839783783,4.965721430128647,5.475088904925558,3,5.5698892330972,72.48339751380081,False
MLM,US Stock,6654,0.6595766432735275,0.4893688749500548,0.2390904726696013,1.6323309140625497,0.2013809532996683,False,8,0.7305615258218225,0.9009855126620548,0.0521406247638652,53.4661656456592,1.315425275157853e-13,True,geometric,figarch,14231.843691639076,14238.975726445544,14240.1803104566,14245.073282353484,14.354034633036605,15.476159419712948,17.830909641754772,9,19.950124252989458,18.497696765460205,False
MMM,US Stock,6654,0.03665365734259,0.1495315389133673,20.798453396657305,111.8914578053409,3.774174541460432e-26,True,3,0.7787734465058405,0.1615095574363614,8.432575178286138e-08,0.0,0.5,False,searche,figarch,10810.584602231187,10707.457510146378,10707.879700351168,10708.680422809051,10.028787741922528,9.501997302492336,17.895887105869257,2,10.442914536739966,348.43208520643384,False
MNST,US Stock,6654,0.0024315601777707,0.0008183901891987,468.0967611352581,165.45470786104852,7.277477231538867e-38,True,2,0.976786797147649,-0.1441914201052415,2.9259972458676566e-08,0.0,0.5,False,figarch,figarch,17028.161329736344,16871.470987595825,16871.320320212868,16867.13283913302,4.409927571662038,4.399093769656512,4.509850977534946,2,5.201327323998376,317.9421243992947,False
MO,US Stock,6654,0.0043993540417575,0.0034724237022552,262.14729771810016,152.95806273337985,3.912354883063612e-35,True,2,0.8142094582390084,-0.1192869666023545,0.0021111376056705,0.7669933322831639,0.1905743995847627,False,figarch,figarch,9661.976377561654,9517.782680548804,9516.972300781512,9515.986450159828,4.242209377348524,4.367962958286453,3.612876621170928,3,3.9309601250680455,185.57207240226128,False
MOS,US Stock,6654,0.3636897341849712,0.1119209978217187,1.0547227944733577,33.79135385015616,6.135092354311349e-09,True,5,0.90115408199563,0.4130418093901128,0.0195137025152841,42.84070596301899,2.9691771045272116e-11,True,tfarch,tfarch,18373.647165449904,18348.62017732028,18348.251388407003,18364.602297283214,10.019127919095252,9.2069445608782,9.607992957143216,6,9.520868303476716,44.92445488998783,False
MPC,US Stock,3766,0.1788980156908874,0.1292629048004333,3.562122897687248,19.42980087034084,1.043657755040857e-05,True,3,0.6134853740231342,0.1619288387931204,0.0068022996108169,3.3540109056084475,0.0335207371678182,True,searche,searche,8857.4807599413,8846.215469339706,8847.324105889315,8854.847282960389,7.808259605182164,7.127335638482397,8.57207750045578,4,8.901719659000877,25.82114621620713,False
MRK,US Stock,6654,0.0041096724317394,0.0016432062249165,239.74404080048984,54.14873004743095,1.8587397037839686e-13,True,3,0.5131407261476898,0.0055055672634188,1.1415908235106431e-10,0.0,0.5,False,tfarch,tfarch,11939.017603600889,11893.633239273986,11893.584732849824,11902.300906756354,6.219316694165333,6.193313627173327,6.425919201579772,2,6.276215814617802,81.8762276735506,False
MRVL,US Stock,6528,0.2782090087184102,0.1950288689538859,1.4460941865070702,27.95500321857253,1.2416948795877782e-07,True,5,0.8812845661163451,0.4114522926561884,0.0111082287654041,16.235646882272704,2.7965860342637065e-05,True,tfarch,tfarch,19748.2490411036,19729.038525998883,19728.704943212088,19740.02024709339,13.081047372933572,11.796195765641386,13.93483746862094,6,12.802104535894522,53.853641395824525,False
MS,US Stock,6654,0.3086848745188895,0.0699529202037499,1.6298558878728844,45.773432747524566,1.3275180338364255e-11,True,4,0.8302816451555878,0.2723816097617761,0.0188635902318543,41.77030859386287,5.132523192545452e-11,True,searche,searche,15428.371447462425,15391.362380435428,15395.501235588254,15409.032761494744,7.489711754207444,6.777764383335737,9.05873755882918,4,9.17020331462689,59.13996146540376,False
MSCI,US Stock,4674,0.0390339960850221,0.2084019585748039,24.694076594047484,26.970751978155025,2.0655749548676086e-07,True,3,0.6699157914894304,-0.0484889018837203,1.0742768770730923e-08,0.0,0.5,False,figarch,figarch,9891.056496305542,9872.480091688803,9872.732813770072,9868.556005613436,5.605523076116504,5.4324499165986175,7.680288008869668,2,5.555604241938045,131.6392725761434,False
MSFT,US Stock,6654,0.3072857912462126,0.1038100368253152,1.5957623738313544,41.405512405119225,1.2370805180299778e-10,True,4,0.7618424463448678,0.2841625928397106,0.0173441206988521,28.890547901202808,3.829286524860826e-08,True,searche,searche,12326.34507329014,12293.70392660555,12294.265777826182,12306.502607995822,7.8966977262899505,7.177698872578162,8.53974419486499,6,8.777122487197179,124.62963579626012,False
MTB,US Stock,6654,0.2631911427819494,0.0843090631617058,2.062525331180007,50.04214720347591,1.5047880314030086e-12,True,4,0.9102631700018534,0.2253814652493968,0.0131336240725223,18.00487046281887,1.1017025338293051e-05,True,figarch,figarch,12410.05286569041,12368.775084207464,12380.937425889191,12355.69228071683,7.686179122383256,6.928235900282283,11.508030477880837,6,11.51240077730345,75.73766267963947,False
MTD,US Stock,6654,0.24634849378892,0.1285098737025662,2.2714393243010758,32.30266082595517,1.31932546871762e-08,True,3,0.7876058538468462,0.2307925391300003,0.0131110512702991,11.765792320369655,0.0003016459853892,True,searche,figarch,12978.95779219312,12955.419497087694,12960.23234529925,12960.425767249875,7.733816045916348,7.018068639992833,8.480631562205467,4,8.87366750960184,49.410310727585966,False
MU,US Stock,6654,0.4679141568603233,0.1599851389680465,0.542605272010409,9.547833551034271,0.0020018555253958,True,6,0.7948691811836399,0.5886183790042165,0.0247752954008009,35.898991758553166,1.039081137010699e-09,True,searche,searche,20872.942231262867,20872.15876343236,20873.56047312913,20883.99782672001,13.69014453652857,12.502004422518167,10.683567879098666,3,11.780867233177585,15.02511422547832,False
NDAQ,US Stock,6029,0.1643043793077238,0.0753980634834416,4.859029053712797,71.66153280931758,2.5546457450385802e-17,True,3,0.8901004488519774,0.0208862134822465,0.0092767287437395,10.026397729407108,0.0007715626576532,True,figarch,figarch,12512.189556054343,12449.189663040808,12451.61781528539,12447.528075938915,5.145272437713156,4.893176871891514,6.108747541695158,4,6.005614996637223,92.68205682206462,False
NDSN,US Stock,6654,0.0777509689133315,0.1347669008628798,10.681687214674172,75.63866488532403,3.40625759593234e-18,True,3,0.771131394295891,0.0697417143715816,0.0032107834627751,1.2191285439839703,0.1347658717103612,False,searche,searche,14918.925903437084,14852.051604272288,14852.41960863867,14860.54899861609,6.716758599980233,6.426074089860451,7.053433629339514,3,7.175596137802559,86.66859038608345,False
NEE,US Stock,6654,0.1347670917481602,0.0683060802348828,5.853955406820711,107.53792479614458,3.39349245489056e-25,True,3,0.8469779191622399,0.0709048877585857,0.0076473014073439,9.711527139066677,0.00091557892827,True,tfarch,tfarch,9336.22616271023,9237.452603634616,9237.280155156415,9245.89422764698,5.91040563525592,5.635929918746877,5.792113927420136,2,5.69373056209929,114.10468214679896,False
NEM,US Stock,6654,0.565038492774647,0.2165185354799794,0.3079354197938104,5.987274609826272,0.0144094487219617,True,9,0.8145418868387733,0.6378016188966368,0.0235360325888349,44.62195057814097,1.1949855179596267e-11,True,geometric,tfarch,16879.040999109995,16881.8180902207,16880.11517317141,16905.738747520496,17.192944491591856,14.682904715536736,12.380155980013546,6,13.363991754551908,10.082485001570603,False
NFLX,US Stock,6055,0.4868464537119177,1.6458496974288317,0.2721726413185961,0.3502600882566185,0.5539659373406829,False,14,0.7881387399345284,0.6737620547024884,0.0098176453090347,21.804328565398464,1.5095911417076745e-06,True,geometric,tfarch,19124.79358251213,19133.109452728066,19126.308120780843,19158.99493042575,35.56870871845136,28.280829027848853,21.29616956602663,3,1866.2772436606235,645.8813349831289,False
NI,US Stock,6654,0.2006973863015757,0.0707747168850513,3.5752875222281006,56.44251767854985,5.78654999087829e-14,True,3,0.7053634468535162,0.068436697884183,0.0113116779733627,13.234824080498583,0.000137397832183,True,searche,figarch,9612.83473017596,9565.15657821794,9569.65546795884,9567.484527840816,5.593269986619114,5.159464530776803,6.541248765108136,4,6.634416277905821,71.40458818260595,False
NKE,US Stock,6654,0.0791781868644432,0.0922637121436898,9.547665284179905,120.22097964129534,5.659207754814282e-28,True,3,0.7920455777303038,0.1437411996765212,0.0024429401044667,1.451588372190599,0.1141366278431955,False,figarch,figarch,13490.50665827078,13379.050044350011,13380.0930008553,13368.980989455162,8.332359772281654,8.014875424772924,14.317487424088805,6,11.361295868869837,372.1164517935304,False
NOC,US Stock,6654,0.1387415789385043,0.0947396695768271,5.19636079416431,89.13827509017392,3.681585916505428e-21,True,3,0.822715193241027,0.1306432356747197,0.0064357291176993,6.305979163158554,0.0060165717469609,True,searche,figarch,10647.306118060458,10566.932208690814,10568.236377992002,10571.705158105557,7.088901345262848,6.685210164281793,8.15553545276395,4,7.593146199322811,185.8985964966214,False
NOV,US Stock,6654,0.2267187060519124,0.1082753989316051,2.287812026495723,50.01830750048976,1.5231818335711621e-12,True,4,0.8420047876234444,0.3139624511478108,0.0104808813062683,16.32809031882789,2.663422586529671e-05,True,tfarch,tfarch,18440.54199729526,18399.2880555153,18396.633440154616,18409.58675669933,9.808708484209747,9.273478040471566,8.590217256393318,2,8.73119866669881,57.1220508301376,False
NOW,US Stock,3510,0.2093926330150292,0.3010816666870597,2.800607717607916,14.068647520663944,0.0001762574970759,True,3,0.7458640978169643,0.2393813499280833,0.0124440633368931,3.1943353676942934,0.0369469004501203,True,searche,searche,9063.583528550138,9057.603749818636,9058.1673551833,9064.684201716227,8.178809220699653,7.2807684254344895,7.613401586558027,2,6.677062804208053,17.911523814076645,False
NSC,US Stock,6654,0.4735569419708925,0.1305390039213485,0.6300070546488763,14.229268551960558,0.0001618337533254,True,5,0.7737856981048531,0.5506673513697734,0.0332695248558024,49.09984498243284,1.2162971775263008e-12,True,searche,searche,13655.734772135726,13650.269869304297,13652.237252453257,13668.404833632589,10.334200311309829,9.553706671623186,11.176526680316712,6,11.27396361328134,31.62938378324543,False
NTAP,US Stock,6654,0.00267959945532,0.0004591618355069,348.6250944394365,105.19584980923536,1.1064137778690218e-24,True,3,0.756796403102704,0.0600904234146222,4.878171261921043e-09,0.0,0.5,False,tfarch,tfarch,18121.74815861773,18025.316674529025,18025.221945219688,18035.07505344332,7.15276932174533,7.134422098448138,6.95354875694188,2,6.359054504527372,179.91453461692436,False
NTRS,US Stock,6654,0.2661845505609559,0.0726743988221336,2.042723304927336,69.61902518078023,7.19396432504892e-17,True,3,0.7616517606212297,0.253756349845004,0.0147515233466719,29.86024109889695,2.321688490557157e-08,True,figarch,figarch,13209.606403982414,13148.751744522164,13150.421916035742,13147.01154447056,7.572985975595155,7.107973145430473,9.85942960954507,6,9.998434452965007,112.45729992539236,False
NUE,US Stock,6654,0.5676569808916974,0.1297418119886028,0.3290229292825087,12.256343764785925,0.0004636791271918,True,8,0.8481086405404139,0.6499394704927299,0.0270337449301773,70.81936916504492,1.9573736879215277e-17,True,searche,searche,16288.782426644137,16285.29044859988,16285.815394627303,16304.31457519524,15.332017777344875,13.830991401901676,16.531682141686524,11,17.931453176561416,26.10193307460941,False
NVDA,US Stock,6654,0.0552978444494839,0.1317897200193639,16.287085366597243,106.55815905511554,5.5635536201528515e-25,True,3,0.9218586806608906,-0.0087448379626042,0.0009501196423439,0.2069687437906395,0.3245768586530331,False,searche,figarch,20856.944045215547,20759.15025188096,20760.31398929397,20765.46651824344,6.13238213365292,5.76604767689114,6.682122130814063,2,6.553875758838236,112.68294919804612,False
NVR,US Stock,6654,0.3067039351084302,0.1052012383984568,1.3121576034315536,36.28922861724641,1.7010139514769299e-09,True,4,0.8076329380705809,0.4022584184726104,0.0136753019234045,25.64144722642959,2.055567817198969e-07,True,tfarch,tfarch,14576.023055539195,14548.49819264248,14545.98541808452,14563.88471879756,11.538931176299188,10.530533940374784,12.257926714458392,6,12.02261917786269,50.96997175432625,False
NXPI,US Stock,3989,0.4396223930424819,0.0366902241117082,0.7134379093512148,30.612884089610816,3.149950286373693e-08,True,5,1.0068120962972784,0.4688842839154497,0.0232805920237879,69.05387130958843,4.790514092194029e-17,True,tfarch,tfarch,9913.00150494635,9890.614659286226,9890.333547399983,9915.677430853351,10.71773507358545,9.64264919777829,10.966700579778651,6,13.084567174137815,42.82254443107741,False
O,US Stock,6654,0.2721929240581426,0.0669839245061164,2.525609518073861,52.663886752885446,3.9580240146117e-13,True,3,0.8030539228290343,0.1185712866266679,0.0255125735483787,39.778851744420535,1.4220402324328347e-10,True,searche,searche,10231.779293904256,10187.8797728719,10190.428695390758,10204.056960708884,4.8030270772124295,4.561157907348387,5.1861060541467054,3,5.337171642292961,62.50135973454053,False
ODFL,US Stock,6654,0.0875884680148012,0.0809804600241895,8.984043639536345,89.99136512091354,2.3920171405062386e-21,True,3,0.9878193832124256,0.091812980283482,0.0028729215800926,1.3266773867544543,0.1246985876736947,False,searche,searche,16582.811015292595,16501.58401589221,16503.30296502853,16509.71252176584,7.290133505429662,6.873667084638265,7.6579581323104895,3,8.287513101021453,100.3120732730058,False
OKE,US Stock,6654,0.1916507808510313,0.0917012225276529,3.8752676605956298,127.10986670191414,1.7576873222862038e-29,True,3,0.7954981473870882,0.0811675654369141,0.0126333319472018,29.67860189199746,2.549731363848474e-08,True,tfarch,tfarch,13153.586569827385,13035.241068846,13033.155163482885,13051.238800732568,5.3945854515982825,5.156083371413867,4.873967943515719,2,5.231883963628441,137.31226221113866,False
OMC,US Stock,6654,0.3447707167178541,0.1414676087887981,1.3244667028186434,16.71608975753952,4.341126206251319e-05,True,4,0.815800495194063,0.3263452623824561,0.0232690040998453,23.320253038878946,6.857411342334274e-07,True,figarch,figarch,11837.604387024252,11829.652662987242,11841.654411524356,11819.62283234483,7.854021493617135,6.998374753723565,12.42648255418679,7,10.320287072195876,44.12489448471206,False
ON,US Stock,6570,0.1903621487907561,0.0778670825636555,3.2178275715029505,69.82624690166995,6.476533011277819e-17,True,3,0.9176513717397962,0.1986251021433844,0.0082403524946023,8.085769598270417,0.0022307090600141,True,figarch,figarch,20795.567595552253,20734.492506631945,20738.967309441137,20729.796795345403,8.090104995961827,7.448088293130044,11.30937990902358,6,12.19529942824046,112.91496395282228,False
ORCL,US Stock,6654,0.1078192268360343,0.1155721418050313,6.947220095139151,71.33112778821669,3.020330279894903e-17,True,3,0.8299508415791952,0.0967692812678926,0.0028925160411807,1.1547204744128976,0.1412815823877307,False,figarch,figarch,14863.88432850912,14801.317566441434,14803.217546378226,14800.012426213812,7.456209221478409,6.955398370776979,9.581148824395427,6,7.785580744272413,542.1033319850212,False
ORLY,US Stock,6654,0.3397343270410976,0.2387971838134865,1.1852390001128614,19.07621908163856,1.2560024290117555e-05,True,4,0.7598301842739111,0.4847561041412343,0.0249016927197095,18.287146584434595,9.499236424299783e-06,True,figarch,figarch,12943.999065221084,12933.687211859977,12943.141817262063,12931.688842557338,10.063905101873404,9.663116008815113,12.131852027806898,2,10.675057762054172,85.5547006615052,False
OXY,US Stock,6654,0.2746427799030589,0.1472309722941832,1.9040659832128937,51.38024791329372,7.610037583241937e-13,True,4,0.9140881723446708,0.304436848481443,0.0173583309648863,29.51341427727129,2.776551540874804e-08,True,searche,searche,14902.424881685924,14859.808999493162,14860.374165979689,14870.356519737536,7.907669993160333,7.510159872531754,7.211342834866495,2,7.362108878535662,57.81302452792988,False
PANW,US Stock,3496,3.0,9.162134017792695,0.0009309815278822171,108.84174550910211,1.7577421889135348e-25,True,10,0.23013957217539,1.5636616627178652,0.3736006896799068,24.984231740392715,2.8900550723659676e-07,True,searche,searche,9167.041034202106,9066.28385110824,9068.368810582706,9077.861668169184,8.65327117892922,5.770521968039617,4.2357825431134195,3,8.621326977443413,359.1061775132057,True
PAYX,US Stock,6654,0.2896400968928556,0.0935171628539046,1.5975536128290413,41.266094455011626,1.328534419514871e-10,True,4,0.8017204093691732,0.3122717341592931,0.0137789641704732,18.656158561196207,7.827040391322792e-06,True,figarch,figarch,11049.230787881716,11016.729059147236,11023.50992324833,11013.491237836472,9.45151691131976,8.358990043419805,14.449383189354188,2,10.433927089056738,130.25024002355167,False
PCAR,US Stock,6654,0.370157801799748,0.1358924924249338,0.958924037603047,20.607633120551327,5.637090995331469e-06,True,5,0.8115803901250556,0.4701115616353901,0.0209230194951157,25.139167652791,2.666921079857728e-07,True,searche,searche,13869.579364448404,13857.736097048382,13863.690021666223,13866.216785674667,11.237384334040998,10.221491840669753,17.107600932147957,5,18.31961840829873,39.46713678140805,False
PEG,US Stock,6654,0.2841764801954284,0.0733978503926572,1.9428044191719969,49.99796260198127,1.5390570137193616e-12,True,3,0.7654715399313345,0.243664555888064,0.0185719816888912,34.97105512258895,1.6732154812561026e-09,True,tfarch,tfarch,9838.85170075282,9797.61810387137,9797.12155948994,9808.17859518412,6.8790467366798325,6.412282680432848,6.170440397121809,2,6.290956518536345,54.93872565913625,False
PEP,US Stock,6654,0.1358304989943688,0.0858138780998936,5.783016920199817,75.62244356898009,3.434356058557406e-18,True,3,0.7863317177158496,0.0478941772045271,0.0063435929531839,5.7118350492874015,0.0084254578933287,True,searche,searche,6840.927970063291,6774.06989221484,6775.651109796589,6782.517036659292,5.940738553596519,5.546191072100111,5.630425261968678,3,5.937386502319878,82.34573623019878,False
PFE,US Stock,6654,0.2499867994943045,0.1129329576975329,2.5174226181193973,43.75082008485151,3.729602071510036e-11,True,3,0.860252229289313,0.2402016657772928,0.0240160055006505,12.47862238896596,0.0002058178257985,True,searche,figarch,10550.236808629528,10515.250354265208,10522.502283796626,10516.080102565567,6.060864994945616,5.8033512781926495,7.247167751327952,4,6.734842920721724,55.91242379243704,False
PG,US Stock,6654,0.2063206365560648,0.1007102650272359,3.2476867623991827,49.1791168968648,2.3362467236330432e-12,True,3,0.7205027335311402,0.1435066535725956,0.0127181348863382,11.903868756808151,0.0002800873887635,True,searche,searche,6952.028208152367,6911.6134569760325,6914.262745139027,6920.982858639053,6.286433353886259,5.846165462517273,6.684619901877726,4,6.678755914124334,54.98857356183362,False
PGR,US Stock,6654,0.2243964738020958,0.102289913229089,2.302335075360731,65.82290135703079,4.933166958437029e-16,True,4,0.8414977545056725,0.300091748214579,0.0097010170768036,17.199263866770707,1.682833733086513e-05,True,searche,searche,11043.68313152742,10986.62459589092,10986.80040078292,10996.375694235723,9.992145968451238,9.18246734753114,11.6504527388138,4,11.394549477629,73.00888457731344,False
PH,US Stock,6654,0.3290365502363913,0.1179721416087429,1.4260050858092976,27.955525983099506,1.2413594697508136e-07,True,4,0.7248184312425797,0.4055331518077327,0.0308851547640228,25.3307021073706,2.414799928140381e-07,True,figarch,figarch,13571.759141378396,13552.567981115826,13562.06910472029,13547.60624639714,7.910006389057585,7.269913359799441,10.001632861560882,8,10.227356802326108,45.84017149687497,False
PHM,US Stock,6654,0.265804697488234,0.0968648492505823,1.7171777466272269,41.77045271170573,1.026428977750692e-10,True,4,0.878106507723892,0.3738059924231748,0.0126822379091721,23.874239947668684,5.141936100645903e-07,True,tfarch,tfarch,17771.593902049808,17738.587815058632,17733.48212893063,17757.15603248954,10.738520463678348,10.0880694070209,7.727085287182673,3,9.613397382866273,58.729158071801066,False
PKG,US Stock,6635,0.2565153991735985,0.1187494015065991,1.9014124151699647,39.47790274338513,3.3179274843366475e-10,True,4,0.6916543065362838,0.3300847357706484,0.0126120571836695,17.818846720429065,1.2148234533854582e-05,True,tfarch,tfarch,13200.177469162283,13169.460959904154,13168.249462438758,13184.036773817556,9.778653648617247,9.034190453238397,9.547296038821475,4,9.839892982100343,48.31468346378279,False
PLD,US Stock,6654,0.3536276489716505,0.0821486872084501,1.3205161301397923,32.66546657672552,1.0946488452179153e-08,True,4,0.8203933337936115,0.3288647493296063,0.0256520773409021,54.27455696507059,8.717233626060789e-14,True,searche,searche,11896.521765046846,11872.62066419065,11875.775392201524,11885.297333367793,7.323529776438185,6.75173449635851,6.465569843227517,3,6.990358751496927,38.09225186985168,False
PM,US Stock,4592,0.0015873271045821,0.0002873254922891,759.1488547474206,73.94072615774803,8.04982538998467e-18,True,2,0.6563511958439419,-0.1460532386586839,0.0027505440473049,0.6043702055594622,0.2184577180064644,False,figarch,figarch,6626.336455995898,6560.771359465245,6560.10462157968,6544.916644292939,3.876779691471517,4.082978716834637,3.074460551503714,2,3.369083582490612,111.49950084901684,False
PNC,US Stock,6654,0.1778968382373765,0.0740733323285127,4.126521987340902,107.06344552694644,4.311435102449248e-25,True,3,0.8639359310626982,0.0615376957985459,0.0086367217604555,14.510609809105516,6.968618693281693e-05,True,searche,figarch,12508.252543465036,12409.95346365862,12416.75189939281,12410.204776863688,5.811903722086205,5.391750312181823,6.76060141552408,4,6.805759631333454,121.79367927767451,False
POOL,US Stock,6654,0.0025288694798783,0.0004044972552864,351.51356669659066,117.14227471048252,2.671960607579162e-27,True,3,0.8944854997523172,0.1055397791776471,3.0020525616061745e-08,0.0,0.5,False,tfarch,tfarch,14596.104803652735,14487.726894662785,14487.642195043243,14498.025803776796,8.10786905884738,8.081415382009435,7.241095983724164,3,7.591774594057997,124.10903635878458,False
PPG,US Stock,6654,0.2635545030496505,0.0817469717898684,1.979203428696072,35.945955596755084,2.0286702698664206e-09,True,4,0.7706815497281747,0.2276507902665809,0.011737405211184,14.67068203470444,6.401108430033811e-05,True,figarch,figarch,11886.864827096066,11859.68323721984,11869.975615634326,11854.098695007957,8.302311079762784,7.216817308204087,12.58747139359623,9,13.114512742328907,57.44620680461594,False
PPL,US Stock,6654,0.1774088183767856,0.1021096375854646,3.709793740998251,71.12646800021867,3.3504509672934125e-17,True,3,0.7712811593708774,0.1514756301673936,0.0079290518840449,9.90124119264692,0.0008258366791918,True,searche,figarch,9503.67781749856,9441.31571521887,9444.56719831489,9447.936135744498,7.331382925802727,6.712484387931299,6.87229916143151,2,7.092768364709613,74.75328110947157,False
PRU,US Stock,6165,0.2511769849189754,0.0681596842163867,2.5182022815509058,62.48885549265469,2.679566616299885e-15,True,3,0.7715265487504098,0.1257351486683124,0.0147033199064278,31.49829543888336,9.980770608234968e-09,True,searche,searche,12502.624127254718,12448.820180357883,12454.415727344403,12458.58896379055,5.977786395536147,5.417008944405125,6.2616699565804605,4,6.361376145772093,65.52823319069648,False
PSA,US Stock,6654,0.2629090041774727,0.0878106383368026,2.2513794405873813,47.113473815625184,6.699355985697601e-12,True,3,0.7911646007129861,0.2055874237030961,0.0172692529111544,29.611625929122965,2.639368817786752e-08,True,tfarch,tfarch,10767.033819126009,10728.684711030914,10727.229396866682,10746.181793307962,6.507433010790084,6.071295327344768,5.8572648506383285,3,6.099227366825712,49.98378866297753,False
PSX,US Stock,3565,0.2393487240269704,0.1413603600472832,2.0434689238305355,20.822714331055067,5.038188190252767e-06,True,4,0.8237019845094139,0.2976753688202862,0.0091116036810883,6.114624154871308,0.0067033958878524,True,searche,searche,7262.812069441285,7250.09496451253,7253.412714366991,7258.368312079134,10.477419172757203,9.313284420183283,13.036340073239442,5,12.874064011858092,29.332291730615,False
PVH,US Stock,6654,0.1310737138187061,0.113902069174213,5.487271396355054,61.19176321127452,5.177769629763469e-15,True,3,0.8148636872148891,0.1259241740524019,0.0052862916535352,2.4433548406886985,0.059011783445256,False,searche,figarch,17981.172695959263,17928.74529846852,17931.019833549082,17935.439116279776,7.370164682933582,6.861598196809595,8.367605618519967,3,6.8194190147539615,114.22048958581216,False
PWR,US Stock,6654,0.2749412213666226,0.1473231959172613,1.850921546130145,51.9986734301965,5.553814323309434e-13,True,4,0.9337394348936786,0.2705283083225935,0.014143112926256,26.12756177877964,1.5979469257903218e-07,True,figarch,figarch,17980.11246218755,17936.878154477883,17946.03683072008,17930.33354060936,8.328806555259181,7.49675341019718,13.13500142012066,6,15.275385120562849,122.57272462585388,False
QCOM,US Stock,6654,0.0281826016636173,0.1099036873317739,35.916138413858704,45.70067893554005,1.3777501249919198e-11,True,2,0.7993045293504982,-0.0763463391776854,7.29772253962109e-08,0.0,0.5,False,figarch,figarch,16358.119628589866,16321.183315374856,16321.439706294435,16319.159234810728,5.229194240252722,5.094602462889428,6.968647579474947,6,8.30281800696726,216.75510126346853,False
REGN,US Stock,6654,0.0015305415492232,0.0007368620997792,695.9413659458448,243.41143970144915,7.093830163452697e-55,True,2,0.9888620951808492,-0.0689589963457213,4.4348188347295415e-08,0.0,0.5,False,figarch,figarch,19745.43535539628,19510.78828141536,19510.58497309297,19501.165503878063,5.191145324637713,5.1809251051454845,4.16606529650789,2,4.051817415984801,291.0823046174519,False
RF,US Stock,6654,0.1818588942658875,0.0549572603960409,3.842738953616662,114.09641741014276,1.2412390751032082e-26,True,3,0.9484464099106916,0.1009164391688065,0.0087243531364747,17.490234206286914,1.4439364036630749e-05,True,searche,figarch,14679.487647364913,14574.1555956753,14579.243016570275,14575.207143011165,6.339766245354385,5.854875021810175,7.621559407595535,5,7.457424248434153,127.79123354550757,False
RHI,US Stock,6654,0.2043588168194266,0.1088603484433463,2.8370471258061105,22.616003961693423,1.9782981780507294e-06,True,3,0.7972594795026373,0.1771437443421618,0.0055895541559261,4.407431425554023,0.0178913406074112,True,figarch,figarch,15797.903607086972,15784.05196884581,15791.99290752855,15771.13740596753,8.560229866149005,7.720266919189724,12.832802259101896,10,11.832384748676844,160.1678577219609,False
RL,US Stock,6654,0.0444682892411688,0.3243591500415158,21.94755449455944,44.78090382753726,2.2036135776672067e-11,True,3,0.72272962073089,-0.0879551400581627,1.2227064210036154e-07,0.0,0.5,False,searche,figarch,16571.23366244167,16535.217124334664,16535.599117515758,16541.131606804793,5.316665525760442,4.9634719582755285,6.695978232887763,5,8.778754294856169,259.9500983727521,False
RMD,US Stock,6654,0.0014804129105571,0.0002059604865643,712.8870749572998,83.11336145962196,7.748020361398586e-20,True,2,0.4512920465701663,-0.0594930519716907,1.2112787327682424e-08,0.0,0.5,False,figarch,figarch,14551.810552179231,14477.46155644014,14477.341273118924,14473.692655394532,5.31094975560266,5.294935225418255,4.027584044141533,2,4.378937859850905,370.4131964088265,False
ROK,US Stock,6654,0.2981389590754023,0.1224845604084629,1.7641599313850185,24.674694716042723,6.786948942013649e-07,True,4,0.678891320642977,0.2255976780625922,0.0167543556824992,15.124660741443222,5.03200027670345e-05,True,figarch,figarch,14661.84845359113,14645.938124595616,14657.387312408891,14626.364430185798,7.164039633089854,6.396213661835437,12.83458090293954,8,11.78628011731518,98.08904952216837,False
ROP,US Stock,6654,0.211604421714362,0.0934352559748363,3.005114787356521,47.44479722177857,5.657490261546325e-12,True,3,0.7742281963677403,0.1517784912694199,0.0105872986762089,11.493272315055949,0.0003492427706203,True,searche,searche,11643.686906254425,11605.006474753176,11609.156529151354,11613.632502498647,6.852118526294731,6.251831923824156,7.464726768009783,3,7.690673425968239,56.45030925130777,False
ROST,US Stock,6654,0.3084684275172908,0.1197885218913728,1.4147605667926804,51.42147703070441,7.451883128144699e-13,True,4,0.7818093920609245,0.3493379351245527,0.0147532592886863,33.19961696598148,4.1583456483567404e-09,True,searche,searche,13836.19320982844,13793.536098518269,13796.527887253336,13803.448262283831,9.80138059893262,8.912074516140393,12.625201147193648,5,11.765757167752607,80.33566680936019,False
RPM,US Stock,6654,0.0564023207090113,0.086817553421168,15.48934042971365,134.1115099470535,5.165146191336197e-31,True,3,0.785037491047452,0.08250311612262,0.0035205179301856,2.474422366667568,0.0578559732480091,False,figarch,figarch,12707.91910526556,12582.571961039035,12581.428180046263,12575.9117000653,6.561040106894397,6.557565331304068,9.929274738975469,4,9.168252501172166,248.65690572388667,False
RSG,US Stock,6654,0.0013378628946087,0.0002059762281889,760.9770720463878,163.121856591526,2.3528818187453644e-37,True,2,0.7919423334176102,-0.0212908562772465,1.1538730484439738e-08,0.0,0.5,False,tfarch,figarch,9223.631331989163,9069.273841118167,9069.170688380702,9072.348136009345,5.806814114386545,5.796878574636565,7.191026020173692,3,6.586523504287355,206.99673149161936,False
RTX,US Stock,6654,0.3279570556609247,0.1317082120556573,1.54198518778343,33.96530791961777,5.610353890621947e-09,True,4,0.8693896177209652,0.4139755572835382,0.0362463079191617,26.787907699448624,1.1352684001312857e-07,True,figarch,figarch,10911.43271020055,10886.231768001462,10897.306230131217,10883.989431136964,6.936627130591679,6.838993050413639,8.11746608090096,4,8.087694680269948,89.9172057510641,False
SBUX,US Stock,6654,0.2028948373329647,0.1492920731520491,2.3961588620296377,46.54400747550972,8.958379295755376e-12,True,4,0.7844022615478498,0.2299231413487824,0.0027345558415421,1.0149503039647243,0.1568599066081859,False,figarch,figarch,13877.140770613692,13839.361128858713,13848.032947392749,13822.314045613995,12.530721183922113,10.07967968858893,33.654873288062504,20,30.155697916482055,81.01411837209525,False
SCHW,US Stock,6654,0.180532019091362,0.0717064625579515,3.49682236123005,78.38726330341524,8.469650233844164e-19,True,3,0.8072133032733382,0.1968351794392261,0.0082331592556281,12.143165649471484,0.0002463403821173,True,searche,figarch,16182.48079982268,16112.857902239792,16114.120048888528,16115.529397679184,7.912227178664954,7.417126765215954,9.433807001271918,4,9.378606370826194,91.4246254642967,False
SHW,US Stock,6654,0.2555327012880954,0.1016867910997771,1.9515587493078,47.37400382100896,5.86554315013696e-12,True,4,0.7906568606293035,0.3080048548808765,0.011888626792413,19.315264715116427,5.540843470749228e-06,True,figarch,figarch,12428.508756197749,12389.89911809727,12390.357855771535,12388.882372462023,9.38917621803377,8.733788728703106,11.957686346033762,4,12.87033445258181,85.326479676085,False
SJM,US Stock,6654,0.001287742514681,0.0004974521416059,867.7057419125382,83.37114949081115,6.800730840768224e-20,True,2,0.7260992030502251,-0.1206902458063321,1.2961199110204565e-08,0.0,0.5,False,figarch,figarch,10806.369481202744,10731.762697432465,10731.631589656885,10728.08959486532,4.629292693269562,4.62151313463288,3.3741364359185666,2,3.5751736268204533,145.88808270738627,False
SLB,US Stock,6654,0.456506433096625,0.1583346463113479,0.5635082003089732,13.320353701385102,0.0002625406492563,True,6,0.8769139261455192,0.5894869176453598,0.0234904599757067,43.30624044994511,2.3404413255726417e-11,True,searche,searche,15694.43643135874,15689.880443377884,15691.379965284976,15705.159237627504,13.995194439356323,12.946974043900306,11.995007648095651,4,13.290797033984454,20.868361941535117,False
SNA,US Stock,6654,0.223426986014884,0.1237690698493446,2.6129944166712837,45.55929982082307,1.4808690448540026e-11,True,3,0.6482867256978078,0.1986997775665633,0.0103833072741248,8.43219752749792,0.0018431728645528,True,figarch,figarch,12430.775950012225,12393.98101591193,12400.371473821662,12379.853208426724,7.785455190653886,6.995032706500312,14.622671712679765,8,15.93372626371238,128.08764649014847,False
SNPS,US Stock,6654,0.0022292936285402,0.0004649341590796,345.944754252015,100.26950867953748,1.3300874944498522e-23,True,3,0.999401907653864,0.2237856026482172,7.3598927748568295e-09,0.0,0.5,False,tfarch,tfarch,14629.38694821871,14537.881805259702,14537.772382596217,14556.031982648898,11.555719765049314,11.500580580403115,10.054183933025287,2,12.292378353818693,314.7383851472477,False
SO,US Stock,6654,0.2549247037839768,0.070683366571319,2.5349407058171085,53.58285110815086,2.4791402331637146e-13,True,3,0.808864768981925,0.1542802206363274,0.0189460137141651,25.33002216208024,2.415651291770155e-07,True,searche,searche,6931.205490383254,6886.387004995633,6889.422715755117,6897.500066566742,5.668111910343251,5.322442355777007,6.037664218484332,4,6.17891076317263,59.75821896828711,False
SPG,US Stock,6654,0.2553408138234614,0.0861376895541906,2.4002520265500538,61.766131981508806,3.867698420162253e-15,True,3,0.8857611631696398,0.1656488835569612,0.0158792586712207,32.77175214091767,5.1820011867186384e-09,True,searche,searche,11849.143950999338,11796.14218473836,11799.679054953447,11808.544907761112,6.255679320654242,5.742598906505008,6.368138595042203,4,6.524683135661499,63.04001473996141,False
SPGI,US Stock,6654,0.246882716927485,0.1418638619059557,2.651122234161251,28.482007836040797,9.45732669166562e-08,True,3,0.7872597095466578,0.1455460878697866,0.0194425454657619,13.754289979860914,0.0001041722273506,True,figarch,figarch,11875.520054801664,11855.802412686153,11862.546264251116,11846.872508309008,5.686188463664582,5.1938810236046535,5.641277797119964,2,5.589266715610535,68.70645386290198,False
SRE,US Stock,6654,0.5221520437975187,0.3567728431323722,0.501517514805544,15.755879330428796,7.206362816115702e-05,True,6,0.7880914972361786,0.54207836464856,0.0336998255911292,100.37463003399353,6.306671242107963e-24,True,tfarch,tfarch,9921.096061013728,9914.10454740383,9905.775660074502,9973.489488489413,10.780096719910256,9.3013725508273,8.537741036803936,5,8.13548694864232,73.15387402832312,False
STT,US Stock,6654,0.312131895733697,0.1405199792693238,1.5068082393610325,51.227556119436485,8.225582135018564e-13,True,4,0.903412316508496,0.306756937689551,0.017191339162769,56.27604781119226,3.1488981274483275e-14,True,tfarch,tfarch,14800.45954743719,14757.996357038284,14737.37492998382,14794.744311459732,8.384079787161724,7.578423435741041,5.445691579515096,3,6.8770089317541245,160.5521992608792,False
STX,US Stock,5915,0.3835098380484852,0.3112436558036526,0.722343198525166,10.267606638855796,0.0013538631864549,True,6,0.7748855221065095,0.5331356222723027,0.014823149721188,22.090526050502376,1.3004510295396805e-06,True,tfarch,tfarch,16748.898428754543,16747.272531181803,16744.67001094635,16764.556376190834,16.611630582221636,14.493025449389943,17.48539112237644,6,8.951014263295498,140.88229244171816,False
STZ,US Stock,6654,0.106636370966712,0.1738174817632541,8.19710659616959,49.74601359405642,1.7499337894908108e-12,True,3,0.8203299003295873,-0.0581812238635678,0.0021153142770865,0.495157710623971,0.2408177722812555,False,figarch,figarch,13667.465045477518,13626.483397603992,13630.28771664149,13614.694225299352,5.287199988584032,4.959205927951785,6.710307901191923,3,5.814822552636677,341.06809336154583,False
SWK,US Stock,6654,0.2011637446098437,0.1336443055011281,3.2143082063426607,64.98723123093987,7.538497075920237e-16,True,3,0.8962411360064804,0.170622498976392,0.011144131108311,17.983209523903497,1.1143103319782756e-05,True,tfarch,tfarch,14211.8105057887,14155.587640278289,14153.561004046403,14165.21817389813,6.90128086740984,6.430703474806788,6.279762587109139,2,6.553242236954991,87.04832772103146,False
SWKS,US Stock,6654,0.1017622485255911,0.1140526997125112,6.40332630082786,62.57746850421972,2.561674311739846e-15,True,3,0.8100603649367832,0.1680931426021061,0.0010924920118247,0.1656328421158832,0.3420112838412149,False,searche,figarch,20576.18468303249,20522.371580248804,20523.991270770577,20525.807261397636,10.594833980398006,9.144412514510998,13.042231833969556,6,13.481573453465517,81.06354978188756,False
SYF,US Stock,2987,0.0029916615729872,0.0003713430511705,482.3535100118996,18.8670772342075,1.4015073850322635e-05,True,2,0.6545289757779662,-0.4513466420117852,4.6853971817376396e-08,0.0,0.5,False,tfarch,tfarch,6954.384847751602,6943.4316572322505,6943.396457364983,6951.042232998775,2.649247395734775,2.642167505014236,2.628101781696924,2,2.633705923761669,22.42158023099728,False
SYK,US Stock,6654,0.2761422983193122,0.0880673898288081,1.941767752343278,49.89692281631869,1.6203858512897973e-12,True,4,0.7122349289339686,0.2344412695781572,0.0145577220320862,24.323879358391423,4.071169330128694e-07,True,figarch,figarch,11262.317304762884,11221.184747667096,11230.010815979083,11208.581881079766,7.490511465434528,6.836591024006183,10.98545014432789,6,10.837287719035716,79.77548039319481,False
SYY,US Stock,6654,0.0233870186410526,0.0826517010821416,46.13777631423004,55.758600311888586,8.193902981115735e-14,True,2,0.66457738929357,-0.1364987892781761,7.571286650577526e-08,0.0,0.5,False,searche,figarch,10603.327304452174,10556.333069860815,10556.503131122823,10558.038579654862,4.588856704140494,4.469901246288235,5.661739131289939,3,6.249331621739298,82.4421983219836,False
T,US Stock,6654,0.168587196534671,0.0958384253971574,3.841799103087868,72.5259573056428,1.6484936550369116e-17,True,3,0.8293056449570428,0.2176849920722732,0.0089296916167052,13.137574587235576,0.0001447161422489,True,tfarch,tfarch,10155.105965620158,10091.344374035045,10088.780358794898,10101.192415102392,7.883100785323947,7.63883450858135,8.40002080765725,4,9.45685418254869,157.78104209465528,False
TDG,US Stock,5096,0.0646149431791105,0.0916292738425928,13.056868762798883,112.95651959386124,2.2055892455407248e-26,True,3,0.7788682569918851,0.0135475613522928,0.0008459645142012,0.1166063057571591,0.3663723883214348,False,tfarch,figarch,10248.883515219128,10144.41249172994,10144.076723433493,10144.183674081878,6.868778390314876,6.110251798522119,8.444678906231621,4,7.85546334797187,123.03712559246924,False
TECH,US Stock,6654,0.1588869847117716,0.1116663392118333,3.855817190700938,60.27951293390652,8.229955204174308e-15,True,3,0.9553257421930212,0.277544913420451,0.0083314845120125,10.63906515619783,0.0005536181465945,True,tfarch,tfarch,13794.371383044112,13742.856235830735,13739.603276104926,13753.598340523711,9.305166373410316,9.079988738717889,8.330156081132937,2,8.124447238850575,109.086467581139,False
TEL,US Stock,4782,0.3190293208127923,0.0865144033556435,1.40037305634164,33.35338276483708,7.684403884192158e-09,True,4,0.7565572290605982,0.3261151155653879,0.016932366225464,28.755834873409185,4.105109372054357e-08,True,searche,searche,9128.465751081492,9103.530845535131,9104.207887854956,9122.295086575412,8.991307813740484,7.972009370256598,9.014362181041914,4,9.3475015925811,57.37815268419217,False
TER,US Stock,6654,0.0534573259246852,0.0845637847617209,13.828419783748952,88.22748896628036,5.8343450889280104e-21,True,3,0.9134794266295476,0.1540349365980785,1.508664789160839e-07,0.0,0.5,False,searche,figarch,19102.19008700698,19022.72696376123,19023.570125889943,19022.786486223737,9.949419848796047,9.293717674669011,14.870337749046456,7,13.652628562362333,125.2497377117761,False
TFC,US Stock,6654,0.2581552278380056,0.0626660655856026,2.2044531871715214,83.81355937594162,5.437061382519089e-20,True,3,0.9405081805709654,0.2063286060961972,0.0138520290755925,37.94560223707231,3.6372430442575505e-10,True,searche,figarch,12368.04967977979,12293.000486124378,12297.054164930158,12296.351773318896,7.144555570148989,6.527976717230168,9.34580076358549,5,9.276273598067746,101.03432305155548,False
TGT,US Stock,6654,0.213636784900822,0.1756364422153295,2.7333056428401745,59.76223768073214,1.07037532074056e-14,True,3,0.9001184669413019,0.2059324727053522,0.0089509804279129,13.937847220549884,9.44776345885205e-05,True,figarch,figarch,14152.805196665457,14101.807324705253,14105.339298342777,14092.52208760078,8.105314552728839,7.417344300087518,11.71142993311376,4,9.55330495581579,214.67106440498355,False
TJX,US Stock,6654,0.2901258055172521,0.0782841899774762,1.6501147841578008,44.08240655994632,3.148380477890233e-11,True,4,0.8484670152616418,0.305846254859896,0.0148272222658238,23.91741280052156,5.027904241368015e-07,True,searche,figarch,11647.228284685105,11611.910243845688,11619.55386140944,11617.680018466232,8.829880442513431,8.005762019686717,11.218141607136436,4,11.46948049418334,57.23894883366484,False
TMO,US Stock,6654,0.2131526330584359,0.10646181146536,2.9630560205910634,40.22089014845187,2.2680989039638375e-10,True,3,0.7737876019166106,0.1572528375183265,0.0108270097444277,8.91589187340287,0.0014134985873587,True,searche,figarch,12175.623618109654,12144.167093681732,12149.044533204557,12149.342337903552,6.905822094440462,6.290938036529788,7.958739863314119,4,8.037249922611611,44.920047366082144,False
TMUS,US Stock,4821,0.0014001021963142,0.0007228676157355,423.33992297943655,58.158753727148,2.4179586825666772e-14,True,4,1.0000588533809138,0.4044953131065084,3.804098380792085e-09,0.0001722209090075,0.4947647124700266,False,tfarch,tfarch,11482.629175534816,11432.89747144923,11432.798253107316,11481.846047417568,21.31543868380829,21.23751769799387,30.2018474966836,7,19.375047860495695,438.595629595995,False
TPR,US Stock,6460,0.0036408010552575,0.0002864144141185,337.4530914744605,66.5542872962942,3.4038893457675043e-16,True,2,0.6793076036867248,-0.2393945638142275,4.2517263363961444e-07,0.0,0.5,False,tfarch,tfarch,16954.81072142507,16896.990028190638,16896.90465604376,16904.602129327748,3.6830068569869936,3.660320959603693,3.836253589549139,3,4.191298645403684,122.6002030714335,False
TRMB,US Stock,6654,0.2692138099176507,0.0892517108044562,1.8495514263949977,72.09799032902811,2.0477218925948437e-17,True,4,0.7834823286720223,0.2779960197152042,0.0123115984028519,22.19013851783529,1.2346945053745775e-06,True,figarch,figarch,17190.232542846017,17126.89891823752,17131.86658975163,17123.99407981095,8.896749984787593,8.010301128606846,12.14723146556749,6,9.55046392288616,236.2332185171472,False
TROW,US Stock,6654,0.3125024104585528,0.0740803588080837,1.55561920857299,47.43835210819452,5.676122037135374e-12,True,4,0.8691636559389053,0.2959370609781867,0.0188176746303363,40.18331755827603,1.1560714945996411e-10,True,searche,searche,13589.721441296078,13551.047454908414,13557.28108639078,13558.589564115608,7.871476391159356,7.14084214264819,10.144018372656438,6,10.000734986130722,55.21673980072592,False
TRV,US Stock,6654,0.183182477998506,0.0802226133560869,3.5838019958745497,91.8501238079316,9.349603663070994e-22,True,3,0.7891069421457098,0.1564037845381893,0.008377308603348,14.827249537280297,5.891036834925929e-05,True,searche,searche,10723.28405463119,10640.19829654379,10641.143192921969,10646.97611484064,7.194747951841036,6.702602435753204,7.436109123941909,3,8.012479694392816,145.80181287992127,False
TSLA,US Stock,4016,0.3518086614269965,0.1762307981094256,0.9383464361919512,12.381264329527768,0.0004336633999008,True,5,0.7923604035383554,0.4951427664692956,0.0154230242268576,14.853221135781496,5.810471966447247e-05,True,tfarch,tfarch,12976.860144101032,12972.712117272207,12971.04897513388,12980.260707555351,13.840811441679582,12.766772865638476,15.687621949448875,3,14.634512053144435,46.10596542717758,False
TT,US Stock,6654,0.293805203860264,0.0849305706657071,1.545254624512563,49.390686830438426,2.097389955106827e-12,True,4,0.7847768251160914,0.3115951130195868,0.0132057985874504,26.96014668940916,1.0384698062552116e-07,True,searche,figarch,13507.918103827193,13467.291782717284,13474.973904618126,13469.843624690344,9.641608620646348,8.479189394623708,11.743814224512043,7,11.961935729996028,57.898825901234886,False
TTWO,US Stock,6654,0.0520366480914829,0.144131355647748,14.983566640675145,137.06651292587776,1.1661289824151519e-31,True,3,0.841445635090363,0.1132436159434364,2.937902386957224e-07,0.0,0.5,False,figarch,figarch,18735.83886610406,18607.53671889871,18608.66402110634,18599.94383765039,8.8099051141726,8.258913665510587,13.936401146948173,7,15.17407319111148,244.6913125419269,False
TXN,US Stock,6654,0.3437766445156509,0.1104549842508151,0.9849772050601816,29.37235326447808,5.972362043266591e-08,True,5,0.8643926680046555,0.4656773607088874,0.0141205728713075,18.15628175449092,1.0174852722644826e-05,True,figarch,figarch,14848.494665807377,14827.886678263429,14837.102019097732,14812.235862010411,13.665313976528784,12.304772185805056,36.381089528152295,11,31.34108463455261,64.80784687757296,False
UAL,US Stock,5122,0.2399050705443995,0.1149594476136064,2.109758474506261,43.452051199728885,4.344759795141357e-11,True,4,0.8942614717674642,0.2984689077858738,0.0101912105461652,14.784015644745525,6.02765183009167e-05,True,tfarch,figarch,15775.188236917944,15740.22703493429,15738.667710809746,15743.462003479804,9.740574876223402,8.994361396702045,8.928922120676045,2,11.526907561588375,126.21991771245304,False
UNH,US Stock,6654,0.1896455954413859,0.1498957617427838,3.1348127455175727,82.64807505947101,9.804324539921664e-20,True,3,0.8368386918375115,0.1806452663035636,0.0058991668167334,9.046179738355931,0.0013162215301446,True,figarch,figarch,13146.816856281454,13072.933146942512,13082.278948200516,13053.595530746756,8.652394081856334,7.703038648309927,14.510070935747738,9,14.292011228420003,123.48347199533237,False
UNM,US Stock,6654,0.6029381302242968,0.4418286633398492,0.3999705482795557,8.569725608182125,0.0034179866364318,True,6,0.8029937736219653,0.6242882782742833,0.0508426685916386,137.69938159343292,4.239402531831075e-32,True,tfarch,tfarch,15285.15863484303,15285.353274955378,15282.72034359342,15304.58507878098,9.546469898161751,8.584533168645088,9.579272281330883,4,6.360967265869657,182.1782314786451,False
UNP,US Stock,6654,0.4163634000814633,0.1286525071837127,0.7489108728506713,19.679738092338084,9.156712757774668e-06,True,5,0.7194761560350657,0.5066840654622523,0.0233537999249523,40.02706626789222,1.2523407844054017e-10,True,searche,searche,11788.323387300285,11777.408014928476,11779.713241207157,11795.801176822975,11.796363564141998,10.546090281970988,12.194406151405207,6,12.85637094797557,24.53856669384004,False
UPS,US Stock,6654,0.0011828978316233,0.0025311675304798,890.3764371337099,190.86574925461537,2.0575902166784847e-43,True,2,0.9335152443570334,-0.0564322810512057,9.457169195251748e-09,0.0,0.5,False,tfarch,figarch,10443.408640788566,10261.30725725448,10261.18956568027,10265.184663685372,5.344495761836853,5.332637758452402,4.372966930164737,2,4.939137979011274,244.98730128024908,False
URI,US Stock,6654,0.2094620682280282,0.2027071604425095,3.080856835845156,31.48241878128465,2.0125425537008912e-08,True,3,0.5075596536109083,0.2084717424881293,0.0161406463223523,9.4182399162637,0.001074188164046,True,searche,searche,19969.996401441884,19947.27834838113,19947.583247944567,19956.72370466282,6.70518295074289,6.244759446975276,6.625614195631078,2,6.401018477244827,47.16183651185565,False
USB,US Stock,6654,0.2430809645531639,0.0577917726366062,2.529894495363305,85.27488069260471,2.5964076761336294e-20,True,3,0.9232133471423936,0.1577800295137975,0.0137223292026656,30.140286654450392,2.0094752998538428e-08,True,searche,searche,11504.66798814684,11428.157473174766,11434.348389014947,11436.73941862235,6.496733256712167,5.897566377918226,7.654498331889309,4,7.771580592141692,99.96893708777316,False
V,US Stock,4590,0.2100286389946612,0.1116496797708053,3.4768973828308343,44.34616481787816,2.751505181377627e-11,True,3,0.7729473956013967,0.0603150967990162,0.0140016771652202,9.473727804152077,0.0010421769107981,True,searche,figarch,7381.783514118609,7345.812517992118,7349.733064026478,7350.501928648555,5.229492835566995,4.831710916609681,5.576645946857648,5,5.832186367249201,55.98444044503413,False
VLO,US Stock,6654,0.3915157132351296,0.1328047820069509,0.8624476190551624,19.62320509091296,9.431671653876635e-06,True,5,0.8155636514724509,0.45536510932823,0.020090422856396,36.7148010056153,6.836866302585202e-10,True,searche,searche,16964.8594636831,16954.000624312717,16957.395686140044,16971.1262644878,11.298717059186664,10.062842710098614,12.648368835153306,6,13.247520550406165,31.707974036206,False
VMC,US Stock,6654,0.3673957449842927,0.1440586442686441,1.053610812623804,18.60793057601768,1.605512623747702e-05,True,4,0.7913797778597854,0.5007067823228772,0.0285595216944692,27.147419587756303,9.425832638504418e-08,True,searche,figarch,14439.16869951854,14429.325134663051,14434.609112858834,14430.475350565885,9.719403439058484,9.30887902269201,14.866488258555258,7,15.467632486426346,35.73437659188858,False
VNQ,US Stock,5463,0.3938691797332237,0.0758491671468805,1.14115353584909,29.75471419858513,4.903125469958538e-08,True,4,0.8730294133101887,0.3624887291147473,0.0338263335811357,75.55672643852995,1.7752916477204118e-18,True,searche,searche,7136.993722951722,7115.797535808046,7118.209256454633,7135.645806599016,6.87151891695903,6.3920662964213415,6.860371380825453,4,7.217101428801321,35.310312285768305,False
VRSN,US Stock,6654,0.245614522969736,0.0936837947151098,2.629215330780074,67.34569200785154,2.278393347952833e-16,True,3,0.9592717327896526,0.1079941446885502,0.0139732822912649,21.10402344861359,2.17506897768822e-06,True,figarch,figarch,15238.161452569742,15179.58012628242,15190.79290290994,15146.628559444667,5.858554344870807,5.301042650778636,11.619054212891632,6,9.807014895395511,136.57735787898673,False
VRTX,US Stock,6654,0.0010710321724893,0.0003052427831519,826.1239942036468,148.62055536180924,3.4712229109983267e-34,True,3,0.9374290280674462,0.1131620640335277,1.0862663705110752e-08,0.0,0.5,False,figarch,figarch,19823.65211263329,19683.79592299201,19683.44265240625,19624.18213344696,8.261575643374965,8.257123193666263,3.882526139368887,2,3.754659437813174,334.9831978982038,False
VZ,US Stock,6654,0.1884747494455943,0.0906266287504349,3.4638574467341248,56.113237007482894,6.84149529464209e-14,True,3,0.7973647985568962,0.1891240720331926,0.0108814099701934,10.625952400083406,0.0005575576109765,True,tfarch,tfarch,9321.154472102116,9273.805600815162,9273.683503982284,9285.90194500294,7.122091663090543,6.751027443614839,6.697824952541275,3,7.22847995643527,138.12597945501875,False
WAT,US Stock,6654,0.0710570650425073,0.1370806876022378,12.135074358016263,100.84399580675016,9.952103094169589e-24,True,3,0.7472630133292075,0.0277321903790067,0.0022610681101438,1.016222962687607,0.1567083057191119,False,searche,figarch,14716.996515289557,14624.916885203336,14625.436163638573,14628.523291320158,6.336630602491154,6.003359486647181,8.056854063321376,3,8.082843968838391,138.2674759897909,False
WDAY,US Stock,3437,0.6674214974776208,0.8536981027522497,0.3214248398967828,0.5065564881952014,0.4766333376089092,False,6,0.425025908870448,0.7179643154093752,0.0646059047517276,8.979727970418026,0.0013649564348383,True,geometric,geometric,8785.238872310163,8792.798523389974,8792.457956322305,8801.359856501747,9.405177983924398,8.768900570665972,9.508349377185588,2,11.447739437667266,29.794435611267545,False
WDC,US Stock,6654,0.1934670854538484,0.0951547264407523,2.72414863080068,60.431780516082654,7.617315912856256e-15,True,4,0.851559340607388,0.3025183349646943,0.0072494686278925,9.197915184045996,0.0012114545913116,True,figarch,figarch,20238.192078412503,20186.52466361695,20187.559460301894,20183.85597246061,11.020388701369662,10.124370646476413,17.350843851376453,6,15.82611853632473,84.63884427211451,False
WEC,US Stock,6654,0.3498735124336363,0.1021643783817751,1.4014513712248515,22.910974237414848,1.6968033341797275e-06,True,4,0.7226256632994279,0.3578625436087825,0.0319731147694782,30.50687291921349,1.6634290291867485e-08,True,searche,searche,7564.158267694076,7550.011659177191,7553.910795311398,7563.657218573969,6.811638240325904,6.498768357372083,7.455910242741572,4,7.7951686236042415,29.339959210779853,False
WFC,US Stock,6654,0.1976055980000908,0.0723055908124864,3.3733505032332163,121.00393721735054,3.813742805155112e-28,True,3,0.9776112552731784,0.16534397409415,0.0116618407993718,30.02887645613009,2.1283006818221047e-08,True,tfarch,tfarch,12264.299690794684,12152.060119297865,12148.82320214851,12166.637647639443,6.57212295167414,6.276253104807361,7.002171483666705,4,7.051360650147265,137.6515899919068,False
WHR,US Stock,6654,0.0085802058437326,0.0377127304685405,117.0252692998216,81.065564595654,2.1835181355015443e-19,True,2,0.7001636589438602,0.0670666920916122,0.0038481435931877,1.986411041525571,0.0793583214644597,False,tfarch,figarch,16604.813586821354,16532.51238794623,16530.509494942606,16533.04175768774,5.8143084575861055,6.245536065686889,4.583688757852054,2,5.0056789120565455,111.9653117492453,False
WM,US Stock,6654,0.0542879774468046,0.0926661930997471,17.225558324419215,89.07263234303718,3.80579723749282e-21,True,3,0.791663444820335,-0.0527872064171129,0.0004667796037134,0.0238031878343463,0.4386933723003294,False,searche,figarch,9024.15286572507,8943.844599102562,8944.81575398087,8949.901591038952,5.635968608357143,5.29048660896474,6.260730471068063,3,6.253088179990137,140.0437933912708,False
WMB,US Stock,6654,0.0961170845251677,0.0740152695711092,10.357002180384718,160.42743067459378,9.125583393129748e-37,True,2,0.7380898139568056,-0.1290859278144484,0.0054213359621155,8.60934052902303,0.0016722168754885,True,searche,searche,15950.41891499412,15798.755850040056,15798.77726073811,15806.818387034646,4.161151220638237,3.9827323225181863,3.893398115080983,2,3.956301878623263,167.40608899142717,False
WMT,US Stock,6654,0.1549260365040608,0.1731344410448003,4.574124127789798,65.42275796071408,6.043692386237431e-16,True,3,0.7591519750320046,0.1712709521283303,0.0096085279147462,12.274363620923396,0.0002296116139272,True,tfarch,tfarch,9246.970112568722,9190.311720328538,9184.458842478149,9194.210415463747,6.870121316187189,6.703055106076106,5.623423387741356,2,5.606555727577001,90.1687156365224,False
WST,US Stock,6654,0.0011504500120254,0.0005612477891602,637.7574911045713,108.74961318418354,1.8413744406614644e-25,True,3,0.9304445727020432,0.2637321479365555,6.405294995376887e-17,0.0,0.5,False,tfarch,tfarch,14550.082675982534,14450.09742851888,14449.98659666242,14475.615168278277,13.108970647996903,13.073573992400922,24.366111576307016,2,5.945798898444718,411.03686806233054,False
XEL,US Stock,6654,0.3973224009135869,0.0782772870903897,1.0371522202200871,43.83736023203164,3.568281566305608e-11,True,4,0.753554702614857,0.3448784985541462,0.0246284108260685,82.91898316118568,4.274313163741475e-20,True,searche,searche,8564.108444125508,8529.035449614006,8534.468947862892,8556.978583507665,7.850120499222411,7.10429732235945,7.679907590465656,4,9.219064725461791,50.3435297821743,False
XOM,US Stock,6654,0.4757596426749382,0.1167698282710989,0.6914441878398199,15.824424540667678,6.949955566491456e-05,True,5,0.8810089046355694,0.5814199951928742,0.0445663055780694,59.22636669182975,7.026904611270055e-15,True,searche,searche,10515.015969298882,10507.955910478744,10512.246612916017,10520.19153076822,8.799057712922838,8.551504018530903,10.303592197118544,7,10.761702519959956,22.01133767441752,False
XPO,US Stock,5709,0.0033921168531669,0.0038368519620646,334.568774189973,92.9496705244419,5.364123123165268e-22,True,2,0.7121398269258257,-0.1411030638285745,0.0001167319124442,0.0012159450852777,0.4860915401626342,False,tfarch,figarch,17503.145718808093,17418.800702750836,17418.713152863005,17425.028910369507,4.422941216652139,4.412274964577928,4.0227724949757695,2,3.7314974649744665,105.28066061492792,False
XYL,US Stock,3689,0.0973664992686665,0.1686154360712946,8.173730907414116,41.011411771773965,1.5134295029723389e-10,True,3,0.6331430387460676,0.1428050668467404,0.006701631838666,3.487049988651961,0.0309253553749937,True,tfarch,tfarch,6423.452579165629,6390.583521670705,6388.466668587367,6396.719545154772,6.795034802520925,6.825846948050748,5.883183779500943,2,4.830201013344104,90.31885291440176,False
YUM,US Stock,6654,0.6560534384964509,0.2211972564074143,0.2923119528093962,5.116075684660245,0.0237051660450847,True,7,0.8033515125227524,0.7453652199414728,0.0522921934398943,98.83243301638504,1.373984708416257e-23,True,geometric,searche,11473.65921528682,11477.30750532269,11479.617836496604,11487.697983795597,11.198962794361208,10.848537390915604,13.089016832028804,10,11.5270917201331,30.314806633878103,False
ZBH,US Stock,6260,0.2140059462324421,0.1677112082690096,2.508968058165319,50.145617839149054,1.4274956154128822e-12,True,4,0.6452723852182888,0.2409693144903114,0.0079561440558949,8.652893762497115,0.0016327116442014,True,searche,figarch,11865.392012724276,11823.94724207857,11825.41524082258,11824.635571730852,9.650320558647476,8.363554359472706,14.24251728632066,6,7.1207286234229485,133.9525884842442,False
ZBRA,US Stock,6654,0.3639089520361747,0.2953831924390558,0.8627284669364859,18.64669106059955,1.5732007147050815e-05,True,6,0.666937529112972,0.4487464305164869,0.0132271793098923,17.417900014701445,1.4999378805196024e-05,True,tfarch,tfarch,16504.377289018532,16494.494963678462,16492.484468654355,16508.07192056884,14.414211187695573,12.114022761046492,9.705256551030171,3,9.303483697998317,153.38528635539114,False
ZION,US Stock,6654,0.2265595491380003,0.0609162439624385,2.55986475177763,79.42162300917516,5.017396918696886e-19,True,3,0.9340034607286146,0.1859318783416157,0.0095261499861701,18.339723155515458,9.24065962607746e-06,True,figarch,figarch,15251.849994952448,15181.1927376638,15191.6416071183,15168.117719719388,7.7912635667718755,6.952355240078377,12.368468944460062,6,12.216519372141244,104.77409915934732,False
ZTS,US Stock,3363,0.0008552952520745,0.0003664117244214,1356.3386794104715,49.96041264559972,1.5687934452405746e-12,True,2,0.7777397752507202,-0.1621956891146141,3.817945196385388e-09,0.0,0.5,False,figarch,figarch,6023.376638934912,5981.45892578621,5981.367553049795,5978.710916758621,4.2441611352289135,4.240526503141703,3.357753363934331,2,3.7498458439111735,216.1216001970133,False
^VIX,Volatility,6655,0.0067050003458306,0.0009423103549471,169.05925269771643,30.794841378181445,2.8679926014548382e-08,True,2,0.6797830231859502,-0.147928215113341,1.3167874090623221e-09,8.280408655991778e-05,0.496369804971942,False,figarch,figarch,30731.61707960056,30709.5867601319,30709.552431509022,30694.00215090133,4.37607683989879,4.365372647280014,5.505094973299604,4,5.405308780773752,61.297381816260895,False
^VXN,Volatility,6387,0.0655628012834328,0.0919124272096971,13.304842528195886,49.518830148375855,1.964768127577091e-12,True,3,0.7174138028970377,-0.0105976941942316,9.494453218165309e-08,0.0,0.5,False,figarch,figarch,27304.457144052507,27263.66007926128,27265.25114176722,27252.059174060138,6.31910988227764,5.950372274468457,8.704758102012564,5,9.169161150960004,105.38216665933942,False
