family,lr_obs,p_boot,p_analytic,lam_hat,d_hat,n_boot_ok,lr_star_mean,lr_star_var,degenerate,reject_longmem_boot,Ticker,Class,lb_d_lw,lb_se_lw,lb_z_lw,lb_d_lw_shiftadj,lb_bw_drift,lensB_LM,kernel_summable,kernel_degenerate,verdict
tfarch,33.08379102948311,0.001,4.413576639704224e-09,0.0807388267546867,0.6702981769329227,999,0.6183711123939638,1.4616045372150894,False,True,BNO,Commodity,0.4312959391037489,0.0337099931231621,12.794305164286904,0.4085011500407609,-0.088236370741287,True,True,False,indeterminate
tfarch,41.19868357871928,0.001,6.875756317085158e-11,0.093272240160098,0.963027262868394,999,0.8010391428378729,2.240425272255301,False,True,CORN,Commodity,0.4068845768626542,0.0337099931231621,12.0701471334055,0.3684606913443827,-0.3442606340910573,True,True,False,indeterminate
tfarch,133.57557362238185,0.001,3.382880730553977e-31,0.3584611123389395,2.1130100576793858,999,0.7998172962403902,2.055454868507098,False,True,CPER,Commodity,0.1166031278078754,0.0347524023428457,3.355253736347225,0.076745889751659,-1.1213519463107402,False,True,False,summable
tfarch,53.85029769254152,0.001,1.08181154561947e-13,0.0684471441546935,0.9754592993693848,999,0.5691105035919471,1.4612717741505197,False,True,DBA,Commodity,0.3984690439704029,0.0316227766016837,12.600697560162567,0.3080611363877528,-1.2072098708460577,False,True,False,summable
tfarch,11.92149529613198,0.001,0.0002774496123148,0.0139894215419767,0.401364575339521,999,0.6199887326556222,1.662201350769066,False,True,DBB,Commodity,0.3813042090276575,0.0316227766016837,12.057897819363356,0.2968535881998997,-0.9137270184293604,False,True,False,summable
tfarch,22.517256903488487,0.001,1.0413211055278378e-06,0.0225399490155774,0.4439524694472429,999,0.6251759589382214,1.6677980350641235,False,True,DBC,Commodity,0.3831225021322356,0.0311891430775902,12.283841886233589,0.3545625912737213,-0.7373537202209627,False,True,False,summable
tfarch,52.13027328313001,0.001,2.596900145167356e-13,0.0371635783842645,0.6418625483696495,999,0.599557144771358,1.6932197217758116,False,True,GLD,Commodity,0.4040431752783583,0.0305995030681052,13.204239767524347,0.3844914464569211,-0.5584286950483408,True,True,False,indeterminate
tfarch,3.235669203422731,0.04,0.0360254307892713,0.0080231731883462,0.111455690853658,999,0.5717355631382967,1.373806352455894,False,True,PALL,Commodity,0.2926644347684298,0.033407655239053,8.760400353578525,0.255336963220613,-0.7076308528021398,False,True,False,summable
tfarch,9.500545713869542,0.001,0.0010270539825998,0.015778207421139,0.4154307124337836,999,0.5721390792347134,1.374601878160295,False,True,PPLT,Commodity,0.3415845670387971,0.033407655239053,10.224739347749551,0.2896151031712599,-0.6166156824791293,False,True,False,summable
tfarch,57.58457360070679,0.001,1.6187740893388473e-14,0.0330951589433393,0.5498458668098385,999,0.5907109286689392,1.5301885382403138,False,True,SLV,Commodity,0.3990381487479041,0.0313112145542574,12.74425647259492,0.3821127275567644,-0.5733392869784166,True,True,False,indeterminate
tfarch,51.281130397173,0.001,4.0020661567316977e-13,0.120219310516575,1.315642854652,999,0.8012039430516805,2.181449744371371,False,True,SOYB,Commodity,0.3381042509747748,0.0346687622640768,9.75241770673517,0.2841541612110321,-0.2681109871049143,True,True,False,indeterminate
tfarch,107.89608284713722,0.001,1.4162328677721567e-25,0.1385262082504064,1.5170829330023867,999,0.4843227311186212,1.1839347631031771,False,True,UNG,Commodity,0.3775074083291571,0.0318142381487888,11.865989264417705,0.324493018644418,-0.4298210000168946,True,True,False,indeterminate
tfarch,7.609586695343751,0.004,0.0029029394967315,0.0426358466639117,0.6873377426199876,999,0.646295366903853,1.65799853360929,False,True,URA,Commodity,0.3061116880437382,0.0340206908719885,8.99780928011017,0.2296478075809147,-0.5683615008817205,True,True,False,indeterminate
tfarch,76.66543868520057,0.001,1.0125833813540596e-18,0.0873472415259583,0.7347740042183075,999,0.6209880863528554,1.3959691160688403,False,True,USO,Commodity,0.4846800017708009,0.03125,15.50976005666563,0.4763840100000188,0.070458653655857,True,True,False,indeterminate
tfarch,7.521616455810545,0.01,0.0030481475495086,0.049850898366016,0.5788837811789933,999,0.8303450455538948,2.5828443986193466,False,True,WEAT,Commodity,0.3638465887608627,0.0346687622640768,10.494940257439602,0.325111882473068,-0.2224438921473051,True,True,False,indeterminate
tfarch,15.078276770444065,0.001,5.157172301586659e-05,0.012003186519899,0.1668931103183535,999,0.603123012617783,1.5691138653355283,False,True,WOOD,Commodity,0.4679448276263845,0.0324784901230815,14.407838106175674,0.4270419143016509,-0.070930996145552,True,True,False,indeterminate
tfarch,3.083199493841676,0.068,0.0395523854547878,0.0152578008780565,0.055554854839197,999,0.6918652207854824,2.1114149725274896,False,False,ADA-USD,Cryptocurrency,0.2658667717066887,0.0365636212063565,7.271346845166096,0.1953788267692088,-0.5008704419876863,True,False,False,long-memory
tfarch,19.185483728049803,0.001,5.930597516427062e-06,0.1614540076441546,0.8978851413718407,999,0.5730943117987035,1.4355540988533797,False,True,BTC-USD,Cryptocurrency,0.3523780263474135,0.0330409300227544,10.664894302452725,0.3283952945741388,-0.2608939089198893,True,True,False,indeterminate
tfarch,2.4617893005979568,0.102,0.058322918795745,0.0081855999747712,0.1938739497260284,999,0.7977367779090806,2.0820801776210613,False,False,DOT-USD,Cryptocurrency,0.3063799070414263,0.0415227399268699,7.378605255361853,0.2328020150705749,-0.4168611754370027,True,False,False,long-memory
tfarch,1.0938253177428123,0.223,0.1478125968369115,0.0051402510668521,0.0513267565025813,999,0.7277187855273372,1.7874744849207207,False,False,ETH-USD,Cryptocurrency,0.2781611960188683,0.0365636212063565,7.607594292944659,0.1968579288232469,-0.3595898054714161,True,False,False,long-memory
tfarch,35.617795566740824,0.001,1.2004212925969267e-09,0.0703743076987622,0.7140916042779641,999,0.6729696676232018,1.7302096727838188,False,True,LTC-USD,Cryptocurrency,0.3449031489750091,0.0330409300227544,10.438663461878424,0.3236232668515886,-0.1242845037153329,True,True,False,indeterminate
tfarch,0.0,1.0,0.5,2.6254014004817347e-08,-0.1662138803281563,999,3.837851823578336e-06,2.5521968480088782e-11,True,False,SOL-USD,Cryptocurrency,0.2638300657997812,0.0406894229385579,6.483996251265865,0.112233135744772,-0.4045541294953449,False,False,True,indeterminate
tfarch,0.0,1.0,0.5,6.336981182193444e-09,-0.5568858434889152,999,4.549704948197808e-07,4.054112023447016e-13,True,False,XRP-USD,Cryptocurrency,0.3153983202653725,0.0365636212063565,8.626014324055545,0.2549325676018952,-0.6301570960505546,False,False,True,indeterminate
tfarch,9.920492524886413,0.003,0.0008172431865256,0.012615115918186,0.2987006581227062,999,0.7019464180594096,2.0574453022816805,False,True,CEW,Currency,0.2830497721728585,0.0330409300227544,8.566640587233138,0.2653208084894194,-0.6202145242303602,False,True,False,summable
tfarch,42.39893979104431,0.001,3.721518794586498e-11,0.0301012310192338,0.620310312457808,999,0.6259991235162932,1.777124915539155,False,True,FXA,Currency,0.5030455240051892,0.0313727902569079,16.0344527817198,0.50102751392613,-0.39097190939382,True,True,False,indeterminate
tfarch,37.98848361567775,0.001,3.558172345232857e-10,0.0447423454063505,0.6423928982006993,999,0.6903579404746021,2.1021066776341324,False,True,FXB,Currency,0.3999351408428849,0.0313727902569079,12.747834590671252,0.3868728120126103,-0.9453191150252496,False,True,False,summable
tfarch,52.47344437866423,0.001,2.180528211476369e-13,0.048428295582211,0.9647960447262858,999,0.6101201965298485,1.7528559253350615,False,True,FXC,Currency,0.4509702868553902,0.0313727902569079,14.374567361157546,0.4329963467969629,-0.7547659151005205,False,True,False,summable
tfarch,83.87989551539249,0.001,2.6288245722446204e-20,0.0520483155899109,1.1751209891278371,999,0.5764487000642391,1.7220000867680405,False,True,FXE,Currency,0.3889945008553095,0.0311286403182345,12.496353739788775,0.3348384200439155,-1.433079671721872,False,True,False,summable
tfarch,228.5651877644493,0.001,6.1266825794376034e-52,0.0922260676371503,1.6149373392196864,999,0.5940565873619488,1.5412667086134788,False,True,FXF,Currency,0.2882671662999607,0.0313727902569079,9.188445271822372,0.2584855182863233,-1.1246197332929633,False,True,False,summable
tfarch,14.801170241966702,0.001,5.973067343756974e-05,0.0151013930686484,0.2980091404089436,999,0.6882561483049301,1.722450306980371,False,True,FXY,Currency,0.3479073342120992,0.0316862125262238,10.979770268351476,0.3137248738582437,-0.6112651668395537,False,True,False,summable
tfarch,5.420995918158951,0.026,0.0099480040307216,0.0167544552699317,0.0013443558988155,999,0.9007218851020568,2.1070305580043187,False,True,USDU,Currency,0.2247185899342471,0.0365636212063565,6.145960999486017,0.2023089377501551,-0.1494787997257303,True,True,False,indeterminate
tfarch,32.78639957502901,0.001,5.143100396852212e-09,0.0317154746953534,0.6761566175472976,999,0.7250687211867807,2.043291262760854,False,True,UUP,Currency,0.3221940745561694,0.0317500317500476,10.147834720060906,0.2695297444497962,-0.908477081081666,False,True,False,summable
tfarch,15.621435277629644,0.001,3.868625655050098e-05,0.0934993469966271,0.5869101350281456,999,0.6267236651900973,1.7944219323802086,False,True,MTUM,Factor ETF,0.4717306311037049,0.0358979079308869,13.14089478450702,0.4520087248164189,0.8628703387985361,False,True,False,summable
tfarch,13.980144397069123,0.001,9.237571396805992e-05,0.0190029288363726,0.0371854807653772,999,0.5810535650820082,1.4516623558196968,False,True,QUAL,Factor ETF,0.5328682399758188,0.036178730264621,14.728771188990754,0.5066037528220659,0.5830434913315313,True,True,False,indeterminate
tfarch,20.475625328841037,0.001,3.0197747663095804e-06,0.0276246267995464,0.2152898787672543,999,0.4547619789576732,1.1753495792390225,False,True,SIZE,Factor ETF,0.5172681486352416,0.0358979079308869,14.409423235223665,0.4962933395005391,0.5949730592495752,True,True,False,indeterminate
tfarch,10.308221927902764,0.002,0.0006621941252986,0.0164003551574231,-0.0620669832790194,999,0.5944008958251945,1.7252556095123903,False,True,USMV,Factor ETF,0.5734652429115826,0.0346687622640768,16.541266704112985,0.5733708405164821,1.0019517891311256,False,True,False,summable
tfarch,4.325226027657664,0.024,0.0187757133325503,0.008997922158755,-0.0872067983449031,999,0.5798298411054817,1.4803640907362348,False,True,VLUE,Factor ETF,0.5006532445946082,0.0358979079308869,13.94658556589147,0.4750957572631669,0.2393653079341701,True,True,False,indeterminate
tfarch,117.53116494510505,0.001,1.0981096170586729e-27,0.0902826640249718,0.8139906285201148,999,0.7309218944318308,2.176395049293082,False,True,AGG,Fixed Income,0.3722043690451553,0.0300964632714423,12.367046775171412,0.3513760791416115,-0.070102857851706,True,True,False,indeterminate
tfarch,68.65622883369633,0.001,5.86069473117912e-17,0.0763724219360582,0.6445498059534837,999,0.7364137734130819,2.026313476622693,False,True,BND,Fixed Income,0.3554254757345132,0.0318142381487888,11.171899640414418,0.2854856457222793,-0.2009482494907143,True,True,False,indeterminate
tfarch,8.383602531648648,0.005,0.0018931060455653,0.0303292320948945,0.3164032350808432,999,0.6241204419903325,1.6283829855973049,False,True,BNDX,Fixed Income,0.3810890096786952,0.0360843918243516,10.561048431513724,0.2994180214980276,-0.9431764659972234,False,True,False,summable
tfarch,20.65784167288757,0.001,2.7455913588183327e-06,0.0210592775448828,0.4414934640507032,999,0.6838369614824582,1.8111912424390748,False,True,BWX,Fixed Income,0.3040103952984161,0.0320750149549792,9.478106112347197,0.2328632601552922,-0.6159443808037179,False,True,False,summable
tfarch,61.52872341973125,0.001,2.18165619962892e-15,0.0397486660092903,0.0484292188492078,999,0.5927506942121195,1.553240888459824,False,True,EMB,Fixed Income,0.5008445878274793,0.0321412173266612,15.582626592429246,0.493063166987059,0.0070032697452522,True,True,False,indeterminate
tfarch,1.5097608453343128,0.161,0.1095877914388705,0.0054247572670966,0.0871674024654251,999,0.7439354648942805,1.9820370634340063,False,False,GOVT,Fixed Income,0.3168869783401561,0.0350070021007002,9.052102703013734,0.2397897770260903,-0.7717637313107879,False,False,False,indeterminate
tfarch,59.81438544328557,0.001,5.211932877900465e-15,0.0199330463299949,0.1306903956584759,999,0.5176397040412852,1.3556252344444308,False,True,HYG,Fixed Income,0.5682986139911136,0.0318142381487888,17.863027595798258,0.5473938886188227,-0.0373251235863665,True,True,False,indeterminate
tfarch,45.29061563030973,0.001,8.493054851566624e-12,0.0364329447238814,0.7275038107566597,999,0.6566169199083087,1.8009904390618123,False,True,IEF,Fixed Income,0.3731193698285333,0.0296174438879546,12.597959879322351,0.3589128597580785,-0.970048858759452,False,True,False,summable
tfarch,26.029751410738758,0.001,1.6809818544380973e-07,0.0195719157941857,0.1614042343982243,999,0.7207616375082354,1.9362007190189383,False,True,LQD,Fixed Income,0.4626945615395144,0.0296174438879546,15.6223664435705,0.4553813058066315,0.3933481608923155,True,True,False,indeterminate
tfarch,150.97661180669093,0.001,5.302370911379527e-35,0.1309697680760258,0.6333649839870268,999,0.6460458569101749,1.840267306823644,False,True,MUB,Fixed Income,0.4176246993184007,0.0320092199832239,13.04701269000861,0.39688551585464,1.0198728783678792,False,True,False,summable
tfarch,86.1169085412912,0.001,8.480321688154984e-21,0.0343937343600352,0.548480914909617,999,0.626319580753575,2.4887503297721776,False,True,SHY,Fixed Income,0.3943829484325016,0.0296174438879546,13.315900923944918,0.3716368161336459,-1.2256453377300098,False,True,False,summable
tfarch,95.43137369137548,0.001,7.655394951591026e-23,0.0666625066635163,0.7580715394694542,999,0.5713498160653758,1.3588358274159174,False,True,TIP,Fixed Income,0.4258093573932495,0.0301511344577763,14.122498706957538,0.4036029196774632,-0.324685583063751,True,True,False,indeterminate
tfarch,18.82199346069956,0.001,7.175138850602851e-06,0.0182259006904881,0.4320727221845722,999,0.5498877384281262,1.4135311623596951,False,True,TLT,Fixed Income,0.370251868375176,0.0296174438879546,12.501141887053835,0.3494084507770668,-0.6203886843500304,False,True,False,summable
tfarch,49.891257689693816,0.001,8.125355424285618e-13,0.0687392778607303,0.6412080494394368,999,0.8456752304407527,2.96102631011223,False,True,VCLT,Fixed Income,0.376866976737939,0.0333333333333333,11.30600930213817,0.3516790547694011,0.5462776235117367,True,True,False,indeterminate
tfarch,217.49293935876997,0.001,1.5930206434402366e-49,0.1214986680597734,0.9037754759083112,999,0.6578167584103796,1.7010156803008656,False,True,VCSH,Fixed Income,0.3659487151337313,0.0333333333333333,10.97846145401194,0.3489467525850928,1.03317211093155,False,True,False,summable
tfarch,0.0,1.0,0.5,1.1662778087885196e-08,-0.0970196336763749,999,2.389436700865587e-06,1.0311497770426786e-11,True,False,ARGT,Intl Equity,0.2626025791228298,0.0342594354913765,7.665116933667204,0.2185330295426149,-0.233446679659757,True,False,True,indeterminate
tfarch,41.68844460512719,0.001,5.351987980947741e-11,0.041201189188828,0.529007495705265,999,0.586692791731457,1.4130318472194232,False,True,ECH,Intl Equity,0.4370537271636666,0.0321412173266612,13.597920785692487,0.4131692330625446,-0.0561384462777526,True,True,False,indeterminate
tfarch,1.7011573762147236,0.179,0.0960683435419764,0.0147269065856742,0.0591429484552982,999,0.8353467364077493,2.189652687818576,False,False,EDEN,Intl Equity,0.3033635188941935,0.0349215147884789,8.687009161305838,0.2682798346588777,-0.0199283143052393,True,False,False,long-memory
tfarch,41.87993360386099,0.001,4.8526775676111815e-11,0.0344916331629853,0.4116191179817169,999,0.5681260007639183,1.6748235034891317,False,True,EEM,Intl Equity,0.5753388318206275,0.0298807152333598,19.254520091885208,0.5613906744868198,0.270148328671713,True,True,False,indeterminate
tfarch,34.236641804786814,0.001,2.44006882155585e-09,0.2603107616318847,1.6353892514260344,999,0.8393854425536666,2.5771430010551946,False,True,EFNL,Intl Equity,0.3919107162214241,0.0349215147884789,11.222615015277658,0.3738790823735904,-0.0197311036525485,True,True,False,indeterminate
tfarch,0.0511345333079589,0.467,0.4105503655563844,0.0005960848586668,-0.0630838294482109,999,0.6939012585438972,2.0146745125622205,False,False,EIDO,Intl Equity,0.4181842383080645,0.0336336396998156,12.433511271465424,0.3969817985245008,0.2191361854396644,True,False,False,long-memory
tfarch,22.946129678142825,0.001,8.330265434414228e-07,0.0380498234982804,0.537061172692858,999,0.7846279249014423,1.9222183478553303,False,True,ENZL,Intl Equity,0.3793969785194918,0.0338642730739298,11.203458514854937,0.3593576708268627,0.1651227553476026,True,True,False,indeterminate
tfarch,19.14950827337725,0.001,6.043431861414586e-06,0.0402460390742901,0.3317936671197143,999,0.7488717392027313,2.034866871628959,False,True,EPHE,Intl Equity,0.3133380514167851,0.0339422116651065,9.231515450683045,0.2968342405862456,0.0972608505887469,True,True,False,indeterminate
tfarch,12.151779218615047,0.001,0.0002452052915165,0.0131723904106867,0.1200056602216571,999,0.5972735806254906,1.306065605740161,False,True,EPU,Intl Equity,0.3057665836321153,0.0330409300227544,9.254176060466254,0.2567677504300367,-0.3042365385476095,True,True,False,indeterminate
tfarch,0.4283364663097018,0.242,0.2564031748987175,0.7846797205986745,-18.814795991538382,999,0.4876606252093026,1.3095880641953217,False,False,ERUS,Intl Equity,0.0429335434121747,0.0340206908719885,1.2619832905135,-0.0064028080162271,-0.0406415954659733,False,False,False,indeterminate
tfarch,23.100737098418904,0.001,7.686587741962187e-07,0.0126211447543449,0.1332634858174765,999,0.54445161740834,1.2666370763743295,False,True,EWA,Intl Equity,0.4937760743071259,0.0286299167156934,17.246856818010368,0.4756777293037113,0.282509710992762,True,True,False,indeterminate
tfarch,38.67186497745388,0.001,2.5069218645813656e-10,0.0237252050943176,0.3442894272648282,999,0.5543440621832866,1.3031679773216425,False,True,EWC,Intl Equity,0.4851446065867355,0.0286299167156934,16.94537261160822,0.4542761951000512,0.0187240473167363,True,True,False,indeterminate
tfarch,48.12823078105066,0.001,1.996184162124461e-12,0.02946998200097,0.4423750079327582,999,0.6499573855436203,1.8069099196422471,False,True,EWD,Intl Equity,0.486908801723544,0.0286299167156934,17.006993298609434,0.4582832134244679,-0.4853414713680737,True,True,False,indeterminate
tfarch,50.54418491170509,0.001,5.825595087398593e-13,0.0418159142354975,0.5226413963536728,999,0.5726872686160456,1.277945486161986,False,True,EWG,Intl Equity,0.4892457562318101,0.0286299167156934,17.08861961039626,0.4689355413206725,-0.1855943552562802,True,True,False,indeterminate
tfarch,20.691711254221445,0.001,2.697451529203511e-06,0.0154800693174225,0.2400237102589047,999,0.5736273158561614,1.6618256383233152,False,True,EWH,Intl Equity,0.4834042515721974,0.0286299167156934,16.884584624279423,0.4518467727776108,-0.1767624757690525,True,True,False,indeterminate
tfarch,27.67707493929265,0.001,7.167576594843066e-08,0.0292146016818674,0.321871291612086,999,0.584593474996354,1.6753619798716537,False,True,EWI,Intl Equity,0.4299107134021313,0.0286299167156934,15.016135662262576,0.4068855430524629,-0.1453340021081367,True,True,False,indeterminate
tfarch,33.64119906338237,0.001,3.3137027025714323e-09,0.0232471227182881,0.261302097669881,999,0.6065503321649419,1.5625603499704854,False,True,EWJ,Intl Equity,0.4650274250363015,0.0286299167156934,16.24270966814926,0.4466160249222278,0.0475439833266026,True,True,False,indeterminate
tfarch,15.105677586925594,0.001,5.0828544424003135e-05,0.0105430648305254,0.1001535294092818,999,0.5948670815199005,1.3831880164461725,False,True,EWK,Intl Equity,0.4555304124158141,0.0286299167156934,15.910993278094878,0.425957028361122,-0.0796735684920135,True,True,False,indeterminate
tfarch,65.98929085880809,0.001,2.2668985024995425e-16,0.0726484914180175,0.7834448245565023,999,0.5594070782229685,1.3393193627106992,False,True,EWL,Intl Equity,0.4627822166636118,0.0286299167156934,16.16428791111149,0.4367980717559362,0.0350074605998697,True,True,False,indeterminate
tfarch,40.2301487856821,0.001,1.1286875836234467e-10,0.0432173357822838,0.562168306450043,999,0.5422325069941691,1.2840385088783264,False,True,EWN,Intl Equity,0.4967110132020598,0.0286299167156934,17.349369826486047,0.4728013387756258,-0.0115124693898672,True,True,False,indeterminate
tfarch,32.762745157782774,0.001,5.206068199243985e-09,0.0365227792186366,0.4460967980321925,999,0.6682161473826335,1.9018389741774968,False,True,EWO,Intl Equity,0.4739776110038534,0.0286299167156934,16.555326224335257,0.4602596021927524,-0.0724381763459578,True,True,False,indeterminate
tfarch,33.33205784710299,0.001,3.884565203331802e-09,0.0506445452433847,0.5273343255743833,999,0.556770376063464,1.7194541236699643,False,True,EWP,Intl Equity,0.4364413996560932,0.0286299167156934,15.244242726590224,0.4078637025631781,-0.0147903251813235,True,True,False,indeterminate
tfarch,35.20876294121808,0.001,1.480938955533962e-09,0.0445596575840013,0.4699182169388499,999,0.5867952874651556,1.594639573895311,False,True,EWQ,Intl Equity,0.477960138673308,0.0286299167156934,16.69442993563846,0.4510894985385325,-0.1194568922921769,True,True,False,indeterminate
tfarch,35.84017060313272,0.001,1.0709294507092856e-09,0.0239290097821445,0.3773471476997948,999,0.5521320418901459,1.4117118998515326,False,True,EWS,Intl Equity,0.4632122798990212,0.0286299167156934,16.17930937413844,0.4249966777431157,-0.1774068734876976,True,True,False,indeterminate
tfarch,32.66802996057595,0.001,5.466030717797594e-09,0.0172608182117499,0.3093784363943042,999,0.5146496136933031,1.2380207749230645,False,True,EWT,Intl Equity,0.4193066076805545,0.0288195208852117,14.549395506977865,0.3708105183971544,-0.4765003780674092,True,True,False,indeterminate
tfarch,60.4642756387484,0.001,3.7463003261361704e-15,0.0616287956103889,0.6057140382161221,999,0.6389231512208841,1.7920186703044312,False,True,EWU,Intl Equity,0.4961906562244719,0.0286299167156934,17.331194538630506,0.4765988078010852,-0.0046708443492985,True,True,False,indeterminate
tfarch,49.9522690097383,0.001,7.876590071752679e-13,0.0554686121130345,0.5780997118295955,999,0.5681333901891965,1.4478407286396082,False,True,EWW,Intl Equity,0.4541379686767168,0.0286299167156934,15.862357309191273,0.4335653137864527,0.1448602779582134,True,True,False,indeterminate
tfarch,28.05419854761203,0.001,5.898245217747233e-08,0.0269973628932043,0.4384923271447488,999,0.5680546761751494,1.2952773940749838,False,True,EWY,Intl Equity,0.5192585454233914,0.0287717668824218,18.04750287131772,0.5030578843754203,-0.0765539845097862,True,True,False,indeterminate
tfarch,36.69297869613729,0.001,6.913828701725208e-10,0.019559467338565,0.2829826047716411,999,0.5617974087463181,1.4243985731279434,False,True,EWZ,Intl Equity,0.4375888646332834,0.0288195208852117,15.183766113815748,0.4164460028505095,-0.0268567421469,True,True,False,indeterminate
tfarch,52.85082065236202,0.001,1.7993413846017157e-13,0.0442688146455435,0.5624983984515244,999,0.6868218157357766,2.0444245724132037,False,True,EZA,Intl Equity,0.4772509966201194,0.0298274993135946,16.000369042087264,0.4623364367169847,0.1193353122036648,True,True,False,indeterminate
tfarch,38.3573161971708,0.001,2.9453414995338387e-10,0.0378037740890153,0.4650428425813149,999,0.5715098102047524,1.4085249183359267,False,True,FXI,Intl Equity,0.4922527252344142,0.0305423610890763,16.11704883583712,0.4550794408877542,-0.3388192551121914,True,True,False,indeterminate
tfarch,25.34165191252032,0.001,2.401130964990329e-07,0.0291233115728797,0.3535718361200535,999,0.5703539129157574,1.3363052841947194,False,True,GXC,Intl Equity,0.4645061898156825,0.0317500317500476,14.630101584543636,0.4139031085672958,-0.4853521505408556,True,True,False,indeterminate
tfarch,4.490411232686711,0.033,0.0170427386859988,0.0101996099522955,-0.0408500887343004,999,0.7573827627101094,2.2080250590971,False,True,INDA,Intl Equity,0.4239606986528763,0.0349215147884789,12.140386842347024,0.3976319531122891,0.279406863024218,True,True,False,indeterminate
tfarch,25.036456514507336,0.001,2.8128256176404184e-07,0.1130218680385932,0.5862273312148555,999,0.8730777825342145,2.3565977932441267,False,True,KSA,Intl Equity,0.406883651989401,0.0383482494423685,10.610227530747764,0.3866800551328131,0.7421568118015889,False,True,False,summable
tfarch,5.681171234730755,0.024,0.0085739585175927,0.0110544571868938,0.2160921669770393,999,0.724063834384898,2.141778375762994,False,True,KWEB,Intl Equity,0.3288448345177895,0.036178730264621,9.08945206513686,0.2166835605311417,-0.5818620917988895,True,True,False,indeterminate
tfarch,6.38879731410816,0.017,0.0057421406377901,0.0144376984753651,0.1398030235892291,999,0.7221933481435429,2.2169572426792006,False,True,MCHI,Intl Equity,0.2903599883176607,0.0342594354913765,8.475329034266984,0.2719073260043625,-0.180718057313421,True,True,False,indeterminate
tfarch,7.348332523193676,0.011,0.0033562493029718,0.0159054412884642,0.1366929700769204,999,0.6894023984373817,2.0216748806023856,False,True,NORW,Intl Equity,0.3818099366688935,0.0331861655799986,11.505093462771471,0.3401030955349146,-0.2302204722226994,True,True,False,indeterminate
tfarch,30.07461113155432,0.001,2.07869314018088e-08,0.0805150527230976,0.9914565560854988,999,0.8322202243022645,2.425769836264923,False,True,QAT,Intl Equity,0.2657835224629644,0.0369610635477286,7.190905697823124,0.1711269092150022,-0.1165510425303637,True,True,False,indeterminate
tfarch,629.5343692665392,0.001,3.155453792555557e-139,0.0876449944842324,0.9560917913495928,999,0.4530369273147398,1.0171808626348666,False,True,RSX,Intl Equity,0.3988120773583652,0.0328266082149306,12.149049172158218,0.3416314367525396,-0.1553575258204618,True,True,False,indeterminate
tfarch,26.359515255956467,0.001,1.4170959924800086e-07,0.0367056438937423,0.486233904176367,999,0.6223978797530291,2.020856433827125,False,True,THD,Intl Equity,0.4945106494632315,0.0323423113676575,15.289898233981644,0.4735409238076521,-0.1340763198931924,True,True,False,indeterminate
tfarch,3.30271907907445,0.062,0.0345826521882732,0.0080510601302431,-0.0106686333120393,999,0.7399578470112838,1.920596054543944,False,False,TUR,Intl Equity,0.3731099132978216,0.0323423113676575,11.536278562667391,0.3331321321078392,-0.5923388267794268,True,False,False,long-memory
tfarch,0.0052622605767282,0.544,0.4710855138204826,0.0004323949361365,-0.3559835011071328,999,0.7274850619543346,1.9194642013112375,False,False,UAE,Intl Equity,0.3429245604318585,0.0369610635477286,9.277994936185546,0.2974127028131593,0.2680855106435572,True,False,False,long-memory
tfarch,36.54543290556012,0.001,7.457450679617044e-10,0.0298501755390589,0.3257024333273475,999,0.5849386624484478,1.5023454982819822,False,True,VEA,Intl Equity,0.4976135353258781,0.0319438282499969,15.577767681177187,0.4757726526055339,0.0717351972745572,True,True,False,indeterminate
tfarch,38.147839689076136,0.001,3.279115541823504e-10,0.0237721905684189,0.336681945928844,999,0.5837834891594106,1.5658422685294169,False,True,VWO,Intl Equity,0.5360748576664657,0.0307147558416975,17.45333286806416,0.5186042009872444,0.0649426890350618,True,True,False,indeterminate
tfarch,70.74529696551508,0.001,2.0322613165123528e-17,0.0276525632898905,0.4783680853348837,999,0.6189809207997904,1.71738315903449,False,True,ARE,Real Estate,0.5167244229571059,0.0286299167156934,18.048408176956546,0.4879500777742201,-0.787729367598971,False,True,False,summable
tfarch,29.140339328505437,0.001,3.3660293444516494e-08,0.016906885329719,0.3146158582908724,999,0.4860413591106519,1.1822767351517558,False,True,CCI,Real Estate,0.4525666381947167,0.0286299167156934,15.807473094975633,0.3267282295145353,-0.9076978905013158,False,True,False,summable
tfarch,25.742017805632717,0.001,1.9511883633806088e-07,0.0170190761555799,0.2863295689416508,999,0.5962007555352137,1.7586440491742927,False,True,EXR,Real Estate,0.5069587425066987,0.0304855380424846,16.629483192988147,0.4774039924876676,-0.7227048700577684,False,True,False,summable
tfarch,2.02729161148136,0.127,0.0772478576469735,0.0077305470075241,-0.1394965985493473,999,0.7248965638811389,1.873161975579237,False,False,INVH,Real Estate,0.400910741238019,0.0401609664451249,9.982596952337156,0.376017653476341,0.0491441008725053,True,False,False,long-memory
tfarch,39.65789759695872,0.001,1.512893231183161e-10,0.0193562532255166,0.1719856837153327,999,0.6291375839873808,1.552224212397907,False,True,MAA,Real Estate,0.5529611853234593,0.0286299167156934,19.314103873042534,0.529910350911456,-0.7445135482364439,False,True,False,summable
tfarch,38.9870648184442,0.001,2.13311473296182e-10,0.0160597982302737,0.3334732166283177,999,0.6418803127131019,1.6788865772282937,False,True,SBAC,Real Estate,0.4463737755357389,0.0286299167156934,15.591165701542552,0.3475496860126358,-0.7705962459843296,False,True,False,summable
tfarch,1.0807926889697228,0.238,0.1492601468724133,0.0039423457214007,-0.1719698290964846,999,0.7949196411038253,2.180717980008965,False,False,VICI,Real Estate,0.4244118087756838,0.0415227399268699,10.221189871457414,0.3426386554864565,0.3041869774583502,True,False,False,long-memory
tfarch,41.625519720491866,0.001,5.5270446483154915e-11,0.0182579704305349,0.1378748993189154,999,0.7355883997406163,1.884153079524752,False,True,VTR,Real Estate,0.4855374776982255,0.0286299167156934,16.959095009594613,0.4602189585881009,-0.5080355855927249,True,True,False,indeterminate
tfarch,32.00662607196682,0.001,7.682380248075839e-09,0.0184322198245304,0.1523996839043888,999,0.6389746471141007,2.036533389850176,False,True,WELL,Real Estate,0.5296761078753984,0.0286299167156934,18.50079108281366,0.5085706567936925,-0.3814322091382574,True,True,False,indeterminate
tfarch,22.758520538860463,0.001,9.184394660746728e-07,0.0146016487217512,0.2301613113300184,999,0.515231332009163,1.219688317552367,False,True,XLB,Sector ETF,0.5024521275643657,0.0286299167156934,17.549898330264718,0.4782930601544115,0.1421176415376796,True,True,False,indeterminate
tfarch,9.490812096921218,0.005,0.0010325169847189,0.3492415991008614,1.8991863518445236,999,0.7153401312113484,2.1095841142023524,False,True,XLC,Sector ETF,0.4578888783498378,0.0422577127364258,10.83562854444654,0.4420513109257934,0.3852077728196605,True,True,False,indeterminate
tfarch,58.64630698310975,0.001,9.436101259598954e-15,0.0389218503470031,0.5568668719091165,999,0.6627217381396481,1.9001602794920656,False,True,XLE,Sector ETF,0.496520777681053,0.0286299167156934,17.342725185396244,0.472322036379986,0.1222790251497248,True,True,False,indeterminate
tfarch,32.51716755460984,0.001,5.9072132144199754e-09,0.0136195071287056,0.1108289997544985,999,0.5789966150943985,1.3323170324902387,False,True,XLF,Sector ETF,0.5528024726705797,0.0286299167156934,19.30856027840145,0.5305483007462665,-0.5956664927392537,True,True,False,indeterminate
tfarch,67.85003298363972,0.001,8.820781523397827e-17,0.0350308511546365,0.4581361532492191,999,0.5317701821378507,1.3172953210742917,False,True,XLI,Sector ETF,0.4816910097004577,0.0286299167156934,16.824743658315292,0.4589993555393398,-0.0168753940334133,True,True,False,indeterminate
tfarch,38.69103474534313,0.001,2.4824212380174107e-10,0.0151695044190738,0.2227254787266275,999,0.5520161936766645,1.3953450489425565,False,True,XLK,Sector ETF,0.5028679761946505,0.0286299167156934,17.56442329847941,0.4523804428762728,-0.1871519554292281,True,True,False,indeterminate
tfarch,63.02782504192737,0.001,1.019035044233655e-15,0.0418669685536693,0.4260037495637905,999,0.5587569045194706,1.3485318669515745,False,True,XLP,Sector ETF,0.447616927202863,0.0286299167156934,15.634587122550132,0.4183462465208891,0.2274324035268257,True,True,False,indeterminate
tfarch,18.631898832342813,0.001,7.92727084835232e-06,0.0282075703983683,0.3022941796038043,999,0.7388102576096194,1.9813666290730327,False,True,XLRE,Sector ETF,0.489774248257826,0.0384615384615384,12.734130454703475,0.4716267426837212,0.4588637704727167,True,True,False,indeterminate
tfarch,44.8223491445242,0.001,1.0787304348147432e-11,0.0254354018831649,0.2628951954043215,999,0.6738402284053221,1.8788296604438552,False,True,XLU,Sector ETF,0.5344697672882978,0.0286299167156934,18.668226407914403,0.518757626581723,0.6474219508185823,False,True,False,summable
tfarch,51.031190655153296,0.001,4.545493193019418e-13,0.047954395759722,0.4955802364520899,999,0.5696265551447842,1.4795575885361818,False,True,XLV,Sector ETF,0.4343418396116982,0.0286299167156934,15.17090824695326,0.4103674709467171,0.3366628588336534,True,True,False,indeterminate
tfarch,48.12454129179878,0.001,1.9999437722789048e-12,0.0345833392005621,0.446594123622419,999,0.5331313174452198,1.8071454415806791,False,True,XLY,Sector ETF,0.5319450797711838,0.0286299167156934,18.580042864029693,0.502656097616063,-0.2199433430907894,True,True,False,indeterminate
tfarch,3.15336964375274,0.059,0.0378851722340439,0.0072114138431616,0.1484628444246431,999,0.6452550477005488,1.7469605049404462,False,False,ARKK,Thematic ETF,0.450057313803704,0.037476584449793,12.009026980744215,0.3847178307522229,-0.6290279593837055,False,False,False,indeterminate
tfarch,26.53399346219157,0.001,1.2947065261673058e-07,0.0159041519561582,0.2695656123083317,999,0.6324656513504923,1.6767202129328522,False,True,KRE,Thematic ETF,0.4621484107592782,0.0313727902569079,14.730867320847194,0.4589708689461879,-0.7253235903417689,False,True,False,summable
tfarch,31.07945802381073,0.001,1.2383936426017088e-08,0.0497577629555445,0.6939114931058166,999,0.5705440123037424,1.3034923719260876,False,True,SOXX,Thematic ETF,0.442419415239402,0.0292103118918493,15.146001072410751,0.4029326155072866,-0.4598014068303581,True,True,False,indeterminate
tfarch,26.20044404699729,0.001,1.5387587734176617e-07,0.040613279071658,0.5443412982906908,999,0.5490150641299597,1.568740438250007,False,True,XBI,Thematic ETF,0.3755504142737801,0.0311891430775902,12.041062280534955,0.3453669194352118,-0.2201538233612802,True,True,False,indeterminate
tfarch,85.46730850110544,0.001,1.177820516165752e-20,0.0460850684302975,0.3952606407356491,999,0.492400200122722,0.991237395261584,False,True,DIA,US Index,0.5525432786978539,0.0286299167156934,19.29950702214159,0.5351538467796121,0.5273168017558538,True,True,False,indeterminate
tfarch,51.24615553399053,0.001,4.074007490734887e-13,0.0315595990136513,0.2997730091471596,999,0.5544146737460558,1.4035453828601276,False,True,DVY,US Index,0.5646757876232036,0.0301511344577763,18.72817715744578,0.5496310163265203,0.1510021876482176,True,True,False,indeterminate
tfarch,47.95922584324308,0.001,2.17587784835116e-12,0.0412748658166927,0.4738595389872524,999,0.5349469279563838,1.450190937725094,False,True,IJH,US Index,0.5109469183407882,0.0287717668824218,17.758621513541904,0.4894851426574914,0.321637398276493,True,True,False,indeterminate
tfarch,47.04366211878005,0.001,3.4711394576938684e-12,0.0452077154889532,0.5703732426558735,999,0.5535927032874374,1.6584857461163476,False,True,IJR,US Index,0.5028636505281154,0.0287717668824218,17.477677077779383,0.4826028541816902,0.0783459598480378,True,True,False,indeterminate
tfarch,54.8004439135384,0.001,6.67053175391581e-14,0.0317877032873667,0.28212918345703,999,0.5144897227605814,1.2545843357483863,False,True,IVV,US Index,0.5381270277296109,0.0287717668824218,18.703301397120008,0.5149882413305005,0.4124864343463407,True,True,False,indeterminate
tfarch,52.09566592097144,0.001,2.6430737436690417e-13,0.0283566276701012,0.2581365015236365,999,0.5677437858789928,1.532825933563427,False,True,IWB,US Index,0.5298668485086677,0.0287717668824218,18.41620817636999,0.5070164142087696,0.3936000612048481,True,True,False,indeterminate
tfarch,43.49081981549352,0.001,2.1297648265582627e-11,0.0452074289071234,0.5545978916407123,999,0.5208596211077647,1.410368142969623,False,True,IWM,US Index,0.499049292812216,0.0287717668824218,17.345104138081687,0.4790563894762119,0.0990779727888555,True,True,False,indeterminate
tfarch,30.487905704267177,0.001,1.6797719658785843e-08,0.0212328819603404,0.309386097503794,999,0.5966673736215657,1.3351934676376145,False,True,IWN,US Index,0.5034738779173036,0.0288195208852117,17.469890631514723,0.4802056461061533,-0.0374412764944691,True,True,False,indeterminate
tfarch,47.71873325177694,0.001,2.459840547139349e-12,0.0352074264531872,0.4153945990953996,999,0.5823587589930254,1.7701973272035312,False,True,MDY,US Index,0.5205763935917042,0.0286299167156934,18.18295172707756,0.5056861337968127,0.3039603126296831,True,True,False,indeterminate
tfarch,35.95470287572789,0.001,1.009791670079542e-09,0.0178912800959895,0.2475382193017514,999,0.6098519206872517,1.7353549441119045,False,True,QQQ,US Index,0.4880035330818617,0.0286299167156934,17.045230621099357,0.4127767200742767,-0.4640090201390677,True,True,False,indeterminate
tfarch,51.49749891738975,0.001,3.584418461933672e-13,0.0365375116371287,0.3668301204603515,999,0.6458706070211238,1.72915015109582,False,True,RSP,US Index,0.557386798882822,0.0299342170044624,18.62039013079009,0.5473758921201352,0.1883885608094986,True,True,False,indeterminate
tfarch,2.2212775628615877,0.107,0.0680601896918542,0.0060252124333456,-0.13690586402298,999,0.6516373392533401,1.7792098001832233,False,False,SCHD,US Index,0.4760157359683037,0.0346687622640768,13.730393151691576,0.4676406120188327,0.7380837704618809,False,False,False,indeterminate
tfarch,56.80216980117893,0.001,2.4096716787984923e-14,0.0337438918612495,0.301220917786543,999,0.5296949613946064,1.2418186408209475,False,True,SPY,US Index,0.5193301034983654,0.0286299167156934,18.13942068555498,0.4987347387072931,0.3086726741866823,True,True,False,indeterminate
tfarch,13.375415746540966,0.001,0.0001274720545168,0.0182335886878042,-0.008964482349476,999,0.5790886972554886,1.286672608679836,False,True,VOO,US Index,0.4846559555355118,0.0338642730739298,14.311718857140356,0.4740319220825368,0.672348732205233,False,True,False,summable
tfarch,52.3106703314279,0.001,2.3689652912348586e-13,0.0308027916507288,0.2713207429838867,999,0.5598557444205501,1.241950730455148,False,True,VTI,US Index,0.5248695247172699,0.0291605921759902,17.99927523932208,0.5043513700186893,0.3846073870447238,True,True,False,indeterminate
tfarch,42.70257580270163,0.001,3.186415862509066e-11,0.0441671029908935,0.3420089460953461,999,0.5668102135479257,1.277821155777154,False,True,VTV,US Index,0.5636781204846877,0.0302061046665088,18.66106625491728,0.5492833331217126,0.3205253306832551,True,True,False,indeterminate
tfarch,31.324696385972857,0.001,1.0914258869645852e-08,0.0163444752096545,0.1148025842656285,999,0.531800612235081,1.2291591538667217,False,True,VUG,US Index,0.5251594157761581,0.0302061046665088,17.385870226372848,0.5131402051158921,0.431976276403387,True,True,False,indeterminate
tfarch,39.43898226112879,0.001,1.6923604460133067e-10,0.0405617206282773,0.3147540942952273,999,0.5896624689320988,1.520855675208057,False,True,VYM,US Index,0.5739629803395788,0.0315597201548901,18.186567482938965,0.5618205753901847,0.2967783292399836,True,True,False,indeterminate
tfarch,22.5600755159976,0.001,1.018367630129328e-06,0.0118494776879258,0.3396822450824707,999,0.5502296665564865,1.461365358393879,False,True,A,US Stock,0.3869675628396294,0.0286299167156934,13.516195896843604,0.2828780880730651,-1.1679154749793397,False,True,False,summable
tfarch,27.44538319006824,0.001,8.07970902716513e-08,0.0132768016298385,0.4764347098056762,999,0.5140870600504027,1.2067503826397548,False,True,AAL,US Stock,0.424977780239927,0.0310086836473021,13.70512160637628,0.3666838291338503,-1.1952244378530072,False,True,False,summable
tfarch,14.75070377472548,0.001,6.135085895076796e-05,0.0105961279178651,0.1625067361634004,999,0.5207727127144571,1.4054276013719431,False,True,AAPL,US Stock,0.3537133483791161,0.0286299167156934,12.354676120494236,0.2609387492469906,-0.6927351197128576,False,True,False,summable
tfarch,6.10115137327648,0.019,0.0067546917101021,0.0798453236981943,0.2912610696798739,999,0.9257943334647633,2.160124992810058,False,True,ABBV,US Stock,0.2381136886852607,0.0357142857142857,6.667183283187303,0.178352783739787,0.0646969784481014,True,True,False,indeterminate
tfarch,29.087187459317647,0.001,3.4596538952428324e-08,0.0162855589358708,0.4051154000009023,999,0.6766275018372008,1.7403051908599785,False,True,ABT,US Stock,0.384427251989613,0.0286299167156934,13.427466653400716,0.3246960953598329,-0.3187439320600168,True,True,False,indeterminate
tfarch,3.67906867682359,0.03,0.0275498095583401,0.005161027145202,0.0484675248029434,999,0.566073109711028,1.3668658165165504,False,True,ACN,US Stock,0.4408646277850403,0.0292103118918493,15.092773723790913,0.4041015104993806,-0.4518614743319235,True,True,False,indeterminate
tfarch,18.798858283553272,0.001,7.262702570968548e-06,0.0112958163465097,0.2766449878972072,999,0.5978162879131217,1.6413321398814948,False,True,ADBE,US Stock,0.4149008969770102,0.0286299167156934,14.49186531337632,0.3169478794587438,-1.024261533971903,False,True,False,summable
tfarch,47.920124870870495,0.001,2.219706596024689e-12,0.0654246361933568,1.0939543180475757,999,0.5696025815921455,1.5782915259844748,False,True,ADI,US Stock,0.477188859160967,0.0286299167156934,16.667490300430988,0.3654473084300585,-0.8927264868139919,False,True,False,summable
tfarch,27.224200070793813,0.001,9.058833609852416e-08,0.0187715298146874,0.3818348473710848,999,0.5399363530441087,1.391238622846672,False,True,ADP,US Stock,0.439727888992806,0.0286299167156934,15.359034864106691,0.4001745039229671,-0.1743472415253885,True,True,False,indeterminate
tfarch,15.6843240339349,0.001,3.742094719259507e-05,0.0108171997099769,0.0701699583648152,999,0.6200707105217498,1.631199314883576,False,True,AEE,US Stock,0.4527414792149897,0.0286299167156934,15.813580029271296,0.4379159089633193,0.4301182748117967,True,True,False,indeterminate
tfarch,34.4154962597695,0.001,2.225824106475613e-09,0.0189569821506267,0.1626278655700222,999,0.6982267598219265,1.8064538897732916,False,True,AEP,US Stock,0.4578990660178152,0.0286299167156934,15.993726791626296,0.4223894402661401,-0.1681282407781729,True,True,False,indeterminate
tfarch,20.85521431761663,0.001,2.476709616170677e-06,0.0116485659577356,0.0672979450533227,999,0.5996115219817433,1.4752409307839098,False,True,AFL,US Stock,0.5146309421014336,0.0286299167156934,17.975286034253113,0.4951668894583507,-0.7698908271944948,False,True,False,summable
tfarch,6.051830472017173,0.016,0.0069459441258917,0.0052735120475921,-0.0177905052144573,999,0.6094132295635879,1.6970189190159135,False,True,AIG,US Stock,0.4030165896504844,0.0286299167156934,14.07676430401811,0.3706413027307131,-0.5340776179381861,True,True,False,indeterminate
tfarch,12.929797585247798,0.001,0.0001616963751418,0.0097672402245507,0.0885776325498103,999,0.5644331207528992,1.531217842786912,False,True,AIZ,US Stock,0.4989910895840912,0.0302613766334401,16.489371770109248,0.4780009973420625,-0.5044625487093871,True,True,False,indeterminate
tfarch,0.3660265417838673,0.293,0.2725890750318515,0.0012927431765089,-0.1576963008477093,999,0.5177393198255186,1.2011261203598882,False,False,AJG,US Stock,0.3627417491964941,0.0286299167156934,12.6700246039367,0.2988370338178477,-0.5505036808572983,True,False,False,long-memory
tfarch,0.0,1.0,0.5,6.836873607284962e-09,0.1545867156977008,999,2.07596059664394e-06,3.267113270097736e-11,True,False,AKAM,US Stock,0.411086223317133,0.0286299167156934,14.358624490576922,0.2647228144101317,-1.1796896534579873,False,False,True,indeterminate
tfarch,1.5782301832005032,0.116,0.1045079027955909,0.0031212705699726,0.0959674526757682,999,0.5668349189391584,1.4031978822504825,False,False,ALB,US Stock,0.3865740340003064,0.0286299167156934,13.502450525411655,0.3353101034429115,-0.6416922726328876,False,False,False,indeterminate
tfarch,0.0,1.0,0.5,2.4736867210889842e-08,-0.1676472861228931,999,4.687140074577667e-06,3.8189343759170095e-11,True,False,ALGN,US Stock,0.358448959197264,0.0290129426592829,12.354795010170225,0.2654941496219597,-0.4420059070756018,True,False,True,indeterminate
tfarch,45.047713199763166,0.001,9.61458400239209e-12,0.0189721931502645,0.2828551736538678,999,0.6166651560024283,1.6615917619232643,False,True,ALL,US Stock,0.4742978954818314,0.0286299167156934,16.56651328020966,0.4527269012992236,-0.7960498336623937,False,True,False,summable
tfarch,12.734919364418602,0.001,0.0001794456491218,0.011641530821558,0.3956232597975842,999,0.5399873482335704,1.3675847686890157,False,True,AMAT,US Stock,0.429954416340609,0.0286299167156934,15.017662140278972,0.3497302886475669,-0.5342715809210069,True,True,False,indeterminate
tfarch,8.561717323253106,0.005,0.0017165271375162,0.0166608719760932,0.1116517154356978,999,0.5769113921818064,2.0122627430217737,False,True,AMC,US Stock,0.2784857951343303,0.0365636212063565,7.616471945232711,0.1168279994607337,-0.4464390208224155,False,True,False,summable
tfarch,4.5456995872773405,0.036,0.0165007669047957,0.0060843209456343,0.2102572824474728,999,0.6935668913440178,1.994990852155933,False,True,AMD,US Stock,0.293222516900406,0.0286299167156934,10.241822210390046,0.2326925272904552,-1.0521779986432866,False,True,False,summable
tfarch,27.87899233171811,0.001,6.45721723398822e-08,0.0184833693779187,0.2794568496192228,999,0.6032109506471665,1.388571649153691,False,True,AME,US Stock,0.3757874615846944,0.0286299167156934,13.125691748125398,0.3365997905814047,-0.1919090101876267,True,True,False,indeterminate
tfarch,3.260413741318189,0.048,0.0354856086971371,0.005570842630842,0.108117319039425,999,0.6547149124676876,1.8468893022570048,False,True,AMGN,US Stock,0.4052141107929746,0.0286299167156934,14.153520417712484,0.3216838687972956,-0.5208080655460496,True,True,False,indeterminate
tfarch,41.682517869348885,0.001,5.368236588709578e-11,0.0215815598475831,0.3868222913202497,999,0.6130129072170456,1.7299645139000168,False,True,AMT,US Stock,0.4834597246543009,0.0286299167156934,16.886522215738538,0.3934295575985534,-0.6682015151896555,False,True,False,summable
tfarch,0.0,1.0,0.5,1.1396697588810118e-08,0.1348491357904843,999,4.973035640898627e-06,2.1892258933006928e-10,True,False,AMZN,US Stock,0.3904599071309602,0.0286299167156934,13.638178238811664,0.277809524874917,-1.3872137892838148,False,False,True,indeterminate
tfarch,0.8941517629391456,0.257,0.1721773469636212,0.0109736026343336,0.0535396189533382,999,0.7770235068262233,2.3510873197895066,False,False,ANET,US Stock,0.2176809352884114,0.0369610635477286,5.889466221861153,0.1403945817986088,-0.5354810110969995,True,False,False,long-memory
tfarch,0.0,1.0,0.5,6.300341972431953e-11,-0.1047334601763068,999,2.914039250790702e-07,1.592015282187292e-11,True,False,AON,US Stock,0.3305185982364769,0.0286299167156934,11.54451832740764,0.274816398396595,-0.4697991231574931,True,False,True,indeterminate
tfarch,35.33095080369094,0.001,1.39088024754947e-09,0.0146180758546243,0.3347685378107566,999,0.5398188087290599,1.4731785434575666,False,True,APA,US Stock,0.4334377303848243,0.0286299167156934,15.139329069275169,0.3964102978672607,-0.5002466844760954,True,True,False,indeterminate
tfarch,2.3042685177151725,0.081,0.064509502861437,0.0038205448318548,0.0449386052519958,999,0.6125337224517376,1.545378060234156,False,False,APD,US Stock,0.4277247833562718,0.0286299167156934,14.939784408168242,0.3975667064206885,-0.2869210039833094,True,False,False,long-memory
tfarch,86.2459397970415,0.001,7.944664699528054e-21,0.0475580466682507,0.8342488831086983,999,0.5062348946267284,1.2889229145949257,False,True,APH,US Stock,0.4425705275596784,0.0286299167156934,15.458323960721987,0.4045452118155295,-0.8507136474834338,False,True,False,summable
tfarch,4.596960429149476,0.021,0.0160143466921564,0.0074405097868735,0.1650291706917047,999,0.6122617254144783,1.389460706247995,False,True,APTV,US Stock,0.3204958613471181,0.0347524023428457,9.22226492963863,0.2808717770823775,-0.1872508029730729,True,True,False,indeterminate
tfarch,34.61429620382296,0.001,2.009717452765388e-09,0.0400748623688616,0.4424062983089108,999,0.6823344417754398,1.6213792908522306,False,True,ATO,US Stock,0.3977890580372863,0.0286299167156934,13.894174474466402,0.3531890476638994,0.1215466756033204,True,True,False,indeterminate
tfarch,25.069959727396053,0.001,2.764374328013864e-07,0.015637213513415,0.1219295246958334,999,0.6075437000998754,1.5624995976575216,False,True,AVB,US Stock,0.5688136100214365,0.0286299167156934,19.867805263633297,0.5435882758672875,-0.5224004809923798,True,True,False,indeterminate
tfarch,0.3178523530987149,0.343,0.2864505847733073,0.0026794685267008,-0.0582398060999978,999,0.6579620534302102,1.949789252305774,False,False,AVGO,US Stock,0.2363371344063243,0.0331861655799986,7.121555933800482,0.1841985241617334,-0.1279381271257669,True,False,False,long-memory
tfarch,1.0807494281434629,0.177,0.1492649821518051,0.0021808151901456,0.1090951765660174,999,0.5937973825977689,1.4072784436947705,False,False,AVY,US Stock,0.3661370305305844,0.0286299167156934,12.788616682558752,0.330963784321677,-0.646400888198653,False,False,False,indeterminate
tfarch,35.28110298630054,0.001,1.4269387236899476e-09,0.0139364615581532,0.292788435343732,999,0.6116518720424243,1.6730019193133294,False,True,AXP,US Stock,0.5329870634659691,0.0286299167156934,18.616437789838685,0.4956780153127401,-0.4242371175929307,True,True,False,indeterminate
tfarch,0.0,1.0,0.5,8.446970814319833e-09,-0.0552520095826191,999,2.419720257019943e-06,1.1622772707072398e-11,True,False,AZO,US Stock,0.3760564457140253,0.0286299167156934,13.135086959854512,0.3198897657136311,-0.2540426389108361,True,False,True,indeterminate
tfarch,8.61077312629277,0.002,0.0016709021014872,0.0074249289843907,0.1364048981240607,999,0.5565191407483551,1.2409283099380253,False,True,BA,US Stock,0.4352020736141196,0.0286299167156934,15.200954928924569,0.3970526376032411,-0.081872364763577,True,True,False,indeterminate
tfarch,43.931239507046485,0.001,1.700583882697919e-11,0.0171296322216511,0.2280658374913668,999,0.5680445222756721,1.3381202267991534,False,True,BAC,US Stock,0.5656840651027566,0.0286299167156934,19.75849495896991,0.5532268403476739,-1.022613325820844,False,True,False,summable
tfarch,29.309622715336445,0.001,3.0844296014435734e-08,0.0142018646644947,0.3939529974434748,999,0.5759116466611864,1.4262926719803486,False,True,BALL,US Stock,0.3280000724994999,0.0286299167156934,11.45655000525054,0.2827027284211396,-0.6062623193066891,False,True,False,summable
tfarch,0.0,1.0,0.5,8.606768245306664e-09,-0.1550123025869711,999,3.2023123618980003e-06,8.691704829029482e-11,True,False,BAX,US Stock,0.2943627189535076,0.0286299167156934,10.281647755969669,0.2473733787033863,-0.6353257336012945,False,False,True,indeterminate
tfarch,47.548521721182624,0.001,2.682960375991625e-12,0.0371953444039544,0.672978964295754,999,0.2912658406617534,0.9265716368365466,False,True,BBY,US Stock,0.3876457081740891,0.0286299167156934,13.539882495068598,0.3247980041204101,-0.7058496189985187,False,True,False,summable
tfarch,1.570246295810648,0.135,0.1050856245981289,0.0032967015221106,0.0743369696636438,999,0.6430444334713123,1.7602990988327698,False,False,BDX,US Stock,0.3265601533134197,0.0286299167156934,11.40625579027328,0.2696489070720347,-0.5913487440937866,True,False,False,long-memory
tfarch,29.776582031190628,0.001,2.424064672650231e-08,0.0135307415374807,0.3514722231389687,999,0.6350118338692906,1.6469245274772326,False,True,BEN,US Stock,0.4597410779660386,0.0286299167156934,16.05806550299997,0.4286681114582085,-0.6248848320853596,False,True,False,summable
tfarch,0.0,1.0,0.5,1.9920131830960973e-07,-0.2407561473071287,999,1.3589863291334686e-05,3.669088240394716e-10,True,False,BIIB,US Stock,0.3743172039893705,0.0286299167156934,13.074337858069615,0.2678917101880646,-0.96259958998788,False,False,True,indeterminate
tfarch,0.0,1.0,0.5,3.8329012817672915e-08,0.1357749554339413,999,1.2308817458615448e-05,3.2775119086445105e-10,True,False,BIO,US Stock,0.3294072711467048,0.0286299167156934,11.505701340938275,0.2737729327545518,-0.7167962767715379,False,False,True,indeterminate
tfarch,34.90661357776662,0.001,1.7295196088820236e-09,0.0149312191782299,0.2476317429631526,999,0.6812131421502509,2.0572084327614824,False,True,BK,US Stock,0.4733641445381882,0.0286299167156934,16.53389876187502,0.4421726769172077,-0.6419504523241671,False,True,False,summable
tfarch,0.0,1.0,0.5,2.83599302476246e-08,0.0667447389753218,999,7.127717495919811e-06,9.915647602041396e-11,True,False,BKNG,US Stock,0.3782990130035852,0.0286299167156934,13.21341646782443,0.2429618990456831,-1.2590695381682744,False,False,True,indeterminate
tfarch,23.034674659826123,0.001,7.955286307534942e-07,0.0149112538720916,0.3425487389437443,999,0.6127235386465144,1.7132916757347572,False,True,BKR,US Stock,0.4292061300710579,0.0286299167156934,14.991525624515342,0.3962042279784067,-0.3413251471476883,True,True,False,indeterminate
tfarch,38.39603855194218,0.001,2.887475203301407e-10,0.0215666466314108,0.2523122682205683,999,0.5876999082394634,1.2887307307671063,False,True,BLK,US Stock,0.4583529932626687,0.0286299167156934,16.009581788668765,0.4334579848134314,-0.4186333535812294,True,True,False,indeterminate
tfarch,3.265528743453615,0.046,0.0353751056413101,0.0058775075085608,0.1577152537731131,999,0.6391891247645332,1.959014946994733,False,True,BMY,US Stock,0.3259075446991902,0.0286299167156934,11.38346115133981,0.2487710230291156,-0.6397880130353489,False,True,False,summable
tfarch,44.68610616936167,0.001,1.1564638855341229e-11,0.0314125336380034,0.1744431042131233,999,0.5809989926104648,1.475405378960689,False,True,BRK-B,US Stock,0.3972245199403252,0.0286299167156934,13.874456006453824,0.3657052537654731,-0.3229345503349353,True,True,False,indeterminate
tfarch,1.2152329422497132,0.157,0.1351491109453991,0.0028704387357432,0.160432521881669,999,0.585578753993829,1.5992961192663226,False,False,BSX,US Stock,0.3553182597214351,0.0286299167156934,12.410733263735567,0.3149651564415332,-0.7256906470637217,False,False,False,indeterminate
tfarch,35.97931883176352,0.001,9.971148498213364e-10,0.0142883775766033,0.1763806182834904,999,0.5548621482292408,1.445964177677194,False,True,C,US Stock,0.4736853376999268,0.0286299167156934,16.545117556708696,0.4496156705993891,-1.1440434782670452,False,True,False,summable
tfarch,0.0,1.0,0.5,2.4712519606980955e-09,0.0903218060306536,999,4.281742718290758e-07,3.38054453918668e-13,True,False,CAH,US Stock,0.3129991528654425,0.0286299167156934,10.932590407916654,0.2795331840113738,-0.6227683011149464,False,False,True,indeterminate
tfarch,26.47402769112159,0.001,1.335526478005022e-07,0.0227200655852405,0.5621878090776088,999,0.5965159884105466,1.6801020496400672,False,True,CAT,US Stock,0.4096406766167642,0.0286299167156934,14.30813371497587,0.3852058736010584,-0.5956705945786596,True,True,False,indeterminate
tfarch,18.37881616969389,0.001,9.052989778179346e-06,0.010705099314613,0.1342961019238694,999,0.6774596745680564,1.854652009696374,False,True,CB,US Stock,0.4076328264473625,0.0286299167156934,14.238002523560247,0.3470165644113642,-0.4371163659934946,True,True,False,indeterminate
tfarch,0.7215587550726923,0.257,0.1978165423832849,0.0040179232370706,-0.1114225814042219,999,0.6825013022505534,1.9370295542674765,False,False,CBOE,US Stock,0.3431980402955483,0.0337099931231621,10.180899148856168,0.3173793623884219,-0.2658849917997415,True,False,False,long-memory
tfarch,50.28865129127371,0.001,6.635741396918239e-13,0.0134093773275079,0.413474813112107,999,0.3919426933268521,0.9422467369715928,False,True,CDNS,US Stock,0.4382679608289626,0.0286299167156934,15.308041765581777,0.3986250889662259,-0.598921238687849,True,True,False,indeterminate
tfarch,41.13203566563425,0.001,7.114250345987856e-11,0.0154275884499953,0.4236753706895991,999,0.547759393970413,1.348450980795505,False,True,CE,US Stock,0.4189579109388398,0.0306569669742482,13.665993484964202,0.3930111243387187,-0.4279624879916355,True,True,False,indeterminate
tfarch,69.17382269789778,0.001,4.5078382851539893e-17,0.0371587407423708,0.6622195198017101,999,0.7119602561705067,2.0516492856154755,False,True,CF,US Stock,0.4211009923919058,0.0309492230295086,13.606189466869832,0.4054097409522046,-0.884710946927864,False,True,False,summable
tfarch,0.365682260484391,0.39,0.2726836323406967,0.0029969773782441,-0.0901038785728435,999,0.7668650510610447,1.8672847261504084,False,False,CFG,US Stock,0.4175861537963182,0.0372677996249964,11.205012316214994,0.3996408309963573,-0.0389546723788708,True,False,False,long-memory
tfarch,0.0,1.0,0.5,1.8478261987709075e-08,-0.018873368827124,999,4.877461385610793e-06,4.7240317429871455e-11,True,False,CHD,US Stock,0.3328684153731472,0.0286299167156934,11.626593911490014,0.2554011280901392,-0.7601120283919611,False,False,True,indeterminate
tfarch,0.0,1.0,0.5,7.97856365713872e-07,0.2512914964905636,999,0.000158947779422,5.1671006413774624e-08,True,False,CHRW,US Stock,0.3346437808318361,0.0286299167156934,11.688604761061075,0.2699802754089311,-0.9879681850559272,False,False,True,indeterminate
tfarch,0.0,1.0,0.5,9.834104592211942e-09,0.0413895666071211,999,3.252834155297912e-06,9.18269903129794e-11,True,False,CHTR,US Stock,0.2372473612328233,0.033407655239053,7.101586733195353,0.1754615157671277,-0.1789758833026647,True,False,True,indeterminate
tfarch,36.845820292113785,0.001,6.392494314583395e-10,0.0178415381398544,0.115212424634852,999,0.5322328122319968,1.1322601555508287,False,True,CI,US Stock,0.457854986438885,0.0286299167156934,15.99218715812446,0.4401916862819734,-0.3478420240896102,True,True,False,indeterminate
tfarch,51.14370340491587,0.001,4.2922801259664245e-13,0.0183841131930868,0.3059181854096851,999,0.6020298949704663,1.5354411099589604,False,True,CINF,US Stock,0.5042461300559101,0.0286299167156934,17.612560143407926,0.478503324468941,-0.338457360280785,True,True,False,indeterminate
tfarch,1.3019836046387354,0.191,0.126925606539441,0.0040535462275115,-0.0083506817506858,999,0.7768792236086904,2.377666754010367,False,False,CL,US Stock,0.3817689403120632,0.0286299167156934,13.334615818242936,0.3431377689921482,-0.3458355174683037,True,False,False,long-memory
tfarch,1.6068728122863831,0.121,0.1024659730034302,0.0032920273217422,-0.0118447272426436,999,0.5846409830551361,1.6018915577549553,False,False,CLX,US Stock,0.3721669847027878,0.0286299167156934,12.999233927173302,0.3193088849991902,-0.7918646682133359,False,False,False,indeterminate
tfarch,24.409300007941056,0.001,3.894588429062293e-07,0.0131972160865613,0.294465477267366,999,0.5750976599108333,1.4713338665811426,False,True,CMCSA,US Stock,0.4586249177382913,0.0286299167156934,16.019079702278606,0.4072469426833895,-0.8958700731266555,False,True,False,summable
tfarch,6.559050347754237,0.011,0.0052176020349153,0.00710797968192,0.0202155100942575,999,0.7054980352739612,2.2119472254271293,False,True,CME,US Stock,0.4551559938147245,0.0297219149138882,15.313817939840852,0.4412049031493882,-0.7169787104654707,False,True,False,summable
tfarch,20.368544497663606,0.001,3.193554727404887e-06,0.0200648693539295,0.5296597236800274,999,0.5485129047896292,1.3189825516651794,False,True,CMG,US Stock,0.325422122089356,0.0311891430775902,10.433826965998795,0.2982610684587173,-0.6913414668693662,False,True,False,summable
tfarch,5.988660694882128,0.008,0.0071990651017714,0.0071728937497932,0.2244745917865425,999,0.5639873572488648,1.297576207570743,False,True,CMI,US Stock,0.4296797119089975,0.0286299167156934,15.00806712698084,0.3896027203019339,-0.8265532387277589,False,True,False,summable
tfarch,41.59565360446141,0.001,5.612126522262294e-11,0.0195908683430592,0.2614176477043151,999,0.6045005147791164,1.6332690116522726,False,True,CMS,US Stock,0.4557426876307263,0.0286299167156934,15.918407732597846,0.4119010224343653,-0.5594556120799348,True,True,False,indeterminate
tfarch,0.0,1.0,0.5,1.7214286698476464e-08,-0.518088466141448,999,3.522589489970509e-06,2.672448885153625e-11,True,False,CNC,US Stock,0.2377539782651707,0.0293610109757351,8.097608711827323,0.2179199971982823,-0.5199424706469736,True,False,True,indeterminate
tfarch,35.15107983603048,0.001,1.5254609229306494e-09,0.0124570581091811,0.1754035253583303,999,0.593613617380508,1.721382052922435,False,True,CNP,US Stock,0.3581958177570905,0.0286299167156934,12.51124204496014,0.3072926060606246,-0.5819747754859889,True,True,False,indeterminate
tfarch,32.259077906099265,0.001,6.746261663247166e-09,0.0158889132189907,0.1935237546138224,999,0.5962492894189338,1.746010027673563,False,True,COF,US Stock,0.5308821316552838,0.0286299167156934,18.54291568247148,0.4933862111944474,-0.6307087802149614,False,True,False,summable
tfarch,44.641574027547904,0.001,1.1830684015335512e-11,0.0253102734205628,0.4369170807080457,999,0.5878758351182506,1.4167238137745222,False,True,COP,US Stock,0.4527870207533085,0.0286299167156934,15.815170726819284,0.4314674481736278,0.0726052337730441,True,True,False,indeterminate
tfarch,0.1381717470867443,0.39,0.3550526751206141,0.0008541544993489,0.0573413232223202,999,0.6439303235941346,1.8694276735878257,False,False,COST,US Stock,0.4167895805291537,0.0286299167156934,14.557834193792528,0.3181779510803681,-0.8615285055542855,False,False,False,indeterminate
tfarch,0.0,1.0,0.5,6.895477687419567e-08,-0.0679422412271034,999,1.8282553455819757e-05,5.783378327661881e-10,True,False,CPB,US Stock,0.3357908117489496,0.0286299167156934,11.728668828606365,0.2949336327204478,-0.6220818997207397,False,False,True,indeterminate
tfarch,9.907331808117306,0.003,0.0008231080697738,0.0077152237980767,0.2667838817020799,999,0.6423238844054158,2.0890808276324675,False,True,CRM,US Stock,0.3433247839260072,0.0304290309725092,11.282803722411671,0.2936685327591711,-0.6927047427856647,False,True,False,summable
tfarch,4.743515393036432,0.023,0.0147044593032872,0.0047892318894493,0.1325699656772476,999,0.6717094613546001,1.9979394939124824,False,True,CSCO,US Stock,0.4603864104923353,0.0286299167156934,16.08060599910777,0.3658507643723289,-1.0267512641183936,False,True,False,summable
tfarch,13.9011830305717,0.002,9.633857666458228e-05,0.0122193872587155,0.2032818321583107,999,0.665332864154255,2.0492778279883352,False,True,CSX,US Stock,0.3651646262091082,0.0286299167156934,12.754652059778582,0.2980897809438148,-0.6655582240713261,False,True,False,summable
tfarch,8.666259008063207,0.003,0.0016207798268609,0.0089973307561228,0.2594978060942754,999,0.5553767187572373,1.3636727931320507,False,True,CTAS,US Stock,0.4239387419429362,0.0286299167156934,14.807543666746168,0.3634425267860489,-0.6304566007294813,False,True,False,summable
tfarch,30.6040737166295,0.001,1.5821432938072682e-08,0.0194356376944641,0.4109990647745409,999,0.5611167247352915,1.349877469757669,False,True,CTRA,US Stock,0.3902586262118546,0.0286769667338202,13.608783308019904,0.3596219922034667,-1.1319511951761108,False,True,False,summable
tfarch,0.0340758163820282,0.458,0.4267728203159809,0.0004251841194163,-0.0759307441350426,999,0.6020738570192941,1.5292718235063087,False,False,CTSH,US Stock,0.4387807275999252,0.0286299167156934,15.325951938917402,0.3716297515321026,-0.7424774878554924,False,False,False,indeterminate
tfarch,0.0,1.0,0.5,3.581680100851296e-09,0.1700361786106273,999,1.5533450395495791e-06,4.689123931915614e-11,True,False,CVS,US Stock,0.318057576145266,0.0286299167156934,11.10927353731782,0.2606410472898269,-0.5514107985601252,True,False,True,indeterminate
tfarch,64.1165294385628,0.001,5.863674501966601e-16,0.0553400693898128,0.6251827502524967,999,0.5209439973838431,1.2490987715104385,False,True,CVX,US Stock,0.4678358122082267,0.0286299167156934,16.34080241497118,0.4473804789269168,0.3906655341189474,True,True,False,indeterminate
tfarch,30.39905999461189,0.001,1.758492716713402e-08,0.0183710314704049,0.1499843135305847,999,0.596634309320495,1.4895372442508212,False,True,D,US Stock,0.4247842714234474,0.0286299167156934,14.83707674184756,0.3979385243508392,0.3891427663821658,True,True,False,indeterminate
tfarch,23.676985759013405,0.001,5.696847257929165e-07,0.0137092634164828,0.3867588119990368,999,0.5442029993364058,1.221501351273973,False,True,DAL,US Stock,0.393990647636776,0.0318142381487888,12.384098144804218,0.3280244596104334,-1.0745913689408082,False,True,False,summable
tfarch,17.019258136397184,0.001,1.8501303516517595e-05,0.0131914594916388,0.2265058896955337,999,0.5536634017154703,1.5064954566961606,False,True,DD,US Stock,0.4228154045725726,0.0286299167156934,14.768307179210463,0.3942037788424435,-0.6162931596921586,False,True,False,summable
tfarch,4.546421577582805,0.023,0.0164938097876235,0.0054358935780502,0.2189887909370505,999,0.5816606194162957,1.5487761319223297,False,True,DE,US Stock,0.4493854491454237,0.0286299167156934,15.696358938379108,0.414689856641715,-0.7628137949886359,False,True,False,summable
tfarch,0.0,1.0,0.5,1.5815842011262656e-08,0.267283161306276,999,1.3835027227566847e-05,1.9112214618220264e-09,True,False,DG,US Stock,0.2174545596580744,0.0333333333333333,6.523636789742232,0.1418511226597549,-0.1969135554186934,True,False,True,indeterminate
tfarch,0.0,1.0,0.5,5.0867589786549865e-08,-0.17065894980377,999,7.261574857686348e-06,1.0736437830042955e-10,True,False,DGX,US Stock,0.3849498867330616,0.0286299167156934,13.445721500197465,0.2927498449846554,-0.7753060100809149,False,False,True,indeterminate
tfarch,35.612913640034094,0.001,1.2034334441232003e-09,0.0177852895881936,0.4679118614607332,999,0.5404619016997174,1.4774536889944945,False,True,DHI,US Stock,0.4581739057487705,0.0286299167156934,16.00332653072734,0.4212271596818173,-0.9545109885844364,False,True,False,summable
tfarch,304.6734009530701,0.001,1.5797576094432675e-68,2.0944427511759525,12.442361717357864,999,0.7518849302145522,2.2985718874140453,False,True,DHR,US Stock,0.3178820459406282,0.0286299167156934,11.10314253084718,0.2663231385957654,-0.4661210649812075,True,True,False,indeterminate
tfarch,0.0481544660451618,0.451,0.4131531666535318,0.0004671336977361,0.0633748966496411,999,0.5635963346203052,1.3027905488664118,False,False,DIS,US Stock,0.4352885065598338,0.0286299167156934,15.20397390193006,0.386560134013279,-0.4479563829742258,True,False,False,long-memory
tfarch,63.413591530736085,0.001,8.377895062565523e-16,0.0383534752480816,0.5571170164339817,999,0.7319579748855358,2.122546857044389,False,True,DLR,US Stock,0.507516756632229,0.0305423610890763,16.616814762685323,0.4815313261777517,-0.7893798996025648,False,True,False,summable
tfarch,0.0,1.0,0.5,8.042816895705347e-08,0.0486355624123599,999,1.7022394508507836e-05,6.348580381546167e-10,True,False,DLTR,US Stock,0.3490522820935274,0.0286299167156934,12.1918720742277,0.256967611262671,-0.6614761767713219,False,False,True,indeterminate
tfarch,35.169743651618774,0.001,1.5109107284864715e-09,0.0261221204017537,0.4783407373397302,999,0.5208369847455884,1.2268849734172618,False,True,DOV,US Stock,0.422544078612583,0.0286299167156934,14.758830170852946,0.4020275328117318,-0.0856822112288256,True,True,False,indeterminate
tfarch,9.616935869808003,0.003,0.0009639556469273,0.0060397195542688,0.1527500244592093,999,0.5232184954348159,1.4005945749963988,False,True,DRI,US Stock,0.4375332531086131,0.0286299167156934,15.282379528152118,0.3992613535229579,-0.238785839759294,True,True,False,indeterminate
tfarch,26.90270840929952,0.001,1.0697942031398619e-07,0.0174091684089229,0.2564479963541248,999,0.6138287577630588,1.441987483241538,False,True,DTE,US Stock,0.5046032598232639,0.0286299167156934,17.625034149913088,0.4834163678117635,0.7040817854501255,False,True,False,summable
tfarch,33.66432411348978,0.001,3.274541985253696e-09,0.0149842310924034,0.2711576638282336,999,0.5662971838517104,1.469740868138951,False,True,DUK,US Stock,0.4141393561171652,0.0286299167156934,14.465265834676906,0.3472005581946201,-0.2027737344910088,True,True,False,indeterminate
tfarch,39.75735516099303,0.001,1.437778260943065e-10,0.0188334257617075,0.4339010610706768,999,0.5710640681143858,1.385342990483554,False,True,DVN,US Stock,0.431595864200594,0.0286299167156934,15.074995449218893,0.4008803478052087,-0.3964119223947752,True,True,False,indeterminate
tfarch,13.326529385947651,0.001,0.0001308386976366,0.0303231311392967,0.0175650212557898,999,0.6641051639473683,1.779191128772617,False,True,DXCM,US Stock,0.3105941392500599,0.0307728727448331,10.093114862089347,0.2483812966690193,-1.0858184738956382,False,True,False,summable
tfarch,13.406174851006654,0.001,0.0001253986630378,0.0092783902096949,0.2588562345878979,999,0.5764031751785039,1.4861239357008416,False,True,EA,US Stock,0.4502641637001665,0.0286299167156934,15.727051118292474,0.3799809923231328,-0.9323337962149688,False,True,False,summable
tfarch,22.734547178852157,0.001,9.29968877534892e-07,0.0166715526549011,0.2089659319630312,999,0.5695824745082584,1.7261844713716312,False,True,ECL,US Stock,0.4798741162615604,0.0286299167156934,16.761282298754253,0.4517520963396667,0.33120705014285,True,True,False,indeterminate
tfarch,27.076025219384974,0.001,9.78044560191518e-08,0.0211783928539632,0.1989888276519587,999,0.646031658692458,1.752168281734006,False,True,ED,US Stock,0.4086687171566927,0.0286299167156934,14.274184630536562,0.3783956047944249,0.0849077944159385,True,True,False,indeterminate
tfarch,31.974427260316588,0.001,7.810778648637309e-09,0.0196302865445073,0.3094133940187795,999,0.6033333034233059,1.778487976778951,False,True,EIX,US Stock,0.4227708518110606,0.0286299167156934,14.76675101815158,0.3669000042913994,-0.5186592269942261,True,True,False,indeterminate
tfarch,3.9264621591428295e-05,0.148,0.4975001846417435,3.0098707835252026e-39,0.1947895005504182,999,1.5120998574053152e-05,3.776820520473907e-10,True,False,EL,US Stock,0.2973737073865383,0.0286299167156934,10.38681706061456,0.2341640711547843,-0.6129314182336189,False,False,True,indeterminate
tfarch,0.0,1.0,0.5,3.215792771172567e-08,-0.1211591045772971,999,8.068067771390204e-06,1.289474472419409e-10,True,False,ELV,US Stock,0.3702500736943867,0.0293105190880274,12.631986236150407,0.340946679150356,-0.3262619872647603,True,False,True,indeterminate
tfarch,12.765844687331992,0.001,0.0001765030742521,0.0077224734149173,0.2442776823816712,999,0.5176118436646228,1.4987177318573537,False,True,EMN,US Stock,0.3854945723996591,0.0286299167156934,13.464746552627982,0.3604682555675125,-0.3376181590954838,True,True,False,indeterminate
tfarch,45.49227015882934,0.001,7.662120359470436e-12,0.0217055932509587,0.5212034519022556,999,0.2983089116090098,0.8325461389087768,False,True,EMR,US Stock,0.456106465155763,0.0286299167156934,15.931113935296551,0.4328677598759211,-0.2607007150521663,True,True,False,indeterminate
tfarch,14.796293002611492,0.001,5.988535490192082e-05,0.0123028919037314,0.2344185097717132,999,0.5699311412472371,1.2476140591784992,False,True,EOG,US Stock,0.3974362262578778,0.0286299167156934,13.88185059022628,0.3570080803055665,-0.5478655508189949,True,True,False,indeterminate
tfarch,46.16621103612852,0.001,5.431721037642549e-12,0.1325440067488157,1.2069390626467251,999,0.6652151275245012,1.8437381662348329,False,True,EPAM,US Stock,0.3291528309779957,0.0349215147884789,9.425502672827577,0.3098720996298803,-0.2953286398360418,True,True,False,indeterminate
tfarch,0.0,1.0,0.5,5.256593603734365e-08,-0.2222013666954107,999,1.751672257901751e-05,6.828039995521934e-10,True,False,EQIX,US Stock,0.4501625645367249,0.0288675134594812,15.594088668862229,0.2345237105140374,-1.064677485446731,False,False,True,indeterminate
tfarch,51.19853345872252,0.001,4.1740486119183845e-13,0.0207922734282091,0.2355370386007524,999,0.5907604530164752,1.4113224646867049,False,True,EQR,US Stock,0.5854238769907669,0.0286299167156934,20.44797694678128,0.564124784296719,-0.811899328107564,False,True,False,summable
tfarch,13.353603682800896,0.001,0.0001289632562924,0.0147734143079188,0.1532199292444361,999,0.6821466605095055,2.0412262965244765,False,True,ES,US Stock,0.4120737871012473,0.0286299167156934,14.393118610623487,0.3884631940189423,0.3659987990302318,True,True,False,indeterminate
tfarch,16.58763560524676,0.001,2.3226441823285085e-05,0.0134108215802335,0.0274764455749022,999,0.5878046911323429,1.5745945937694676,False,True,ET,US Stock,0.4396975033491944,0.0311891430775902,14.097774416416131,0.4179978381930414,-0.6728845836361577,False,True,False,summable
tfarch,3.2828250337133795,0.04,0.0350041636092508,0.0053732248931174,0.074603304504696,999,0.6106824924039441,1.7476764160943092,False,True,ETN,US Stock,0.3994590878755542,0.0286299167156934,13.952506108988844,0.3790046529116525,0.0942995361079566,True,True,False,indeterminate
tfarch,15.204476210434224,0.002,4.8237234735967296e-05,0.0153054669719344,0.0837113027098704,999,0.6510826875073699,1.8535319538107329,False,True,ETR,US Stock,0.4698704926650538,0.0286299167156934,16.411870748038034,0.4358508858468048,0.2331654301166503,True,True,False,indeterminate
tfarch,0.0,1.0,0.5,3.6769983105322964e-08,-0.2610830566411328,999,1.3062242661991778e-05,1.0274385749229536e-09,True,False,EW,US Stock,0.2700566281007764,0.0287242494810713,9.401694839015317,0.2029786760108821,-0.7382893658087835,False,False,True,indeterminate
tfarch,31.813583515002392,0.001,8.485087959867241e-09,0.02768609695914,0.2720325305098652,999,0.7128567578696214,2.28912960203538,False,True,EXC,US Stock,0.4898919400812607,0.0286299167156934,17.11118984194347,0.4626179329035428,0.1328872272501295,True,True,False,indeterminate
tfarch,1.9011468883218183,0.115,0.0839750009571949,0.0038077385930563,0.0958355685665364,999,0.6478141049006404,1.59783504928341,False,False,EXPD,US Stock,0.3814334114564314,0.0286299167156934,13.322896299148145,0.3100102096764079,-0.799007789091838,False,False,False,indeterminate
tfarch,1.4275797887421504,0.139,0.1160799123277812,0.0031089633850919,-0.0050411118330009,999,0.5885205981608739,1.4314668006428517,False,False,F,US Stock,0.378317481154125,0.0286299167156934,13.214061532590884,0.3256816231995888,-0.8786718379704912,False,False,False,indeterminate
tfarch,0.0,1.0,0.5,1.1510305101005807e-06,-0.0446228958369929,999,0.0001992308449613,8.491921715335235e-08,True,False,FANG,US Stock,0.4184042214202811,0.035533452725935,11.77493852475803,0.3577060005203654,-0.2664720487466515,True,False,True,indeterminate
tfarch,37.63503485345064,0.001,4.2649291027873705e-10,0.0325176648920603,0.5470963226240334,999,0.7528562943742971,2.058190279788611,False,True,FAST,US Stock,0.428341437375511,0.0286299167156934,14.961323207088368,0.3833887678573557,-0.452615638234647,True,True,False,indeterminate
tfarch,35.23321169033807,0.001,1.4624633536146492e-09,0.0206526938732687,0.4918568564200569,999,0.5748080394672883,1.6590709481013597,False,True,FCX,US Stock,0.4281606381273293,0.0286299167156934,14.95500816083877,0.4097557536350461,-0.6895604543882675,False,True,False,summable
tfarch,16.311697258563072,0.001,2.6865625629020467e-05,0.00960986531395,0.3990362873899228,999,0.580567754622042,1.6524292696874934,False,True,FDX,US Stock,0.4146467098005346,0.0286299167156934,14.482986936991232,0.3813579372286881,-0.8714351093685602,False,True,False,summable
tfarch,5.198795386708298,0.018,0.0113012732633612,0.0069505103298169,-0.1409114105498642,999,0.6030288008021487,1.7379849212447824,False,True,FE,US Stock,0.3795454161094345,0.0286299167156934,13.256951456704297,0.3491970541211807,-0.1537922947942926,True,True,False,indeterminate
tfarch,0.0,1.0,0.5,8.05924313845555e-09,0.1966685095901133,999,2.4899727340871087e-06,3.203173733911004e-11,True,False,FFIV,US Stock,0.4444215160920017,0.0286299167156934,15.522976210698976,0.2808011183135699,-1.1895438039310389,False,False,True,indeterminate
tfarch,23.157065644974864,0.001,7.464681422761836e-07,0.0131849792036924,0.061885697431268,999,0.5756034558571637,1.3175051638146644,False,True,FIS,US Stock,0.3837364875303562,0.0291605921759902,13.159420261921536,0.355944848223877,-0.3453730593171401,True,True,False,indeterminate
tfarch,14.296950161113273,0.001,7.805880752768588e-05,0.0056101564301235,0.3983093036252844,999,0.4008179513739314,0.977762837917279,False,True,FISV,US Stock,0.4135467631749345,0.0286299167156934,14.444567453046412,0.3534503303413159,-0.6486346157851435,False,True,False,summable
tfarch,40.38113723637071,0.001,1.0447434920416079e-10,0.0159280067005757,0.1445242544439311,999,0.5345737167764775,1.2805552955267177,False,True,FITB,US Stock,0.5213596785700707,0.0286299167156934,18.210310695185807,0.5040117140041059,-0.6408552029949932,False,True,False,summable
tfarch,0.0,1.0,0.5,1.0993991198088933e-08,-0.3175387478709083,999,4.9358830008284285e-06,2.4891472537391265e-10,True,False,FMC,US Stock,0.4241505296136049,0.0286299167156934,14.814941092060806,0.4026467812202434,-0.4236106092168263,True,False,True,indeterminate
tfarch,3.075794348082127,0.066,0.0397328824690118,0.0098834320578044,0.0740849756567657,999,0.7297641552724146,1.7176937336645206,False,False,FTNT,US Stock,0.2315172376229552,0.0333333333333333,6.945517128688656,0.1780402150362318,-0.7186685581114628,False,False,False,indeterminate
tfarch,17.03854290288291,0.002,1.8314354027004697e-05,0.0126122013944628,0.2016829682929904,999,0.6693871345278049,2.147661967186993,False,True,GD,US Stock,0.3989736352888958,0.0286299167156934,13.935549979095798,0.3592052245894448,-0.4375122032579985,True,True,False,indeterminate
tfarch,17.13074136042269,0.001,1.7446470924399837e-05,0.0081481869301425,0.2142802741844832,999,0.5309647739074669,1.3060186118811037,False,True,GE,US Stock,0.4473270601816121,0.0286299167156934,15.624462502764144,0.4177062416307107,-0.8486070678723545,False,True,False,summable
tfarch,4.68045062181227,0.025,0.0152538723744529,0.0064625647876563,0.1955489297965687,999,0.7164442958375322,1.9365349725125165,False,True,GILD,US Stock,0.4477116515505636,0.0286299167156934,15.637895701776584,0.3418901182275349,-1.3697541004288645,False,True,False,summable
tfarch,3.6811937740130816,0.04,0.0275147184642804,0.0049541282903647,0.1657409220748756,999,0.6368783328853806,1.6690256036685325,False,True,GIS,US Stock,0.2841136650258249,0.0286299167156934,9.923663692325336,0.2303006348957558,-0.5772532669203035,True,True,False,indeterminate
tfarch,0.0,1.0,0.5,2.1432332079469026e-07,-0.621936177839589,999,6.553815278771531e-05,1.042711443197944e-08,True,False,GL,US Stock,0.4238970041141281,0.0286299167156934,14.80608582705971,0.4008142253932326,-0.5000275313801005,True,False,True,indeterminate
tfarch,40.12469127680379,0.001,1.1912917959378662e-10,0.0186077563759152,0.4601603344884258,999,0.6715441236557291,1.9318783016844447,False,True,GLW,US Stock,0.428153163881772,0.0286299167156934,14.954747096664832,0.3462789558824395,-1.0139432216832087,False,True,False,summable
tfarch,0.0,1.0,0.5,3.924763278325565e-07,0.1937522338938432,999,8.039862891414336e-05,1.2664064365560528e-08,True,False,GM,US Stock,0.3541983798493689,0.0340206908719885,10.41126358021739,0.3294349946639198,-0.4102494001207606,True,False,True,indeterminate
tfarch,1.240064012916264,0.157,0.1327293586654838,0.0031434921909408,-0.2702791663382261,999,0.5681097135833383,1.4252571030317902,False,False,GME,US Stock,0.3625609445144739,0.0294117647058823,12.327072113492113,0.3294002786523905,-0.1443520931995734,True,False,False,long-memory
tfarch,0.0,1.0,0.5,3.119962765822621e-09,0.1681179059556965,999,8.938707080571815e-07,2.2695403620518295e-11,True,False,GNRC,US Stock,0.3081706331060038,0.0334824765091212,9.203937857525332,0.2668986049959587,-0.606097831238007,False,False,True,indeterminate
tfarch,12.17621100175711,0.001,0.0002420143243275,0.011496386249329,0.2927965080012082,999,0.5921253843384688,1.4941300511105082,False,True,GOOG,US Stock,0.3543375902767015,0.0304855380424846,11.62313716697068,0.332263553048068,-0.4505334426298572,True,True,False,indeterminate
tfarch,13.605053529430734,0.002,0.0001127887346067,0.0125444932294355,0.3379866121781167,999,0.6633151934198209,1.780119086386712,False,True,GOOGL,US Stock,0.3553570824433008,0.0304855380424846,11.656578996508951,0.3332345266340249,-0.4580642259519786,True,True,False,indeterminate
tfarch,0.0,1.0,0.5,3.3059955025837584e-08,-0.056472880811101,999,6.877009401979923e-06,1.1839321654469087e-10,True,False,GPN,US Stock,0.333238160899946,0.0290129426592829,11.485844949041155,0.2897501963346056,-0.0919447463893696,True,False,True,indeterminate
tfarch,1.2800285640805669,0.17,0.1289468621765183,0.0035923255710453,0.4969681787464718,999,0.6349336275187697,1.8574773334570516,False,False,GRMN,US Stock,0.3523945367260035,0.0289642223181746,12.166545776887002,0.2528679149393403,-0.9824960880318452,False,False,False,indeterminate
tfarch,28.20572141233788,0.001,5.454082475551023e-08,0.0152561930662436,0.2517519751881224,999,0.664587107478252,2.0130838395575084,False,True,GS,US Stock,0.4625331730526075,0.0286299167156934,16.155589191744706,0.4267665899496379,-0.8175716178573345,False,True,False,summable
tfarch,31.63079193518206,0.001,9.322482788314768e-09,0.366291050920553,1.9818924775144056,999,0.707278844629123,2.027920067869289,False,True,GWW,US Stock,0.34803695114154,0.0286299167156934,12.156408088702698,0.3080193808225812,-0.2283005276185012,True,True,False,indeterminate
tfarch,12.387839352835726,0.003,0.000216069504789,0.0096309590651301,0.1699686062507542,999,0.6135559664114778,1.751190967257745,False,True,HAL,US Stock,0.403823013737602,0.0286299167156934,14.10493148644919,0.3651670962556279,-0.4135945527429941,True,True,False,indeterminate
tfarch,7.422165297188258,0.013,0.003221261988189,0.0079538515228261,0.1979441181472384,999,0.7216154183064394,2.4177269819728777,False,True,HAS,US Stock,0.3446177873335431,0.0286299167156934,12.036981831129175,0.2950073391537158,-0.5915085585478019,True,True,False,indeterminate
tfarch,13.728141232426424,0.001,0.0001056325705075,0.0082013059076323,0.007119230113394,999,0.4945032399523156,1.143313309833218,False,True,HBAN,US Stock,0.6057451789136427,0.0286299167156934,21.15776950834108,0.5917575689628501,-0.6668808198175851,False,True,False,summable
tfarch,2.5929162456341146,0.099,0.0536712660638962,0.0081971911443474,-0.1385798682731334,999,0.8378620897558524,2.462261738620187,False,False,HCA,US Stock,0.397562853774041,0.0342594354913765,11.604477659128715,0.3680839925346276,-0.0594444010042126,True,False,False,long-memory
tfarch,48.34281668763288,0.001,1.789263400465051e-12,0.0257237942605748,0.3709408915529976,999,0.6841711611177707,1.944933421874008,False,True,HD,US Stock,0.4393271694830586,0.0286299167156934,15.345038333354376,0.3734518323063524,-0.447666806969458,True,True,False,indeterminate
tfarch,18.8453103256943,0.001,7.08796019755638e-06,0.0096352455089328,0.0988571383869517,999,0.6313500106227714,1.394565333708957,False,True,HIG,US Stock,0.5930108363010146,0.0286299167156934,20.71297804285813,0.5806222125941058,-0.7194452543748819,False,True,False,summable
tfarch,5.05433525605531,0.017,0.0122822016933862,0.008421776683805,0.228905682089359,999,0.6070376676477847,1.6252141283316914,False,True,HLT,US Stock,0.4035302343738942,0.0365636212063565,11.036385922949586,0.355141927885686,-0.3453780161224533,True,True,False,indeterminate
tfarch,8.601818787392403,0.002,0.0016791372701643,0.0069464203243018,0.1095292823324563,999,0.5740726597769945,1.3641709369717292,False,True,HON,US Stock,0.4156529935654607,0.0286299167156934,14.518134917857504,0.3416515936419672,-0.6721906553570974,False,True,False,summable
tfarch,8.298567464245934,0.007,0.0019838181471988,0.0079637924649196,0.1939002015617299,999,0.6297028935836801,1.8894111934409508,False,True,HPQ,US Stock,0.3917681093935546,0.0286299167156934,13.683871779438604,0.3346112452518479,-0.721750667249749,False,True,False,summable
tfarch,0.0,1.0,0.5,1.1064384991104977e-07,-0.0276530895910919,999,1.7322854901422387e-05,5.941489663977903e-10,True,False,HRL,US Stock,0.308991174407954,0.0286299167156934,10.792597738804504,0.2682447243065468,-0.440854727194541,True,False,True,indeterminate
tfarch,15.435153311424074,0.001,4.269254196569444e-05,0.0123213643440195,0.1552905836175283,999,0.7466950465792276,2.084134858798424,False,True,HSY,US Stock,0.345718039787505,0.0286299167156934,12.07541199719944,0.3197271902377626,-0.3644569910623695,True,True,False,indeterminate
tfarch,0.0,1.0,0.5,3.568471265359335e-08,0.0586946693830914,999,1.5429763343681963e-05,1.0768675686475067e-09,True,False,HUM,US Stock,0.3322123741018698,0.0286299167156934,11.603679375000365,0.2691158756396367,-0.7368888801090838,False,False,True,indeterminate
tfarch,4.061446302292097,0.035,0.0219364538300917,0.0054806033779264,0.0961205571749616,999,0.6344355411123391,1.589112624844675,False,True,IBM,US Stock,0.4396393374352357,0.0286299167156934,15.355941891170383,0.3950558451794103,-0.5550793711845737,True,True,False,indeterminate
tfarch,9.80732172439275,0.004,0.0008690922870335,0.0092706898924548,0.0476046553582368,999,0.6398961399371518,1.7143889545926108,False,True,ICE,US Stock,0.5161766982773476,0.03106848830006,16.614155580796336,0.4809271599491901,-0.8497219975663096,False,True,False,summable
tfarch,0.0,1.0,0.5,6.365169458294035e-08,-0.0536683405101651,999,1.2999478760368268e-05,3.369115111225133e-10,True,False,IDXX,US Stock,0.371409143856215,0.0286299167156934,12.97276368438152,0.3185594638166188,-0.7939083342023017,False,False,True,indeterminate
tfarch,16.436072861144567,0.001,2.5159249587746264e-05,0.011554840507157,0.2226520438139483,999,0.6430338965069053,1.5178339512286412,False,True,IEX,US Stock,0.4054169951268845,0.0286299167156934,14.160606862843451,0.3762725428899686,-0.3595708414536003,True,True,False,indeterminate
tfarch,90.15606200086222,0.001,1.100479951171114e-21,1.2952663792761767,5.262868139297342,999,0.620697524211031,1.6346776521268356,False,True,IFF,US Stock,0.3339561978602882,0.0286299167156934,11.66458852034421,0.2981508975512579,-0.3530478732998572,True,True,False,indeterminate
tfarch,0.6489507978239999,0.259,0.210244023306071,0.0017915315413256,0.0759129401896391,999,0.6132295071368283,1.526200483840951,False,False,INTC,US Stock,0.3909533475427821,0.0286299167156934,13.655413371443098,0.3213111271765508,-0.6832945871264856,False,False,False,indeterminate
tfarch,1.0531953366225937,0.184,0.1523861591187832,0.0027335776899557,0.0032676399292087,999,0.6227280582613227,1.8650829149306751,False,False,INTU,US Stock,0.4231223816511336,0.0286299167156934,14.77902942760571,0.3512286600331861,-1.080171027472116,False,False,False,indeterminate
tfarch,11.723931662269024,0.001,0.000308507298456,0.0086789460129012,0.1229439313519884,999,0.589486479581609,1.6404987538747509,False,True,IP,US Stock,0.4789927604746833,0.0286299167156934,16.730497864568527,0.4625687345301335,-0.7383777817256766,False,True,False,summable
tfarch,2.561984856437448,0.085,0.0547305385459975,0.0056989923310085,0.0682780967693952,999,0.6612399202161353,1.963364792300007,False,False,IQV,US Stock,0.4351507831496609,0.0359907875374347,12.090615763743765,0.4018227791447187,0.5069420375974051,True,False,False,long-memory
tfarch,0.0,1.0,0.5,1.1674603792287847e-08,0.1251095391413365,999,3.6311644157626666e-06,3.0531539576595196e-11,True,False,ISRG,US Stock,0.3784326299684134,0.0287717668824218,13.1529158954648,0.283558039280836,-0.8159899922207382,False,False,True,indeterminate
tfarch,0.0,1.0,0.5,8.815682375106523e-08,-0.0922855485298779,999,1.952823340588993e-05,7.157991551758966e-10,True,False,IT,US Stock,0.3739053985021092,0.0286299167156934,13.059954110769525,0.2993543790818176,-0.7984058572166711,False,False,True,indeterminate
tfarch,32.01667752352478,0.001,7.642732964896907e-09,0.0168922736476524,0.3670613082571212,999,0.496964002829346,1.2403246781631028,False,True,ITT,US Stock,0.359190322980274,0.0286299167156934,12.54597861905008,0.3412832261634513,-0.1776904296103073,True,True,False,indeterminate
tfarch,27.634919243882905,0.001,7.325492856988234e-08,0.0188135699537947,0.4522777326441933,999,0.503989605425023,1.0488654992987063,False,True,ITW,US Stock,0.4226084549647377,0.0286299167156934,14.76107874016574,0.3902432946868586,-0.1761706123978734,True,True,False,indeterminate
tfarch,31.462836533788504,0.001,1.016470889817636e-08,0.0161312215378598,0.292230885337096,999,0.628797495585596,1.7548766895418615,False,True,IVZ,US Stock,0.4713839363326403,0.0286299167156934,16.464733062749445,0.4408338829712952,-0.6443414924374211,False,True,False,summable
tfarch,1.9192579707359985,0.079,0.0829692421349528,0.0027625075308835,0.3014016776736079,999,0.4747022496783308,1.2157764341648745,False,False,JBHT,US Stock,0.3589710341838412,0.0286299167156934,12.53831919067624,0.2621977681274193,-0.9761511668476456,False,False,False,indeterminate
tfarch,933.8653673598492,0.001,2.133124365681024e-205,6.451855473670957,52.80123125366376,999,0.515699029308607,1.5404653546176086,False,True,JCI,US Stock,0.3926137869668767,0.0286299167156934,13.713410027199505,0.3430150975885755,-0.9008058430545016,False,True,False,summable
tfarch,10.773830353313317,0.004,0.0005147262443473,0.0573207549104862,0.5533811036319626,999,0.6405960762630802,1.7119719130430078,False,True,JNJ,US Stock,0.4476064662942962,0.0286299167156934,15.634221738722063,0.4133701278573185,0.2670382820876144,True,True,False,indeterminate
tfarch,43.8393457787497,0.001,1.7823317118638058e-11,0.0158279444257949,0.2209193165444443,999,0.606021398796782,1.676256533065343,False,True,JPM,US Stock,0.4910454099177341,0.0286299167156934,17.151478811273275,0.4558434420663572,-0.9497550781970044,False,True,False,summable
tfarch,0.0,1.0,0.5,1.8762141287667657e-08,-0.0786904580644818,999,2.08686064483531e-06,4.287840700747195e-11,True,False,KDP,US Stock,0.3490776416591066,0.0324101861776082,10.770615131494672,0.2991702945775172,-0.3457501975724436,True,False,True,indeterminate
tfarch,13.763981955278725,0.001,0.0001036361359101,0.0077231201743137,0.0618069839259117,999,0.5073061041487356,1.0116391159185811,False,True,KEY,US Stock,0.4798550075249552,0.0286299167156934,16.76061485927844,0.4566384751952467,-0.9055798464135322,False,True,False,summable
tfarch,0.0,1.0,0.5,1.9361413302509304e-08,0.0890021835532164,999,9.748346767648966e-06,1.314517659007277e-09,True,False,KEYS,US Stock,0.3116505972632328,0.0373717546375967,8.339201631964736,0.256593493765468,-0.3335895283449003,True,False,True,indeterminate
tfarch,0.0,1.0,0.5,1.1338909393178542e-08,0.1625382083494991,999,1.925903194165545e-06,4.3577259400500406e-11,True,False,KHC,US Stock,0.2821875415729609,0.0381246425831511,7.401709824754424,0.2167446573610873,0.1066528210196465,True,False,True,indeterminate
tfarch,22.32001070555998,0.001,1.1539454835634766e-06,0.0203768099824164,0.5906867907707049,999,0.5159268435746381,1.422835221736349,False,True,KLAC,US Stock,0.4297783329384455,0.0286299167156934,15.011511811449443,0.3389149381873892,-0.9193161592401288,False,True,False,summable
tfarch,0.0,1.0,0.5,2.173389799617121e-08,-0.0312813122930541,999,4.696252784509437e-06,4.2159995116064856e-11,True,False,KMB,US Stock,0.3649099649975315,0.0286299167156934,12.745757126059228,0.3147817366920535,-0.3710824344088343,True,False,True,indeterminate
tfarch,7.839549258328589,0.009,0.0025557675227919,0.0328735334164372,0.2111948217482548,999,0.7376222281223933,2.237742581180919,False,True,KMI,US Stock,0.4690848830404615,0.0341792963512331,13.724240494012898,0.4570911118793453,0.2301963977580944,True,True,False,indeterminate
tfarch,30.590308161967187,0.001,1.5934084788485152e-08,0.0155821068748744,0.2524000961342368,999,0.6599194163392504,1.914512771405371,False,True,KO,US Stock,0.4844512595648573,0.0286299167156934,16.921155041268655,0.437535241680753,-0.3187747942098347,True,True,False,indeterminate
tfarch,0.0,1.0,0.5,5.617146705626014e-09,-0.019120426600325,999,9.895120602013922e-07,1.9732216451578443e-12,True,False,KR,US Stock,0.2709180256576473,0.0286299167156934,9.46275982385741,0.1825908206364296,-0.9225395292117196,False,False,True,indeterminate
tfarch,37.96981413614412,0.001,3.592383988756543e-10,0.0192575187274014,0.194577563571883,999,0.5607294724541789,1.6203742724605112,False,True,L,US Stock,0.5273981044539996,0.0286299167156934,18.42122384396975,0.5049259331835333,-0.0661948834104412,True,True,False,indeterminate
tfarch,0.0,1.0,0.5,1.5236946958533895e-08,-0.1282865480655144,999,9.69138335557426e-07,1.901754986462672e-12,True,False,LDOS,US Stock,0.2779463629264553,0.0315597201548901,8.80699706975658,0.2543817729396739,0.1714594704969815,True,False,True,indeterminate
tfarch,0.4895166463120404,0.261,0.2420714983478021,0.0017561058884523,0.0705653186840922,999,0.5695922582226913,1.6132109784114894,False,False,LEG,US Stock,0.429910267444972,0.0286299167156934,15.016120085648655,0.3986663743162281,-0.4318849255544554,True,False,False,long-memory
tfarch,52.72324979677797,0.001,1.9200908830495242e-13,0.0231565184526967,0.6309956208322528,999,0.5914982849847604,1.5646103553041797,False,True,LEN,US Stock,0.4739390738024766,0.0286299167156934,16.553980177758888,0.4406027605189083,-1.33481810643781,False,True,False,summable
tfarch,26.73538210041079,0.001,1.166550132432846e-07,0.0114107489569871,0.0936423299369184,999,0.6008117737101575,1.4967800896821415,False,True,LH,US Stock,0.386333845566763,0.0286299167156934,13.494061104096582,0.3096251060241067,-0.4416421561208816,True,True,False,indeterminate
tfarch,20.987297716705143,0.001,2.311692719675145e-06,0.0146437058893574,0.2318503601285367,999,0.5899466940890778,1.4537401654388786,False,True,LIN,US Stock,0.4694623746203074,0.0286299167156934,16.39761579756789,0.4282182353931778,-0.1431187298715849,True,True,False,indeterminate
tfarch,3.346795941339224,0.04,0.0336679803797461,0.0050914491466794,0.0986940560354594,999,0.5587077086220743,1.3450909061969214,False,True,LLY,US Stock,0.3482767098986239,0.0286299167156934,12.164782502064249,0.3138141310853965,-0.4873823153812613,True,True,False,indeterminate
tfarch,5.45256644564688,0.025,0.0097698007999605,0.0067927155815742,0.1359354111271714,999,0.7448180299705981,2.042282688417669,False,True,LMT,US Stock,0.4069299347232304,0.0286299167156934,14.213451571103343,0.3548388225964757,-0.3770458519363312,True,True,False,indeterminate
tfarch,16.41582974195262,0.001,2.5429361869722077e-05,0.0085110069597385,0.0291949959858526,999,0.5995351913353644,1.5597867021513916,False,True,LNC,US Stock,0.4897884284795706,0.0286299167156934,17.107574337130167,0.4725386468966063,-0.8735813847339134,False,True,False,summable
tfarch,24.419997661738307,0.001,3.8730223944689305e-07,0.0220573950098783,0.4003735373941008,999,0.6282853915015674,2.1197984863864643,False,True,LOW,US Stock,0.4427607438617559,0.0286299167156934,15.46496793052345,0.3868046378651612,-0.240572845869103,True,True,False,indeterminate
tfarch,10.869709029255318,0.001,0.0004887494317713,0.0097254695646935,0.3476346654362972,999,0.5129290561772769,1.2275956719152854,False,True,LRCX,US Stock,0.4385527101742024,0.0286299167156934,15.317987632629436,0.3580929696212522,-0.7886191999197076,False,True,False,summable
tfarch,0.2588221011810674,0.368,0.3054652721031223,0.0010739104476365,0.006405442990368,999,0.6248017798006094,1.6401468463733793,False,False,LUV,US Stock,0.3736722625973322,0.0286299167156934,13.051811023694134,0.3306106265042414,-0.7714946929969666,False,False,False,indeterminate
tfarch,2.904606496753331,0.051,0.0441634038125778,0.0048838539615164,0.0005438549444906,999,0.5910289743125369,1.339994191117034,False,False,MA,US Stock,0.3899161035026814,0.0313112145542574,12.452921710431172,0.3579201702382752,-0.4615627382456105,True,False,False,long-memory
tfarch,15.236075058539427,0.001,4.743683972808108e-05,0.0119500179442504,0.2610476688091084,999,0.6029713459652836,1.6472359761316246,False,True,MAR,US Stock,0.5329819851430717,0.0286299167156934,18.616260411645523,0.5030427892294287,-0.4941866634775163,True,True,False,indeterminate
tfarch,56.09917249694263,0.001,3.4453056256784726e-14,0.0287241641603684,0.1512652763854148,999,0.7132611967266588,1.9689494381084065,False,True,MARA,US Stock,0.1653988149586233,0.0350931203171798,4.713140737093487,0.1052856214237901,-1.108262363793771,False,True,False,summable
tfarch,0.0,1.0,0.5,6.8584088210837e-09,-0.1027555029287086,999,2.0191356644692326e-06,7.36269790442203e-12,True,False,MAT,US Stock,0.2867738136902529,0.0286299167156934,10.016578690676338,0.2333219723687975,-0.5700379323161694,True,False,True,indeterminate
tfarch,8.823425556374787,0.003,0.0014869393422711,0.0097805885840756,0.1469499338948356,999,0.6406286383823433,1.7798927738107373,False,True,MCD,US Stock,0.4006091748618631,0.0286299167156934,13.992676920442111,0.3431692014352998,-0.2449957959735789,True,True,False,indeterminate
tfarch,11.93116777389514,0.003,0.0002760128170541,0.0098716421017035,0.3522151422662392,999,0.5906835787328083,1.854742501553422,False,True,MCHP,US Stock,0.4153408725152706,0.0286299167156934,14.507232998257471,0.3131928914969968,-0.748815779010921,False,True,False,summable
tfarch,0.5237247867826227,0.286,0.2346285522208662,0.0021843728167698,0.0772177094102893,999,0.6733654124619444,2.062906216059471,False,False,MCK,US Stock,0.3123573329522942,0.0286299167156934,10.910172602111569,0.2653903919266345,-0.617751087115139,False,False,False,indeterminate
tfarch,2.4451577372437896,0.089,0.05894401710482,0.003964482100267,0.0043365993535838,999,0.639994194804677,1.7557833045408189,False,False,MCO,US Stock,0.4572126531547882,0.0286299167156934,15.96975142104302,0.4150313775849221,-0.263138213793646,True,False,False,long-memory
tfarch,5.110916906747661,0.015,0.0118878758536726,0.0073394203349101,0.0144419246873565,999,0.5428173613962489,1.2247956156130706,False,True,MDLZ,US Stock,0.3399083619074566,0.0291605921759902,11.656428643699662,0.3234250918172399,0.1392099517553894,True,True,False,indeterminate
tfarch,12.901335777249187,0.002,0.0001641738568102,0.0240228654107361,0.2606569916502091,999,0.6269118109249449,1.7862098505322843,False,True,MDT,US Stock,0.3914602792406477,0.0286299167156934,13.673119734437432,0.3506866719276541,-0.2401258474187158,True,True,False,indeterminate
tfarch,34.82036261367102,0.001,1.8078596919694482e-09,0.0170276336638562,0.1569852688176744,999,0.5635243201692981,1.567056616126077,False,True,MET,US Stock,0.5348936572874537,0.0287242494810713,18.621675655614183,0.522112656440552,-0.4534670034401609,True,True,False,indeterminate
tfarch,0.0,1.0,0.5,5.426665533934679e-08,0.2082639825194472,999,1.58905438745585e-05,7.906054541843616e-10,True,False,META,US Stock,0.2785000535184657,0.0351798772365145,7.916458936059032,0.2146223631252907,-0.7816195037504026,False,False,True,indeterminate
tfarch,0.4688971504929213,0.286,0.246747484419409,0.0013242891111984,0.1180761961588009,999,0.5927740795385733,1.448981141157196,False,False,MHK,US Stock,0.4281392731609068,0.0286299167156934,14.95426191464341,0.3881787989748416,-0.8178662413530313,False,False,False,indeterminate
tfarch,6.250963047910773,0.009,0.0062062901498555,0.0083226850941487,0.0180742924009883,999,0.6238842413329893,1.4902397736101824,False,True,MKC,US Stock,0.3380613325094047,0.0286299167156934,11.807974709339524,0.3020591543807106,-0.1625141484915246,True,True,False,indeterminate
tfarch,53.46616564592841,0.001,1.3154252749775936e-13,0.0521407223765704,0.9009862313532808,999,0.5904642110321997,1.5154330246190573,False,True,MLM,US Stock,0.4014528293240263,0.0286299167156934,14.022144503968152,0.3761508655119281,-0.3129175481734597,True,True,False,indeterminate
tfarch,0.0,1.0,0.5,1.0565966155520121e-07,0.1615075104923544,999,2.9338192316199264e-05,1.867176717391628e-09,True,False,MMM,US Stock,0.3789744941643733,0.0286299167156934,13.237010010463615,0.3532767825073648,-0.5385660252254751,True,False,True,indeterminate
tfarch,0.0,1.0,0.5,2.3675779565937658e-08,-0.1441932513757187,999,7.939364324003137e-06,1.3125466646887976e-10,True,False,MNST,US Stock,0.287358387658922,0.0286299167156934,10.036996981601671,0.1637976577072234,-0.8594396449034524,False,False,True,indeterminate
tfarch,0.7669933354663954,0.234,0.1905743990906774,0.0021109362520657,-0.1192903109098642,999,0.6214470197618601,2.0036792039541984,False,False,MO,US Stock,0.3840790293142647,0.0286299167156934,13.415303758244356,0.3304977023294139,-0.5847203215288792,True,False,False,long-memory
tfarch,42.84070596317906,0.001,2.96917710428426e-11,0.0195135777084805,0.4130383330725112,999,0.6283694639985768,1.6954813018236334,False,True,MOS,US Stock,0.4406748737519645,0.0286299167156934,15.392111619745291,0.4103687261755738,-0.6063438606742092,False,True,False,summable
tfarch,3.354010897939588,0.062,0.0335207373239582,0.0068029191403915,0.1619372767937413,999,0.7680206451315071,2.349645350033511,False,False,MPC,US Stock,0.4385110038680193,0.0344214195410757,12.739480524466344,0.423508985020026,-0.1817869094945545,True,False,False,long-memory
tfarch,0.0,1.0,0.5,1.216875818168122e-07,0.0055039446359064,999,1.514101336237968e-05,4.637721223533657e-10,True,False,MRK,US Stock,0.362979736346542,0.0286299167156934,12.67833713772474,0.3254538984253874,-0.3698613996367642,True,False,True,indeterminate
tfarch,16.235646875986276,0.001,2.796586043543176e-05,0.0111084994534058,0.4114569840106695,999,0.6160965829279615,1.3658936189002695,False,True,MRVL,US Stock,0.3682174901192085,0.0288195208852117,12.7766693827361,0.2836219081970995,-1.0999455454461051,False,True,False,summable
tfarch,41.77030859605475,0.001,5.1325231867916336e-11,0.0188634256717547,0.2723795569816874,999,0.5794392155160397,1.362409594628677,False,True,MS,US Stock,0.4999950110032058,0.0286299167156934,17.46407493840647,0.4742498021705355,-0.867260292958513,False,True,False,summable
tfarch,0.0,1.0,0.5,2.083916423712783e-08,-0.0484915495495489,999,3.155061974509706e-06,1.8571023056972526e-11,True,False,MSCI,US Stock,0.4231619546106535,0.0321412173266612,13.165710256395272,0.3668570570513734,-0.5255176832395971,True,False,True,indeterminate
tfarch,28.890547900240563,0.001,3.82928652676315e-08,0.0173442642629394,0.284163336547281,999,0.6306207184806407,1.731769920568221,False,True,MSFT,US Stock,0.4258541218601558,0.0286299167156934,14.874445011107037,0.368737503788771,-0.4163666183021968,True,True,False,indeterminate
tfarch,18.004870463119005,0.001,1.101702533655608e-05,0.0131336596234649,0.2253824650644417,999,0.5925831376017386,1.4992142649389757,False,True,MTB,US Stock,0.4752438984436445,0.0286299167156934,16.59955574314126,0.4479240342715343,-0.5786547561435857,True,True,False,indeterminate
tfarch,11.765792319540196,0.002,0.0003016459855236,0.0131106525676958,0.2307846369804247,999,0.6889446817129627,2.117510143768208,False,True,MTD,US Stock,0.3928411474318855,0.0286299167156934,13.721351386836227,0.3597283421020218,-0.3566897000599048,True,True,False,indeterminate
tfarch,35.89899175695973,0.001,1.039081137860478e-09,0.0247752954008009,0.5886183790042165,999,0.6053333872890446,1.6251430676079497,False,True,MU,US Stock,0.4481332729473667,0.0286299167156934,15.652622304057338,0.4103306880435383,-0.931960824298013,False,True,False,summable
tfarch,10.026397730973258,0.002,0.0007715626569971,0.0092765657222639,0.0208846731252749,999,0.5673781093530609,1.367109245309325,False,True,NDAQ,US Stock,0.4115618506534251,0.0295656197994541,13.92028489323345,0.3868987753969611,-0.7002152774742839,False,True,False,summable
tfarch,1.2191285428089031,0.151,0.1347658718257563,0.0032107523403781,0.0697403011173303,999,0.5586996196416549,1.5514350889100812,False,False,NDSN,US Stock,0.4155578197667167,0.0286299167156934,14.514810639981004,0.3719968508981049,-0.5054392845620407,True,False,False,long-memory
tfarch,9.711527132629271,0.002,0.0009155789314771,0.0076473166920053,0.0709051118401337,999,0.5248374856333335,1.2432380006357124,False,True,NEE,US Stock,0.4228973497724427,0.0286299167156934,14.771169401992452,0.3933110782612129,0.1828651307473489,True,True,False,indeterminate
tfarch,44.6219505758454,0.001,1.1949855193607036e-11,0.0235358670222485,0.6377966734008514,999,0.6356959796095627,1.9728112132609277,False,True,NEM,US Stock,0.4035144661603171,0.0286299167156934,14.094154382891787,0.3703192441310722,-0.6552733010791394,False,True,False,summable
tfarch,21.80432856731568,0.001,1.5095911401992263e-06,0.0098177212061424,0.6737639615175921,999,0.4932416569902928,0.9989897081142404,False,True,NFLX,US Stock,0.3084785179886964,0.0295140668050477,10.45191501484091,0.2346486392901263,-0.8600418431680813,False,True,False,summable
tfarch,13.234824080609542,0.001,0.0001373978321749,0.0113117340397029,0.068436995191299,999,0.6545095021124713,1.6714275241098444,False,True,NI,US Stock,0.4216775321588839,0.0286299167156934,14.728563004437332,0.3904543761498555,0.0497578755250768,True,True,False,indeterminate
tfarch,1.451417638338171,0.112,0.1141503083084681,0.0024415501119548,0.1436898508348689,999,0.4855942647238891,1.167331263425747,False,False,NKE,US Stock,0.3943751220876272,0.0286299167156934,13.774930818134427,0.3496159748220057,-0.5909393684219434,True,False,False,long-memory
tfarch,6.305979163642405,0.011,0.0060165717453189,0.0064357226552068,0.1306437857610328,999,0.5807942991782807,1.5371884503258897,False,True,NOC,US Stock,0.3708946667353429,0.0286299167156934,12.954793771091833,0.3281930287507053,-0.4407822859452964,True,True,False,indeterminate
tfarch,16.32809032087971,0.001,2.6634225836459623e-05,0.0104811322710508,0.3139668663661127,999,0.5549843699883787,1.3533245676053722,False,True,NOV,US Stock,0.4134340981122975,0.0286299167156934,14.440632231587132,0.3701547521017537,-0.4887570263061006,True,True,False,indeterminate
tfarch,3.1943353640835994,0.067,0.0369469005317108,0.0124445453316509,0.2393889897784454,999,0.7274362885219244,1.958981606265645,False,False,NOW,US Stock,0.3276658420625354,0.0352672807929299,9.290930139650095,0.3065647982187875,-0.2593622389757099,True,False,False,long-memory
tfarch,49.099844981905335,0.001,1.2162971778533944e-12,0.0332695421947792,0.5506674566695161,999,0.5699457583521887,1.2748185844170965,False,True,NSC,US Stock,0.3699549899786664,0.0286299167156934,12.92197227300618,0.2975431417818832,-0.5912589520879209,True,True,False,indeterminate
tfarch,0.0,1.0,0.5,5.4553901804090896e-08,0.060123891496369,999,1.2839223337642898e-05,3.2687132113438987e-10,True,False,NTAP,US Stock,0.4550716174649956,0.0286299167156934,15.894968259392432,0.3160095142062293,-1.1501029162018084,False,False,True,indeterminate
tfarch,29.86024109735081,0.001,2.321688492408617e-08,0.0147516267843479,0.2537583052100485,999,0.6432486583498512,1.626569465670038,False,True,NTRS,US Stock,0.4327540275715129,0.0286299167156934,15.11544835665903,0.3992682464892481,-0.797445919718552,False,True,False,summable
tfarch,70.8193691673041,0.001,1.957373685680101e-17,0.0270336411649488,0.649936013245934,999,0.577663458417431,1.6105425453049305,False,True,NUE,US Stock,0.4121128372801474,0.0286299167156934,14.394482574734452,0.3716094039948615,-0.769528037553716,False,True,False,summable
tfarch,0.2069687358562078,0.352,0.3245768617899343,0.0009501197470408,-0.0087471299753879,999,0.5495526013397025,1.3457219003471328,False,False,NVDA,US Stock,0.4016377675939364,0.0286299167156934,14.028604120031538,0.3097827368762721,-0.5834658696061399,True,False,False,long-memory
tfarch,25.641447227029857,0.001,2.0555678165595525e-07,0.0136753550934767,0.4022586589271551,999,0.6062033446631647,1.6747173544580785,False,True,NVR,US Stock,0.4275359678813811,0.0286299167156934,14.933189367156924,0.373803530775523,-0.4986596190988894,True,True,False,indeterminate
tfarch,69.05386026406813,0.001,4.7905409218940676e-17,0.0232805127873271,0.4688827075659043,999,0.5296870730024428,1.8661185934919744,False,True,NXPI,US Stock,0.3603548619313773,0.0337868689199742,10.665529936641772,0.3016288552773817,-0.4800827728057698,True,True,False,indeterminate
tfarch,39.77885174453331,0.001,1.4220402323507223e-10,0.0255125977796463,0.1185715324634756,999,0.7011392427036742,1.8827812238488908,False,True,O,US Stock,0.5260146326413219,0.0286299167156934,18.37290125098368,0.5041565272035757,-0.2991194220398184,True,True,False,indeterminate
tfarch,1.3266773881186964,0.149,0.1246985875519908,0.0028730180734971,0.0918162942236029,999,0.5572176719464891,1.276582943601422,False,False,ODFL,US Stock,0.3930755635197224,0.0286299167156934,13.729539188783567,0.3484965546897832,-0.6598828785268287,False,False,False,indeterminate
tfarch,29.67860189644307,0.001,2.5497313580010688e-08,0.0126333241924577,0.0811675041448884,999,0.6271642017971252,1.9942325774609584,False,True,OKE,US Stock,0.4661562771625889,0.0286299167156934,16.28213877782839,0.4443545123069095,0.3078904607861139,True,True,False,indeterminate
tfarch,23.32025304016679,0.001,6.857411337742843e-07,0.0232686853107222,0.3263418133954368,999,0.6263540705924181,1.714471545886879,False,True,OMC,US Stock,0.4524312799561071,0.0286299167156934,15.802745234955855,0.4145569137377021,-0.3334888181054797,True,True,False,indeterminate
tfarch,8.085769599394553,0.004,0.0022307090586305,0.0082403053237017,0.1986249405155676,999,0.5730256695015697,1.5101664791736922,False,True,ON,US Stock,0.3481296340923027,0.0287717668824218,12.099696049775572,0.2486391169022998,-0.9148155134303716,False,True,False,summable
tfarch,1.15472048054653,0.166,0.1412815817485627,0.0028924677295037,0.0967681816220747,999,0.5905757832974801,1.6022066403853878,False,False,ORCL,US Stock,0.4206711069282562,0.0286299167156934,14.69341008238653,0.3307693811413337,-0.9297315927615682,False,False,False,indeterminate
tfarch,18.28714658487297,0.001,9.499236422113776e-06,0.0249011294728517,0.4847447116191591,999,0.5021465864828186,1.0427082602245363,False,True,ORLY,US Stock,0.4370278020614032,0.0286299167156934,15.264724882061833,0.3700858242134987,-0.2393029136613661,True,True,False,indeterminate
tfarch,29.51341427752777,0.001,2.776551540507384e-08,0.0173583658989395,0.3044374110699843,999,0.6019295499647634,1.517000696412539,False,True,OXY,US Stock,0.458574384941406,0.0286299167156934,16.017314667563795,0.4065986125616465,-0.5734648848787026,True,True,False,indeterminate
tfarch,24.984216313816432,0.001,2.8900781962814655e-07,0.3735029163777321,1.5633399000906243,999,0.8804974796007851,2.149227751024295,False,True,PANW,US Stock,0.2738785282102035,0.0352672807929299,7.765796569865072,0.2563170699255454,0.0146299268427226,True,True,False,indeterminate
tfarch,18.65615856158001,0.001,7.827040389747194e-06,0.0137789709707037,0.3122718845667356,999,0.6415993819743278,1.7536841515263752,False,True,PAYX,US Stock,0.4296815061168099,0.0286299167156934,15.00812979596553,0.3496008303609996,-0.3510968281666443,True,True,False,indeterminate
tfarch,25.13916765245449,0.001,2.666921080323109e-07,0.0209229898566596,0.4701090973547029,999,0.5829282779636655,1.4894765686847538,False,True,PCAR,US Stock,0.450005919834244,0.0286299167156934,15.718031047836565,0.4039134343470783,-0.6971417735436478,False,True,False,summable
tfarch,34.97105512313101,0.001,1.6732154807903027e-09,0.0185720959200743,0.2436652751207809,999,0.6876311874590316,2.0592835749582465,False,True,PEG,US Stock,0.4595187056238298,0.0286299167156934,16.05029837100245,0.4336983249980243,0.1433126721106324,True,True,False,indeterminate
tfarch,5.711835049133697,0.016,0.0084254578940663,0.0063436423834894,0.0478951527954535,999,0.6653099956165243,1.7751165604185284,False,True,PEP,US Stock,0.4008713370116699,0.0286299167156934,14.001833850670383,0.3621228502074338,-0.0324980891946879,True,True,False,indeterminate
tfarch,12.478622387649011,0.002,0.0002058178259436,0.024015705371428,0.2401965581281138,999,0.6377475514469876,1.974478395613745,False,True,PFE,US Stock,0.4065205587218508,0.0286299167156934,14.199152682096964,0.3660242258705215,-0.3005925001441074,True,True,False,indeterminate
tfarch,11.903868756689915,0.003,0.0002800873887813,0.0127180699578813,0.1435054913946831,999,0.6762971859102139,1.9725337504715168,False,True,PG,US Stock,0.3885060948225451,0.0286299167156934,13.56993450873668,0.3485538219439623,-0.2455454795798314,True,True,False,indeterminate
tfarch,17.199263866881665,0.001,1.6828337329882247e-05,0.0097010048231968,0.3000918145034514,999,0.5303911542468449,1.201137200982706,False,True,PGR,US Stock,0.4326454645253826,0.0286299167156934,15.111656412476714,0.3944106964494933,-0.8014763710149873,False,True,False,summable
tfarch,25.330702109540653,0.001,2.414799925423726e-07,0.0308851547640228,0.4055331518077327,999,0.5953376937676357,1.5425424676756163,False,True,PH,US Stock,0.4143711379948583,0.0286299167156934,14.473361627619472,0.3880334364469527,0.1061205580403609,True,True,False,indeterminate
tfarch,23.874239964803564,0.001,5.141936054876949e-07,0.0126823425582095,0.3738050360977575,999,0.5323981172653524,1.4493422148734831,False,True,PHM,US Stock,0.4401536853990417,0.0286299167156934,15.373907293197702,0.4001475011346057,-0.9709558459858222,False,True,False,summable
tfarch,17.818846723415845,0.001,1.2148234514785485e-05,0.0126120496386619,0.3300865112071489,999,0.6550761397224227,1.8836973713837744,False,True,PKG,US Stock,0.3605329531872406,0.0286769667338202,12.5722136700757,0.3230755402979045,-1.092443070955314,False,True,False,summable
tfarch,54.27455696498873,0.001,8.717233626423911e-14,0.025652179841099,0.3288653984476824,999,0.6004643606466417,1.7121878135903,False,True,PLD,US Stock,0.6326502748590538,0.0286299167156934,22.09752410883781,0.6199796656873486,-0.5816168738384134,True,True,False,indeterminate
tfarch,0.6043702058095732,0.309,0.2184577179590265,0.0027506016534222,-0.1460522153730314,999,0.7988012138834105,2.515062597358944,False,False,PM,US Stock,0.4143190489771483,0.0322748612183951,12.837206213639924,0.3950460183514458,0.0877668573325261,True,False,False,long-memory
tfarch,14.510609806446157,0.001,6.968618703118997e-05,0.0086368719401677,0.0615414046224644,999,0.5825666783706032,1.642253195153364,False,True,PNC,US Stock,0.4752062316556335,0.0286299167156934,16.598240098796744,0.4454615586811564,-1.0481894520533797,False,True,False,summable
tfarch,0.0,1.0,0.5,3.9589916920002293e-08,0.1055326422978036,999,1.1341813855519116e-05,2.4462840743886406e-10,True,False,POOL,US Stock,0.3360040421808949,0.0286299167156934,11.736116647405936,0.2782487262525437,-0.8475430034181843,False,False,True,indeterminate
tfarch,14.670682034982748,0.001,6.401108429088706e-05,0.011737560734057,0.2276525664728208,999,0.5985449063573506,1.5666006056862525,False,True,PPG,US Stock,0.4015457376580696,0.0286299167156934,14.025389652564495,0.3646687940095829,-0.3557858667198599,True,True,False,indeterminate
tfarch,9.90124119311622,0.002,0.0008258366789812,0.007928936283787,0.1514732090120804,999,0.6063527008849008,1.746223550491052,False,True,PPL,US Stock,0.4708474194929783,0.0286299167156934,16.445993335177416,0.4325688537361929,0.0268814380740818,True,True,False,indeterminate
tfarch,31.498295437631896,0.001,9.98077061466756e-09,0.0147032200319444,0.1257343680266236,999,0.7210914249441864,2.2243045050641475,False,True,PRU,US Stock,0.5987821662293439,0.0293610109757351,20.39378571549173,0.5902575329027568,-0.6573275210729647,False,True,False,summable
tfarch,29.611625929012007,0.001,2.6393688179378382e-08,0.0172692804008235,0.2055875366404873,999,0.6294810884939945,1.855114103895796,False,True,PSA,US Stock,0.539402035208399,0.0286299167156934,18.840503120036225,0.5132535172432259,-1.0481825262591955,False,True,False,summable
tfarch,6.114624154793091,0.01,0.006703395888149,0.0091116575728218,0.2976763531890878,999,0.6459123614794989,1.709480684968139,False,True,PSX,US Stock,0.4051057291648417,0.0350931203171798,11.54373636494565,0.374030913613544,-0.5072091440294892,True,True,False,indeterminate
tfarch,2.4433548415618134,0.071,0.0590117834124171,0.0052862916535352,0.1259241740524019,999,0.5321338317806183,1.3155210835843376,False,False,PVH,US Stock,0.3879964725287844,0.0286299167156934,13.552134167267946,0.3409284907981729,-0.5416001567416527,True,False,False,long-memory
tfarch,26.12756177850315,0.001,1.597946926019132e-07,0.0141433598085604,0.2705331514708531,999,0.5647114599874136,1.3731243090646834,False,True,PWR,US Stock,0.3533220776995789,0.0286299167156934,12.341009623192736,0.2745278359137452,-0.9605368847438964,False,True,False,summable
tfarch,0.0,1.0,0.5,1.5983216350225862e-07,-0.0763550773450827,999,3.614691173403095e-05,2.462314738650008e-09,True,False,QCOM,US Stock,0.4441974114209077,0.0286299167156934,15.515148571054768,0.3621057828995691,-0.920682184762205,False,False,True,indeterminate
tfarch,0.0,1.0,0.5,2.705146185696354e-08,-0.0689621806532439,999,1.6904012604222238e-05,4.110586057340909e-08,True,False,REGN,US Stock,0.3738631345733885,0.0286299167156934,13.058477895203112,0.2687615187685727,-0.9627511793900956,False,False,True,indeterminate
tfarch,17.49023420595404,0.001,1.443936403915894e-05,0.0087243524740875,0.1009161572274271,999,0.5150339876520678,1.2416387974955556,False,True,RF,US Stock,0.5113628758909288,0.0286299167156934,17.8611373888708,0.4940649071011287,-0.6525340517396698,False,True,False,summable
tfarch,4.407431425353934,0.02,0.0178913406095099,0.005589484181205,0.1771445597810752,999,0.5640739891082216,1.3195902617450426,False,True,RHI,US Stock,0.3743226973107871,0.0286299167156934,13.07452973153789,0.3431479098825738,-0.272067987161928,True,True,False,indeterminate
tfarch,0.0,1.0,0.5,2.438641092396447e-07,-0.0879198459637626,999,4.584727373054972e-05,3.7012937521821613e-09,True,False,RL,US Stock,0.343513575763216,0.0286299167156934,11.998413379069316,0.285235817235725,-0.7040741138435898,False,False,True,indeterminate
tfarch,0.0,1.0,0.5,3.033103605846341e-08,-0.0594989192419149,999,1.1381644383020416e-05,7.45233584404466e-10,True,False,RMD,US Stock,0.3829001691594275,0.0286299167156934,13.37412794322038,0.3307786092386496,-0.5494122285860212,True,False,True,indeterminate
tfarch,15.124660743564164,0.001,5.032000271050347e-05,0.0167543664653008,0.2255969792903076,999,0.6424297881375997,1.856774059826945,False,True,ROK,US Stock,0.3953334961401367,0.0286299167156934,13.80840538468754,0.3697116946854985,-0.2735022212061119,True,True,False,indeterminate
tfarch,11.4932723135189,0.001,0.0003492427709091,0.0105874285895408,0.1517811163543296,999,0.5562722403385771,1.2373682448950567,False,True,ROP,US Stock,0.4427466505050739,0.0286299167156934,15.464475670737231,0.3971376154954322,-0.2680040841100027,True,True,False,indeterminate
tfarch,33.19960248408279,0.001,4.158376617945136e-09,0.0147563438740884,0.3494472993954711,999,0.5623110527053327,1.4175634139786122,False,True,ROST,US Stock,0.4410163927444113,0.0286299167156934,15.404040365324198,0.3678095989859883,-0.5138702431985518,True,True,False,indeterminate
tfarch,2.474422366673025,0.072,0.0578559732478078,0.0035204829781618,0.0825022818907774,999,0.5604954496350157,1.6196817623332695,False,False,RPM,US Stock,0.342388572710371,0.0286299167156934,11.959118711745733,0.2837096686103028,-0.527493857073759,True,False,False,long-memory
tfarch,0.0,1.0,0.5,1.1788477026298941e-08,-0.0212958169383991,999,2.9266526604539017e-06,1.6833074786273816e-11,True,False,RSG,US Stock,0.401059175823268,0.0286299167156934,14.00839477829946,0.3391445195322372,-0.7361804614209554,False,False,True,indeterminate
tfarch,26.78790770001251,0.001,1.135268399800015e-07,0.0362466386239084,0.413979634509894,999,0.549070984053869,1.5225290397530598,False,True,RTX,US Stock,0.4966958020029136,0.0286299167156934,17.34883852214111,0.4620184574085207,-0.0719007285261564,True,True,False,indeterminate
tfarch,1.0149503052962243,0.168,0.1568599064494755,0.0027344532938416,0.2299184231446261,999,0.5744309971727839,1.859767669906436,False,False,SBUX,US Stock,0.429253492857695,0.0286299167156934,14.993179935532291,0.3728606018269451,-0.4512962896724987,True,False,False,long-memory
tfarch,12.14316564890578,0.001,0.000246340382192,0.0082332825448825,0.1968372978585572,999,0.5968276235977242,1.498034938097302,False,True,SCHW,US Stock,0.4354299473433629,0.0286299167156934,15.208914216110282,0.3646573633504997,-0.8657842635252632,False,True,False,summable
tfarch,19.31526471575853,0.001,5.540843468885942e-06,0.0118886042053226,0.3080042940757847,999,0.5972299008276291,1.5211703670042698,False,True,SHW,US Stock,0.3640380030079551,0.0286299167156934,12.715300803107423,0.3119625043879426,-0.6246268258977921,False,True,False,summable
tfarch,0.0,1.0,0.5,2.308799114047273e-08,-0.1207410805010609,999,3.91007498083755e-06,3.2400764587553505e-11,True,False,SJM,US Stock,0.3065438863454064,0.0286299167156934,10.707117641644247,0.2286010540565766,-0.5358708857031733,True,False,True,indeterminate
tfarch,43.30624045706645,0.001,2.3404413170546702e-11,0.0234910301782518,0.5894941360174728,999,0.5487833716237478,1.2976791184844418,False,True,SLB,US Stock,0.4658522363670087,0.0286299167156934,16.271519089388516,0.4242749105373343,-0.424509641877609,True,True,False,indeterminate
tfarch,8.432197527770768,0.002,0.0018431728642762,0.0103833254442637,0.1987000635553195,999,0.5160887368702379,1.310094133452207,False,True,SNA,US Stock,0.4205995566706666,0.0286299167156934,14.690910939329282,0.3857801085659299,-0.3267000454282943,True,True,False,indeterminate
tfarch,0.0,1.0,0.5,5.4697864265047006e-08,0.2237795354464026,999,0.1318103316026337,0.7817875730409773,False,False,SNPS,US Stock,0.3400550521865588,0.0286299167156934,11.877612343879385,0.2373379751685408,-0.8491230868160701,False,False,False,indeterminate
tfarch,25.330022162073877,0.001,2.415651291778127e-07,0.0189460523269699,0.1542809864889908,999,0.6683214513616379,1.8385326868104144,False,True,SO,US Stock,0.4626884182223783,0.0286299167156934,16.161011672407586,0.434633177316587,0.4105062553359027,True,True,False,indeterminate
tfarch,32.77175214156523,0.001,5.182001184992346e-09,0.0158792866592018,0.1656492902249571,999,0.5704507733023527,1.3647441554361477,False,True,SPG,US Stock,0.5614485496833939,0.0286299167156934,19.61055476545055,0.5378476830872915,-0.4582023688650803,True,True,False,indeterminate
tfarch,13.75428998085954,0.002,0.0001041722272953,0.0194426856562522,0.1455482469935639,999,0.6313539219781404,1.8711090671542172,False,True,SPGI,US Stock,0.4816507003985665,0.0286299167156934,16.82333571492896,0.4517611298949617,0.0626018939761305,True,True,False,indeterminate
tfarch,100.37463003439188,0.001,6.306671240839516e-24,0.033699816051146,0.5420783485741554,999,0.6121266920300623,1.730786833896306,False,True,SRE,US Stock,0.4312756685686443,0.0286299167156934,15.063811496602842,0.4003844997044301,0.0654608203215075,True,True,False,indeterminate
tfarch,56.276047811070384,0.001,3.1488981276435043e-14,0.0171913228129511,0.3067561097123508,999,0.5593045574658115,1.4033444754857285,False,True,STT,US Stock,0.449759344727518,0.0286299167156934,15.709418549617492,0.4187255008114457,-1.303236056750396,False,True,False,summable
tfarch,22.09052605024772,0.001,1.300451029712199e-06,0.0148231880571104,0.5331371274987621,999,0.6359562854609736,1.7729237765723591,False,True,STX,US Stock,0.3516581454439712,0.0297745667087706,11.81068893071023,0.3274008917809758,-1.5556429420586595,False,True,False,summable
tfarch,0.4951577114716201,0.267,0.2408177720936686,0.0021155266699804,-0.0581773698606045,999,0.5415482536735525,1.177731256890785,False,False,STZ,US Stock,0.3516590663548117,0.0286299167156934,12.282923134109248,0.316490599697005,-0.5630097486196342,True,False,False,long-memory
tfarch,17.98320952391805,0.001,1.1143103319697571e-05,0.0111440900487963,0.1706224250505367,999,0.5473194889919551,1.315444208157571,False,True,SWK,US Stock,0.4186101664057534,0.0286299167156934,14.621424524657922,0.391408893573486,-0.1625633016685465,True,True,False,indeterminate
tfarch,0.1656328344870417,0.382,0.3420112872831186,0.0010924892390402,0.1680949851180915,999,0.527311716502242,1.0611048264542886,False,False,SWKS,US Stock,0.4118225620134663,0.0286299167156934,14.38434369554861,0.2641133830685849,-1.3162883205109135,False,False,False,indeterminate
tfarch,0.0,1.0,0.5,6.521325161963537e-08,-0.4512326448415442,999,4.059334188369704e-06,3.0616809042896294e-11,True,False,SYF,US Stock,0.4626870392169456,0.0371647073123583,12.449634954156872,0.4539784066751426,-0.2414939346756376,True,False,True,indeterminate
tfarch,24.323879357976693,0.001,4.0711693310052206e-07,0.014557691930001,0.2344412793421084,999,0.600759611095345,1.6551493281804726,False,True,SYK,US Stock,0.4001822102394319,0.0286299167156934,13.977763687313598,0.3607579836153156,-0.2234678998633817,True,True,False,indeterminate
tfarch,0.0,1.0,0.5,1.9778760270381297e-07,-0.1365124065051557,999,3.29729804629291e-05,2.144755901410953e-09,True,False,SYY,US Stock,0.4335470903830556,0.0286299167156934,15.143148849797663,0.3862275741109757,0.1252555138651094,True,False,True,indeterminate
tfarch,13.137574587539348,0.002,0.0001447161422254,0.0089296929700483,0.2176850112981893,999,0.6365092470305527,1.7544320741437,False,True,T,US Stock,0.4373486765507826,0.0286299167156934,15.275932546148525,0.3659667097983053,-0.5398178557370261,True,True,False,indeterminate
tfarch,0.1166062860174861,0.412,0.3663723991991651,0.0008458371373455,0.0135408203001096,999,0.6167383511478924,1.584517502085913,False,False,TDG,US Stock,0.4378414839001677,0.03125,14.010927484805368,0.4276617075036625,0.0731211522735677,True,False,False,long-memory
tfarch,10.63906515526105,0.003,0.0005536181468749,0.0083314576697576,0.27754376262193,999,0.5693653912549053,1.523212833832065,False,True,TECH,US Stock,0.3852162919471576,0.0286299167156934,13.45502663428994,0.2895618832972337,-1.424695566294094,False,True,False,summable
tfarch,28.755834871461047,0.001,4.105109376183757e-08,0.016932199325417,0.3261133338127472,999,0.5871993879900456,1.337938683404348,False,True,TEL,US Stock,0.5176404126158753,0.0318788356531669,16.237745262959496,0.5038313033578754,-0.140971986712407,True,True,False,indeterminate
tfarch,0.0,1.0,0.5,1.265859076622107e-07,0.1540364721166915,999,3.765892332383745e-05,2.993816488804806e-09,True,False,TER,US Stock,0.386993875112913,0.0286299167156934,13.517114945038712,0.3019699444310093,-1.002126889751174,False,False,True,indeterminate
tfarch,37.94560223681219,0.001,3.6372430447424804e-10,0.0138520278896081,0.2063286799294008,999,0.5414434574574477,1.38713837107884,False,True,TFC,US Stock,0.4963198941400339,0.0286299167156934,17.33570862495655,0.4722060743834039,-0.706293112028476,False,True,False,summable
tfarch,13.93784722154669,0.001,9.44776345384216e-05,0.0089509804279129,0.2059324727053522,999,0.6061557726104846,1.6643362276819302,False,True,TGT,US Stock,0.3758590281828702,0.0286299167156934,13.128191461934785,0.3137993039703359,-0.9003280414405216,False,True,False,summable
tfarch,23.91741280144197,0.001,5.027904238964187e-07,0.0148271019292989,0.3058449714372833,999,0.5847215017803556,1.552870941778706,False,True,TJX,US Stock,0.4559314196022052,0.0286299167156934,15.92499985696038,0.387368879928183,-0.499657941627207,True,True,False,indeterminate
tfarch,8.915891873262808,0.001,0.0014134985874671,0.010826889122057,0.1572512861481246,999,0.5681282256562834,1.390554071277865,False,True,TMO,US Stock,0.3853555539969573,0.0286299167156934,13.459890848572597,0.3432999650110236,-0.3468784912299459,True,True,False,indeterminate
tfarch,0.0,1.0,0.5,1.594804936945802e-11,0.4044586192883874,999,0.0049563654861007,0.0204790276877202,False,False,TMUS,US Stock,0.3156970882601351,0.0318142381487888,9.923138400601715,0.1809848387468002,-0.9717859333997356,False,False,False,indeterminate
tfarch,0.0,1.0,0.5,3.4133045547096145e-07,-0.2393962820674811,999,5.63958006556082e-05,5.816100760441336e-09,True,False,TPR,US Stock,0.4078045303315246,0.028915746598312,14.103199063009171,0.3595016215613328,-0.4825149051742778,True,False,True,indeterminate
tfarch,22.190138519668835,0.001,1.2346945041954435e-06,0.0123115984028519,0.2779960197152042,999,0.6089390709252525,1.6476893883355557,False,True,TRMB,US Stock,0.4228820694541354,0.0286299167156934,14.770635683419007,0.3560111452035543,-0.9224931730656968,False,True,False,summable
tfarch,40.18331755797408,0.001,1.1560714947783332e-10,0.0188176746303363,0.2959370609781867,999,0.530205986073359,1.0475465863367273,False,True,TROW,US Stock,0.469836429692025,0.0286299167156934,16.410680979539332,0.4286075842067287,-0.5317201959199204,True,True,False,indeterminate
tfarch,14.827249536327145,0.002,5.891036837903179e-05,0.0083774108278666,0.1564051119708982,999,0.6303456074551108,2.141784852328096,False,True,TRV,US Stock,0.4570849392759392,0.0286299167156934,15.965290567030864,0.4172695225907579,-0.3862648682555054,True,True,False,indeterminate
tfarch,14.85322113584698,0.001,5.810471966245519e-05,0.0154231051562445,0.4951425700703938,999,0.7106433200914943,1.9077431454097589,False,True,TSLA,US Stock,0.317179614587577,0.0337099931231621,9.409067911367895,0.2775696929098409,-0.598790366905004,True,True,False,indeterminate
tfarch,26.960146686016746,0.001,1.0384698080778757e-07,0.0132058977609583,0.3115965122699371,999,0.6361064268671102,1.5123452187522544,False,True,TT,US Stock,0.5018897970072651,0.0286299167156934,17.53025696830461,0.4747300279787017,-0.502513350474785,True,True,False,indeterminate
tfarch,6.123872663010843e-05,0.533,0.4968781020033699,5.0161501208767847e-20,0.1130451100961522,999,0.0004696223279845,4.597918884957792e-07,True,False,TTWO,US Stock,0.310785264278285,0.0286299167156934,10.85526260395752,0.1726917040257785,-1.030792047118164,False,False,True,indeterminate
tfarch,18.15628175353777,0.001,1.0174852727737435e-05,0.0141206944974692,0.4656790380276863,999,0.5523784259835351,1.3785147553062862,False,True,TXN,US Stock,0.4451130739915667,0.0286299167156934,15.547131289682698,0.3410238856884136,-0.9080107131379226,False,True,False,summable
tfarch,14.784015643679597,0.001,6.027651833498921e-05,0.0101911932388496,0.2984677576859188,999,0.5765989011056468,1.6009767080029076,False,True,UAL,US Stock,0.4651137455313889,0.0311891430775902,14.912681133120907,0.4561300637965981,-1.071873242757568,False,True,False,summable
tfarch,9.046179738419596,0.003,0.0013162215300988,0.0058991786708425,0.1806461262604504,999,0.6429615254975407,1.7192383634441648,False,True,UNH,US Stock,0.4017572179845884,0.0286299167156934,14.032776342809488,0.3786009157589631,-0.4925557299853479,True,True,False,indeterminate
tfarch,137.69938159336016,0.001,4.239402531986445e-32,0.0508426685916386,0.6242882782742833,999,0.5814410855537272,1.5967776582564004,False,True,UNM,US Stock,0.4003844289551239,0.0286299167156934,13.984826883399707,0.3687400171810747,-0.629544137463286,False,True,False,summable
tfarch,40.02706626301188,0.001,1.252340787534265e-10,0.0233540924172678,0.5066865880246875,999,0.629369818698577,1.6629475968776684,False,True,UNP,US Stock,0.391928717192083,0.0286299167156934,13.689481568671429,0.3476300378190908,-0.7516396039946953,False,True,False,summable
tfarch,0.0,1.0,0.5,7.292196356870764e-08,-0.0564173782558145,999,1.9938737597687424e-05,8.226018209965665e-10,True,False,UPS,US Stock,0.3948070577783071,0.0286299167156934,13.790017683212284,0.3688368367166152,-0.5450454740120192,True,False,True,indeterminate
tfarch,9.418239938360784,0.003,0.0010741881511015,0.0161417524668828,0.2084818376610776,999,0.7371604295363828,1.886969962396961,False,True,URI,US Stock,0.4219824630861091,0.0286299167156934,14.739213783838938,0.4043238403922442,-0.5421852394189811,True,True,False,indeterminate
tfarch,30.14028665451588,0.001,2.0094752997859944e-08,0.0137224028370498,0.157781435368443,999,0.5609800987057414,1.4105106238773215,False,True,USB,US Stock,0.5079504363801234,0.0286299167156934,17.741946000900928,0.483852106772873,-0.7373573940271068,False,True,False,summable
tfarch,9.473727805218005,0.003,0.0010421769101925,0.0140018128242136,0.0603165987891178,999,0.6021907081015518,1.7359076015083643,False,True,V,US Stock,0.4305948432967057,0.0323423113676575,13.313669465420537,0.3933666603916964,-0.3599706750932174,True,True,False,indeterminate
tfarch,36.71480100830741,0.001,6.836866293143883e-10,0.0200901515239424,0.4553630880179603,999,0.5295281696866344,1.380051691478832,False,True,VLO,US Stock,0.4283096105842989,0.0286299167156934,14.960211545062656,0.4023535644683146,-0.4855827823929546,True,True,False,indeterminate
tfarch,27.14741958990089,0.001,9.425832628048245e-08,0.0285595232889292,0.500706427217437,999,0.6078659912284504,1.7400183547646684,False,True,VMC,US Stock,0.4006307880594751,0.0286299167156934,13.993431836980175,0.3742629234001245,-0.4913110392810002,True,True,False,indeterminate
tfarch,75.55672643844355,0.001,1.77529164779809e-18,0.0338264716964638,0.3624906069162543,999,0.6360326904863854,1.617770152413703,False,True,VNQ,US Stock,0.581288833265127,0.0305423610890763,19.03221665050084,0.5592857980175894,-0.5538740626324334,True,True,False,indeterminate
tfarch,21.104023447796862,0.001,2.175068978615249e-06,0.0139728136263639,0.1079883135273611,999,0.5638330751229991,1.286743384672791,False,True,VRSN,US Stock,0.4497724190478371,0.0286299167156934,15.70987521599375,0.2972477861817407,-1.0697902674519004,False,True,False,summable
tfarch,0.0,1.0,0.5,2.2779123880876463e-09,0.1131176125386185,999,9.351271703028007e-06,2.0104564339385317e-09,True,False,VRTX,US Stock,0.3867746624735508,0.0286299167156934,13.50945817671699,0.2690646625432845,-0.9391427362132224,False,False,True,indeterminate
tfarch,10.625952400394452,0.003,0.0005575576108827,0.0108814953401055,0.1891258001628656,999,0.6599336763970756,1.8914541258120572,False,True,VZ,US Stock,0.4329627640230416,0.0286299167156934,15.122739207470843,0.368575514494424,-0.7852436052123293,False,True,False,summable
tfarch,1.0162229093202768,0.187,0.1567083120722902,0.0022609661847031,0.0277286030354593,999,0.5998085710017331,1.6322863608345908,False,False,WAT,US Stock,0.3936858681152565,0.0286299167156934,13.75085621186801,0.307344606828835,-0.9514887238283312,False,False,False,indeterminate
tfarch,8.979727968091538,0.008,0.0013649564365762,0.0646052439477966,0.7179618209919804,999,0.850889111300236,2.634812989645776,False,True,WDAY,US Stock,0.3230156622368013,0.035533452725935,9.090466516951768,0.2918818043121167,-0.0747429745657599,True,True,False,indeterminate
tfarch,9.197915180262498,0.001,0.0012114545938155,0.0072494621845546,0.302516460399479,999,0.5350797334709229,1.1762002752862195,False,True,WDC,US Stock,0.3895224578354212,0.0286299167156934,13.605434542598775,0.3252875176933233,-0.837213553112128,False,True,False,summable
tfarch,30.50687292168368,0.001,1.6634290270687393e-08,0.0319727471884699,0.357860137696297,999,0.662280277945625,1.6748612283116655,False,True,WEC,US Stock,0.4375432377263914,0.0286299167156934,15.282728275858144,0.4150745875741262,0.5611583668621672,True,True,False,indeterminate
tfarch,30.028876456035505,0.001,2.128300681925922e-08,0.0116618835260491,0.1653440193983031,999,0.4899038373671822,1.3869801071230643,False,True,WFC,US Stock,0.5435127692881474,0.0286299167156934,18.984084888735367,0.5245424514382666,-0.8863944873951652,False,True,False,summable
tfarch,1.986411040808889,0.139,0.0793583215020286,0.0038481435931877,0.0670666920916122,999,0.7408570566024667,2.039153148545565,False,False,WHR,US Stock,0.3923402486287935,0.0286299167156934,13.7038557437973,0.3660122024913051,-0.6884705685584115,False,False,False,indeterminate
tfarch,0.0238031966982816,0.499,0.4386933609757977,0.0004664523758782,-0.0527931706984079,999,0.6275851906536916,1.684141230918355,False,False,WM,US Stock,0.4590328210757313,0.0286299167156934,16.03332715334494,0.3936832042178408,-0.3135176524641189,True,False,False,long-memory
tfarch,8.609340527158565,0.002,0.0016722168772003,0.0054213314605454,-0.1290855163484166,999,0.5373319173354845,1.2867127230946966,False,True,WMB,US Stock,0.3820407389217204,0.0286299167156934,13.344109335543608,0.3459896538080994,-0.4017769568953559,True,True,False,indeterminate
tfarch,12.274363620603252,0.001,0.0002296116139666,0.0096085576177607,0.1712712676822837,999,0.5995947207498152,1.395714829377752,False,True,WMT,US Stock,0.3973934910561678,0.0286299167156934,13.88035791380202,0.3220022204922069,-0.7967723130557184,False,True,False,summable
tfarch,0.0,1.0,0.5,1.0343171894010942e-08,0.2637210584152764,999,1.032513478799752e-05,1.590163893555187e-09,True,False,WST,US Stock,0.2629317521412018,0.0286299167156934,9.183811282171018,0.2158015339313438,-0.4102043550465916,True,False,True,indeterminate
tfarch,82.91898316138213,0.001,4.274313163316661e-20,0.0246284741802963,0.3448792001993023,999,0.6061008982676155,1.3258944176292722,False,True,XEL,US Stock,0.4503401621293466,0.0286299167156934,15.729705629303972,0.4187392189278239,0.0245563519758411,True,True,False,indeterminate
tfarch,59.22636669161875,0.001,7.026904612023537e-15,0.0445665469458361,0.5814219657705162,999,0.603069465847859,1.403497089726515,False,True,XOM,US Stock,0.4193447331049408,0.0286299167156934,14.647081836430148,0.377970485773124,-0.1017949316473975,True,True,False,indeterminate
tfarch,0.001210684175021,0.571,0.4861216487953471,0.0001221226942521,-0.1410096893911573,999,0.7576842341245342,2.055640621759541,False,False,XPO,US Stock,0.3038655165597881,0.0300964632714423,10.096386203893854,0.2449252241738178,-0.3941592996846018,True,False,False,long-memory
tfarch,3.4870499866892715,0.05,0.0309253554116628,0.0067017051467983,0.1428072639468809,999,0.6882627601892721,2.4252325736486706,False,False,XYL,US Stock,0.3612352362311772,0.0346687622640768,10.419617333886851,0.3460976134414635,-0.056021520964761,True,False,False,long-memory
tfarch,98.83243301682523,0.001,1.3739847081108512e-23,0.0522921934398943,0.7453652199414728,999,0.6641436651784111,1.7357917941528187,False,True,YUM,US Stock,0.4627767037742232,0.0286299167156934,16.16409535416334,0.4144070860513535,-0.2766339207123629,True,True,False,indeterminate
tfarch,8.652893764068722,0.005,0.0016327116427932,0.0079560771461197,0.2409700957860134,999,0.6392619427805256,1.749962988527615,False,True,ZBH,US Stock,0.3989552232429578,0.0292103118918493,13.65802682012034,0.3820796804360129,-0.0219294998454871,True,True,False,indeterminate
tfarch,17.417900014723273,0.001,1.499937880502377e-05,0.0132271793098923,0.4487464305164869,999,0.6574640151862419,1.638879925018156,False,True,ZBRA,US Stock,0.3159091190116951,0.0286299167156934,11.03423115578015,0.2814320440232642,-0.7296566634839157,False,True,False,summable
tfarch,18.33972315484789,0.001,9.240659629315331e-06,0.009526159209026,0.1859320196960413,999,0.5440655777557377,1.2956717271951963,False,True,ZION,US Stock,0.4792370592438197,0.0286299167156934,16.73903085373375,0.4594111723624999,-1.0603472199671191,False,True,False,summable
tfarch,0.0,1.0,0.5,8.332272318297004e-09,-0.1621150620902092,999,1.6882914779772464e-06,1.711590619699793e-11,True,False,ZTS,US Stock,0.2843842230249857,0.0357142857142857,7.962758244699601,0.2422471652393413,-0.0382036062018315,True,False,True,indeterminate
tfarch,0.0,1.0,0.5,1.7977254371572682e-08,-0.1478783621274866,999,3.837839097025346e-06,3.099897929956571e-11,True,False,^VIX,Volatility,0.2104615745379537,0.0286299167156934,7.351106768067886,0.1754063169633856,-0.0214097897823684,True,False,True,indeterminate
tfarch,0.0,1.0,0.5,9.494453218165309e-08,-0.0105976941942316,999,4.972311848809745e-05,2.3038978946460906e-08,True,False,^VXN,Volatility,0.2505390301698073,0.0290129426592829,8.635422925280038,0.2029509486709617,-0.109185370956561,True,False,True,indeterminate
