Ticker,Class,T,R,h,n_eval,Best,GARCH_QLIKE,SEARCH_QLIKE,GMARCH_QLIKE,FIGARCH_QLIKE,HYGARCH_QLIKE,DM_SEARCH_stat,DM_SEARCH_pval,DM_GMARCH_stat,DM_GMARCH_pval,DM_FIGARCH_stat,DM_FIGARCH_pval,DM_HYGARCH_stat,DM_HYGARCH_pval,DM_SvF_stat,DM_SvF_pval
SPY,US Index,6599,4619,1,1980,FIGARCH,1.523339,1.503980,1.521916,1.494171,1.494181,0.809890,0.418004,1.052985,0.292348,1.351097,0.176664,1.349100,0.177305,-1.679621,0.093031
SPY,US Index,6599,4619,5,1976,FIGARCH,1.626153,1.610061,1.624606,1.590961,1.590982,0.525758,0.599056,0.895059,0.370755,1.225494,0.220389,1.223642,0.221087,-2.350889,0.018729
SPY,US Index,6599,4619,10,1971,GMARCH,1.762294,1.781136,1.761781,1.764214,1.764195,-0.606337,0.544291,0.382791,0.701874,-0.072552,0.942163,-0.071837,0.942732,-1.175245,0.239897
SPY,US Index,6599,4619,22,1959,GARCH,2.075102,2.195811,2.078679,2.150143,2.150006,-1.449740,0.147131,-1.430059,0.152700,-1.334898,0.181910,-1.335796,0.181616,-1.524552,0.127371
SPY,US Index,6599,4619,44,1937,GARCH,2.281564,2.503331,2.290309,2.399201,2.398905,-1.674951,0.093944,-1.538901,0.123829,-1.992831,0.046280,-1.994589,0.046088,-1.366126,0.171899
SPY,US Index,6599,4619,66,1915,GARCH,2.239204,2.453138,2.247068,2.377672,2.377303,-1.970568,0.048773,-1.756789,0.078954,-2.273624,0.022989,-2.276555,0.022813,-1.477410,0.139566
SPY,US Index,6599,4619,88,1893,GARCH,2.232135,2.428215,2.238841,2.381318,2.380852,-2.369767,0.017799,-1.884842,0.059451,-2.756210,0.005848,-2.762017,0.005745,-1.524220,0.127454
SPY,US Index,6599,4619,110,1871,GARCH,2.178747,2.325603,2.183095,2.316031,2.315487,-2.844746,0.004445,-2.181824,0.029123,-3.104607,0.001905,-3.113765,0.001847,-0.866568,0.386179
SPY,US Index,6599,4619,132,1849,GARCH,2.173893,2.288878,2.176766,2.302730,2.302109,-2.854410,0.004312,-1.928920,0.053741,-3.196968,0.001389,-3.207661,0.001338,1.594707,0.110778
SPY,US Index,6599,4619,154,1827,GARCH,2.170496,2.317874,2.173527,2.321995,2.321367,-2.444971,0.014486,-1.837302,0.066165,-2.957424,0.003102,-2.964753,0.003029,0.353476,0.723732
SPY,US Index,6599,4619,176,1805,GARCH,2.175894,2.384122,2.180417,2.374615,2.373999,-2.364968,0.018032,-1.934921,0.053000,-2.765964,0.005675,-2.771488,0.005580,-0.543103,0.587059
QQQ,US Index,6599,4619,1,1980,HYGARCH,1.499290,1.492939,1.500483,1.482656,1.482643,0.438889,0.660742,-0.101767,0.918942,1.348059,0.177639,1.328531,0.184003,-2.430161,0.015092
QQQ,US Index,6599,4619,5,1976,HYGARCH,1.568037,1.564707,1.574136,1.544597,1.544569,0.147752,0.882539,-0.357554,0.720677,1.180515,0.237795,1.164427,0.244251,-3.113253,0.001850
QQQ,US Index,6599,4619,10,1971,FIGARCH,1.668280,1.692687,1.695410,1.666547,1.667149,-0.923953,0.355511,-1.291222,0.196627,0.087408,0.930347,0.055912,0.955412,-2.205020,0.027453
QQQ,US Index,6599,4619,22,1959,GARCH,1.907344,2.000804,1.998727,1.942287,1.943429,-1.463682,0.143281,-1.592455,0.111282,-1.069052,0.285046,-1.086851,0.277102,-1.721717,0.085121
QQQ,US Index,6599,4619,44,1937,GARCH,2.032319,2.172110,2.176587,2.085159,2.086221,-1.726962,0.084174,-1.713559,0.086610,-1.627225,0.103689,-1.643609,0.100257,-1.666021,0.095709
QQQ,US Index,6599,4619,66,1915,GARCH,2.004776,2.139520,2.132275,2.071368,2.072671,-2.010746,0.044352,-1.953968,0.050705,-1.856385,0.063399,-1.873039,0.061063,-1.973174,0.048476
QQQ,US Index,6599,4619,88,1893,GARCH,1.983175,2.112343,2.091997,2.064994,2.066344,-2.624265,0.008684,-2.369529,0.017811,-2.683823,0.007279,-2.707183,0.006786,-2.265495,0.023482
QQQ,US Index,6599,4619,110,1871,GARCH,1.945589,2.055798,2.025392,2.030354,2.031618,-3.170985,0.001519,-2.813822,0.004896,-3.122422,0.001794,-3.151716,0.001623,-2.590625,0.009580
QQQ,US Index,6599,4619,132,1849,GARCH,1.929375,2.025961,1.989872,2.014066,2.015329,-3.408644,0.000653,-2.921875,0.003479,-3.442711,0.000576,-3.472944,0.000515,-1.596240,0.110435
QQQ,US Index,6599,4619,154,1827,GARCH,1.929849,2.053347,2.007084,2.032940,2.034562,-3.287975,0.001009,-2.783345,0.005380,-3.626301,0.000288,-3.660122,0.000252,-1.873978,0.060933
QQQ,US Index,6599,4619,176,1805,GARCH,1.934230,2.088542,2.033974,2.057425,2.059385,-3.207785,0.001338,-2.710026,0.006728,-3.560150,0.000371,-3.594948,0.000324,-2.144121,0.032023
IWM,US Index,6498,4548,1,1950,FIGARCH,1.394536,1.389599,1.393345,1.386595,1.386637,0.775495,0.438047,0.212309,0.831866,1.367799,0.171375,1.364626,0.172371,-0.820592,0.411879
IWM,US Index,6498,4548,5,1946,HYGARCH,1.437157,1.436423,1.440733,1.424386,1.424352,0.060394,0.951842,-0.316983,0.751257,1.599873,0.109627,1.614707,0.106374,-1.703537,0.088468
IWM,US Index,6498,4548,10,1941,HYGARCH,1.532030,1.547636,1.550055,1.524264,1.524167,-0.686022,0.492699,-0.906850,0.364486,0.585237,0.558388,0.596945,0.550544,-1.777613,0.075467
IWM,US Index,6498,4548,22,1929,GARCH,1.753151,1.832022,1.824925,1.774929,1.774534,-1.300919,0.193286,-1.398572,0.161941,-0.751602,0.452290,-0.744570,0.456532,-1.712758,0.086757
IWM,US Index,6498,4548,44,1907,GARCH,1.871814,1.999767,1.993723,1.906711,1.906041,-1.576280,0.114961,-1.609082,0.107598,-1.179930,0.238028,-1.172310,0.241073,-1.729183,0.083776
IWM,US Index,6498,4548,66,1885,GARCH,1.837964,1.967130,1.949043,1.894157,1.893527,-2.024185,0.042951,-2.005456,0.044914,-1.846026,0.064888,-1.842750,0.065366,-2.087438,0.036849
IWM,US Index,6498,4548,88,1863,GARCH,1.845192,1.960253,1.937150,1.903939,1.903373,-2.459033,0.013931,-2.451688,0.014219,-2.164924,0.030393,-2.160465,0.030737,-2.703448,0.006862
IWM,US Index,6498,4548,110,1841,GARCH,1.828542,1.906360,1.883365,1.875685,1.875311,-2.865308,0.004166,-3.011482,0.002600,-2.238354,0.025198,-2.231533,0.025646,-3.693192,0.000221
IWM,US Index,6498,4548,132,1819,GARCH,1.812378,1.861385,1.840732,1.845979,1.845767,-2.561760,0.010414,-2.571640,0.010122,-1.917142,0.055220,-1.911190,0.055980,-2.981342,0.002870
IWM,US Index,6498,4548,154,1797,GARCH,1.817479,1.876352,1.850991,1.858052,1.857784,-2.042195,0.041132,-1.969678,0.048875,-1.798857,0.072041,-1.795635,0.072553,-2.464028,0.013739
IWM,US Index,6498,4548,176,1775,GARCH,1.822738,1.901614,1.869361,1.878893,1.878522,-2.104683,0.035319,-1.994991,0.046044,-1.990665,0.046518,-1.988199,0.046790,-2.308912,0.020948
DIA,US Index,6599,4619,1,1980,SEARCH,1.545042,1.524943,1.547594,1.525060,1.525029,1.106088,0.268688,-1.437106,0.150688,1.280046,0.200529,1.279573,0.200696,0.020650,0.983525
DIA,US Index,6599,4619,5,1976,HYGARCH,1.646859,1.621344,1.650285,1.613458,1.613449,0.869856,0.384379,-1.114254,0.265170,1.255001,0.209478,1.253319,0.210089,-0.971713,0.331194
DIA,US Index,6599,4619,10,1971,FIGARCH,1.767282,1.767396,1.769036,1.762124,1.762275,-0.004644,0.996295,-0.873962,0.382139,0.231368,0.817029,0.223581,0.823084,-0.404552,0.685807
DIA,US Index,6599,4619,22,1959,GMARCH,2.113959,2.194217,2.110873,2.176264,2.176971,-1.259531,0.207839,1.120031,0.262700,-1.181321,0.237475,-1.182573,0.236978,-1.124648,0.260738
DIA,US Index,6599,4619,44,1937,GMARCH,2.362782,2.543128,2.351845,2.460397,2.461157,-1.546333,0.122024,1.430691,0.152519,-1.899922,0.057443,-1.896561,0.057886,-1.214501,0.224556
DIA,US Index,6599,4619,66,1915,GMARCH,2.316505,2.484910,2.306563,2.431500,2.432496,-1.778976,0.075244,1.670113,0.094897,-2.094981,0.036173,-2.089515,0.036661,-1.238465,0.215544
DIA,US Index,6599,4619,88,1893,GMARCH,2.316876,2.463389,2.308450,2.438304,2.439406,-2.024914,0.042876,1.710477,0.087178,-2.530024,0.011405,-2.519620,0.011748,-0.902406,0.366841
DIA,US Index,6599,4619,110,1871,GMARCH,2.265877,2.356821,2.260863,2.372270,2.373490,-2.462912,0.013781,2.028882,0.042470,-2.764465,0.005702,-2.747229,0.006010,1.608693,0.107683
DIA,US Index,6599,4619,132,1849,GMARCH,2.262018,2.321261,2.259222,2.359148,2.360435,-2.279810,0.022619,1.643624,0.100254,-2.819652,0.004808,-2.800359,0.005105,2.766870,0.005660
DIA,US Index,6599,4619,154,1827,GMARCH,2.252135,2.330668,2.249578,2.365394,2.366839,-1.859207,0.062998,1.314232,0.188768,-2.533434,0.011295,-2.520014,0.011735,4.247933,0.000022
DIA,US Index,6599,4619,176,1805,GMARCH,2.273250,2.403424,2.268273,2.434692,2.436201,-1.831659,0.067002,1.548162,0.121583,-2.303918,0.021227,-2.295794,0.021688,4.438482,0.000009
MDY,US Index,6599,4619,1,1980,HYGARCH,1.415517,1.411160,1.414787,1.405968,1.405946,0.508641,0.611004,0.099328,0.920878,1.216591,0.223760,1.227218,0.219741,-1.323166,0.185780
MDY,US Index,6599,4619,5,1976,HYGARCH,1.489291,1.489193,1.494521,1.474539,1.474487,0.005921,0.995276,-0.346723,0.728799,1.213882,0.224793,1.225840,0.220259,-1.845636,0.064945
MDY,US Index,6599,4619,10,1971,GARCH,1.608965,1.638140,1.637105,1.614144,1.613829,-0.931658,0.351513,-1.039172,0.298725,-0.276032,0.782524,-0.262113,0.793234,-1.455694,0.145477
MDY,US Index,6599,4619,22,1959,GARCH,1.963695,2.091295,2.081203,2.023144,2.022342,-1.372959,0.169765,-1.413620,0.157473,-1.201974,0.229374,-1.196762,0.231399,-1.519721,0.128581
MDY,US Index,6599,4619,44,1937,GARCH,2.171263,2.378975,2.394077,2.244224,2.243548,-1.585212,0.112918,-1.541348,0.123232,-1.664978,0.095917,-1.659790,0.096957,-1.501626,0.133194
MDY,US Index,6599,4619,66,1915,GARCH,2.140201,2.341992,2.332637,2.244090,2.243121,-2.013577,0.044054,-1.923380,0.054432,-2.141942,0.032198,-2.137335,0.032571,-1.830651,0.067153
MDY,US Index,6599,4619,88,1893,GARCH,2.150613,2.341569,2.320920,2.262791,2.261808,-2.543264,0.010982,-2.422050,0.015433,-2.598860,0.009353,-2.593959,0.009488,-2.400287,0.016382
MDY,US Index,6599,4619,110,1871,GARCH,2.116130,2.247470,2.217321,2.211180,2.210306,-3.243714,0.001180,-3.298099,0.000973,-2.934871,0.003337,-2.928691,0.003404,-3.244695,0.001176
MDY,US Index,6599,4619,132,1849,GARCH,2.108937,2.205491,2.170566,2.191065,2.190258,-3.176285,0.001492,-3.070280,0.002139,-2.843683,0.004460,-2.837172,0.004552,-1.742428,0.081434
MDY,US Index,6599,4619,154,1827,GARCH,2.118292,2.241263,2.196743,2.216560,2.215556,-2.350095,0.018769,-2.273156,0.023017,-2.391054,0.016800,-2.387393,0.016968,-2.033498,0.042002
MDY,US Index,6599,4619,176,1805,GARCH,2.133134,2.313553,2.254968,2.272668,2.271378,-2.132893,0.032933,-2.022940,0.043079,-2.201096,0.027729,-2.198151,0.027938,-1.901510,0.057235
XLK,Sector ETF,6599,4619,1,1980,HYGARCH,1.480698,1.465717,1.474995,1.457690,1.457602,0.967382,0.333353,0.476452,0.633752,1.687842,0.091442,1.683269,0.092323,-1.962263,0.049732
XLK,Sector ETF,6599,4619,5,1976,HYGARCH,1.557908,1.544147,1.555723,1.525496,1.525374,0.557676,0.577066,0.122073,0.902841,1.441731,0.149378,1.438378,0.150327,-3.088784,0.002010
XLK,Sector ETF,6599,4619,10,1971,FIGARCH,1.667212,1.674146,1.679642,1.649169,1.649209,-0.229230,0.818690,-0.579268,0.562409,0.730146,0.465301,0.722422,0.470035,-2.341835,0.019189
XLK,Sector ETF,6599,4619,22,1959,GARCH,1.915198,2.000451,1.989433,1.952891,1.952862,-1.296433,0.194826,-1.551371,0.120813,-0.837791,0.402148,-0.835231,0.403588,-2.020314,0.043351
XLK,Sector ETF,6599,4619,44,1937,GARCH,2.193665,2.304470,2.330796,2.213013,2.211550,-1.618616,0.105530,-1.620814,0.105058,-0.803624,0.421614,-0.753078,0.451403,-1.662879,0.096337
XLK,Sector ETF,6599,4619,66,1915,GARCH,2.213611,2.305460,2.330655,2.224219,2.222704,-1.707613,0.087708,-1.902763,0.057072,-0.380826,0.703332,-0.329445,0.741819,-2.316315,0.020541
XLK,Sector ETF,6599,4619,88,1893,GARCH,2.182499,2.263399,2.266223,2.208899,2.207500,-2.212965,0.026900,-2.340882,0.019238,-1.046986,0.295106,-0.996598,0.318960,-2.706428,0.006801
XLK,Sector ETF,6599,4619,110,1871,GARCH,2.125207,2.194962,2.171673,2.166851,2.165771,-2.469880,0.013516,-2.388049,0.016938,-1.693616,0.090338,-1.653129,0.098305,-3.203705,0.001357
XLK,Sector ETF,6599,4619,132,1849,GARCH,2.100820,2.165993,2.125360,2.151035,2.150145,-2.338551,0.019359,-1.155372,0.247938,-2.095342,0.036141,-2.059645,0.039432,-1.823824,0.068179
XLK,Sector ETF,6599,4619,154,1827,GARCH,2.108307,2.218285,2.161953,2.189206,2.188295,-3.006305,0.002644,-2.045833,0.040773,-3.098858,0.001943,-3.080789,0.002065,-2.267413,0.023365
XLK,Sector ETF,6599,4619,176,1805,GARCH,2.130509,2.296232,2.228435,2.249135,2.247916,-3.207835,0.001337,-2.534061,0.011275,-3.545543,0.000392,-3.552655,0.000381,-2.387221,0.016976
XLF,Sector ETF,6599,4619,1,1980,FIGARCH,1.408615,1.398325,1.404804,1.392722,1.393055,1.646424,0.099677,0.850305,0.395156,2.820909,0.004789,2.755516,0.005860,-1.553012,0.120420
XLF,Sector ETF,6599,4619,5,1976,FIGARCH,1.486628,1.488935,1.490233,1.478186,1.478601,-0.206171,0.836657,-0.440422,0.659632,1.087438,0.276843,1.026884,0.304475,-1.531536,0.125637
XLF,Sector ETF,6599,4619,10,1971,GARCH,1.623217,1.647677,1.638809,1.631424,1.632172,-0.916587,0.359359,-0.892553,0.372097,-0.525313,0.599365,-0.567451,0.570408,-1.013298,0.310918
XLF,Sector ETF,6599,4619,22,1959,GARCH,1.917525,2.022976,1.987115,1.971042,1.973430,-1.222012,0.221703,-1.278619,0.201031,-1.053289,0.292208,-1.065503,0.286648,-1.406591,0.159549
XLF,Sector ETF,6599,4619,44,1937,GARCH,2.051541,2.216201,2.179002,2.121005,2.125988,-1.423377,0.154627,-1.396761,0.162485,-1.409994,0.158541,-1.423195,0.154679,-1.384515,0.166201
XLF,Sector ETF,6599,4619,66,1915,GARCH,2.006478,2.167215,2.118830,2.095190,2.099571,-1.536482,0.124420,-1.491859,0.135736,-1.475864,0.139980,-1.489890,0.136253,-1.552531,0.120535
XLF,Sector ETF,6599,4619,88,1893,GARCH,1.997742,2.144053,2.082173,2.102801,2.106997,-1.788015,0.073774,-1.671967,0.094531,-1.741155,0.081656,-1.757099,0.078901,-1.779325,0.075187
XLF,Sector ETF,6599,4619,110,1871,GARCH,1.928118,2.035219,1.971515,2.031505,2.034083,-1.667712,0.095373,-1.546888,0.121890,-1.585134,0.112936,-1.605945,0.108286,-0.359759,0.719027
XLF,Sector ETF,6599,4619,132,1849,GARCH,1.910334,1.994815,1.929276,2.012324,2.014181,-1.476839,0.139719,-1.016886,0.309207,-1.511743,0.130599,-1.528929,0.126282,1.197484,0.231118
XLF,Sector ETF,6599,4619,154,1827,GARCH,1.892271,2.003275,1.923921,2.009760,2.011721,-1.364671,0.172357,-1.037128,0.299676,-1.492459,0.135579,-1.502833,0.132882,0.779855,0.435476
XLF,Sector ETF,6599,4619,176,1805,GARCH,1.928252,2.085794,1.987121,2.073879,2.077429,-1.457563,0.144961,-1.283341,0.199373,-1.534558,0.124892,-1.543619,0.122681,-0.854122,0.393037
XLE,Sector ETF,6599,4619,1,1980,FIGARCH,1.501944,1.500107,1.500201,1.497299,1.497320,0.485904,0.627035,0.435820,0.662967,1.718233,0.085754,1.698503,0.089413,-1.072609,0.283446
XLE,Sector ETF,6599,4619,5,1976,FIGARCH,1.564375,1.566052,1.566290,1.562340,1.562405,-0.272452,0.785274,-0.274141,0.783976,0.610837,0.541307,0.586242,0.557713,-0.815093,0.415019
XLE,Sector ETF,6599,4619,10,1971,GARCH,1.643985,1.654707,1.654627,1.645709,1.645822,-0.912400,0.361558,-0.884159,0.376610,-0.264402,0.791470,-0.279021,0.780229,-1.262156,0.206893
XLE,Sector ETF,6599,4619,22,1959,GARCH,1.880120,1.921707,1.917074,1.895867,1.896218,-1.178742,0.238501,-1.276465,0.201791,-0.722224,0.470157,-0.729766,0.465534,-1.758475,0.078667
XLE,Sector ETF,6599,4619,44,1937,GARCH,2.228775,2.260672,2.272947,2.229054,2.229943,-1.290273,0.196956,-1.552574,0.120525,-0.016418,0.986901,-0.067575,0.946124,-2.255206,0.024120
XLE,Sector ETF,6599,4619,66,1915,GARCH,2.196121,2.235035,2.238935,2.209799,2.210766,-1.207514,0.227234,-1.513597,0.130128,-0.482719,0.629296,-0.509048,0.610719,-3.180979,0.001468
XLE,Sector ETF,6599,4619,88,1893,GARCH,2.182369,2.233434,2.228566,2.217558,2.218637,-1.657970,0.097324,-1.847730,0.064641,-1.192058,0.233239,-1.208576,0.226826,-3.661995,0.000250
XLE,Sector ETF,6599,4619,110,1871,GARCH,2.153709,2.198370,2.190235,2.192190,2.193229,-1.503912,0.132604,-1.663171,0.096278,-1.189809,0.234121,-1.206209,0.227737,-1.107436,0.268105
XLE,Sector ETF,6599,4619,132,1849,GARCH,2.136829,2.181507,2.168269,2.181309,2.182327,-1.453822,0.145996,-1.435177,0.151237,-1.338578,0.180708,-1.351308,0.176597,-0.039008,0.968884
XLE,Sector ETF,6599,4619,154,1827,GARCH,2.134146,2.202148,2.184672,2.196808,2.198021,-1.729086,0.083794,-1.689716,0.091082,-1.687089,0.091586,-1.693658,0.090330,-1.213074,0.225101
XLE,Sector ETF,6599,4619,176,1805,GARCH,2.179069,2.261576,2.241256,2.252698,2.254108,-1.933373,0.053190,-1.915164,0.055472,-1.879819,0.060133,-1.884889,0.059445,-1.918054,0.055104
XLV,Sector ETF,6599,4619,1,1980,HYGARCH,1.459095,1.455199,1.457778,1.452109,1.452107,0.458863,0.646333,0.341478,0.732744,0.976716,0.328710,0.986493,0.323891,-0.859154,0.390256
XLV,Sector ETF,6599,4619,5,1976,HYGARCH,1.506571,1.505755,1.506212,1.499700,1.499651,0.067015,0.946569,0.064073,0.948912,0.653950,0.513144,0.665269,0.505878,-1.235945,0.216479
XLV,Sector ETF,6599,4619,10,1971,GARCH,1.593134,1.601870,1.595161,1.595563,1.595327,-0.530671,0.595647,-0.286449,0.774534,-0.176249,0.860098,-0.161437,0.871749,-0.973634,0.330238
XLV,Sector ETF,6599,4619,22,1959,GARCH,1.782576,1.823628,1.795785,1.816099,1.815403,-1.345979,0.178309,-1.267680,0.204912,-1.245112,0.213091,-1.240212,0.214897,-0.996585,0.318966
XLV,Sector ETF,6599,4619,44,1937,GARCH,1.910703,1.986360,1.942359,1.956418,1.955659,-1.610044,0.107388,-1.568304,0.116810,-1.722678,0.084947,-1.719488,0.085526,-1.322523,0.185994
XLV,Sector ETF,6599,4619,66,1915,GARCH,1.882167,1.947655,1.908604,1.932100,1.931255,-1.670024,0.094915,-1.628617,0.103394,-1.847815,0.064629,-1.844967,0.065042,-1.079787,0.280237
XLV,Sector ETF,6599,4619,88,1893,GARCH,1.866616,1.916078,1.885187,1.917347,1.916484,-1.809998,0.070296,-1.678757,0.093199,-2.140829,0.032288,-2.138722,0.032458,0.189247,0.849899
XLV,Sector ETF,6599,4619,110,1871,GARCH,1.851470,1.883215,1.862783,1.894917,1.894116,-1.932654,0.053279,-1.754774,0.079298,-2.286371,0.022233,-2.283576,0.022396,2.422311,0.015422
XLV,Sector ETF,6599,4619,132,1849,GARCH,1.853661,1.878833,1.861943,1.894860,1.894062,-1.690077,0.091013,-1.424080,0.154423,-2.296189,0.021665,-2.292685,0.021866,3.568897,0.000358
XLV,Sector ETF,6599,4619,154,1827,GARCH,1.852889,1.879835,1.860654,1.897334,1.896451,-1.489922,0.136245,-1.178946,0.238420,-2.150678,0.031502,-2.147064,0.031788,4.321828,0.000015
XLV,Sector ETF,6599,4619,176,1805,GARCH,1.853164,1.893550,1.864967,1.913433,1.912414,-1.850838,0.064193,-1.562274,0.118223,-2.463869,0.013745,-2.465832,0.013670,4.973140,0.000001
XLP,Sector ETF,6599,4619,1,1980,HYGARCH,1.457464,1.454076,1.456136,1.452630,1.452468,0.480748,0.630695,0.204751,0.837767,0.817811,0.413465,0.845477,0.397845,-0.489843,0.624245
XLP,Sector ETF,6599,4619,5,1976,HYGARCH,1.535776,1.538699,1.541738,1.531638,1.531454,-0.235983,0.813446,-0.479230,0.631775,0.429171,0.667799,0.450698,0.652207,-1.215885,0.224029
XLP,Sector ETF,6599,4619,10,1971,GARCH,1.621315,1.642974,1.646630,1.627364,1.627143,-1.115936,0.264450,-1.236197,0.216385,-0.551388,0.581367,-0.536223,0.591804,-1.458448,0.144717
XLP,Sector ETF,6599,4619,22,1959,GARCH,2.069245,2.140400,2.148619,2.098827,2.098458,-1.227248,0.219729,-1.268239,0.204713,-1.143885,0.252671,-1.137549,0.255309,-1.256494,0.208937
XLP,Sector ETF,6599,4619,44,1937,GARCH,2.063252,2.169159,2.178648,2.118415,2.117975,-1.561701,0.118358,-1.551681,0.120738,-1.709298,0.087396,-1.709443,0.087369,-1.378258,0.168124
XLP,Sector ETF,6599,4619,66,1915,GARCH,2.049348,2.146746,2.154638,2.108098,2.107688,-1.776069,0.075722,-1.723677,0.084766,-2.014541,0.043953,-2.020090,0.043374,-1.430494,0.152575
XLP,Sector ETF,6599,4619,88,1893,GARCH,2.010556,2.074849,2.073881,2.069598,2.069175,-2.341965,0.019183,-2.171714,0.029877,-2.589762,0.009604,-2.601810,0.009273,-0.701323,0.483101
XLP,Sector ETF,6599,4619,110,1871,GARCH,1.978116,2.012272,2.008762,2.027460,2.026924,-3.281656,0.001032,-3.123012,0.001790,-3.013926,0.002579,-3.039032,0.002373,1.674147,0.094102
XLP,Sector ETF,6599,4619,132,1849,GARCH,1.984835,2.011893,2.005856,2.034048,2.033447,-2.533426,0.011295,-2.262271,0.023681,-2.911108,0.003601,-2.930157,0.003388,2.218331,0.026532
XLP,Sector ETF,6599,4619,154,1827,GARCH,1.976380,2.005101,1.997749,2.027473,2.026819,-2.346610,0.018945,-2.072150,0.038251,-2.947642,0.003202,-2.968332,0.002994,2.730255,0.006329
XLP,Sector ETF,6599,4619,176,1805,GARCH,1.997250,2.064148,2.051679,2.081805,2.081078,-2.191216,0.028436,-2.076596,0.037839,-2.457649,0.013985,-2.468413,0.013571,4.035168,0.000055
XLU,Sector ETF,6599,4619,1,1980,SEARCH,1.480749,1.476580,1.478867,1.478186,1.478186,1.035187,0.300582,0.711846,0.476560,0.619695,0.535458,0.619677,0.535470,0.697512,0.485482
XLU,Sector ETF,6599,4619,5,1976,GARCH,1.541113,1.544119,1.543209,1.547963,1.547963,-0.306404,0.759297,-0.309535,0.756914,-0.485363,0.627419,-0.485374,0.627411,0.743896,0.456939
XLU,Sector ETF,6599,4619,10,1971,GARCH,1.632030,1.653775,1.646177,1.661067,1.661067,-0.967097,0.333495,-1.002387,0.316157,-1.034272,0.301009,-1.034281,0.301005,1.140036,0.254271
XLU,Sector ETF,6599,4619,22,1959,GARCH,2.158116,2.247772,2.232379,2.269359,2.269361,-1.376310,0.168726,-1.349478,0.177184,-1.364806,0.172314,-1.364805,0.172314,1.238250,0.215623
XLU,Sector ETF,6599,4619,44,1937,GARCH,2.215699,2.346256,2.314415,2.361670,2.361673,-1.578990,0.114338,-1.556356,0.119623,-1.570814,0.116226,-1.570815,0.116226,1.444318,0.148650
XLU,Sector ETF,6599,4619,66,1915,GARCH,2.154605,2.292224,2.243702,2.290235,2.290237,-1.724029,0.084703,-1.683780,0.092224,-1.691292,0.090781,-1.691293,0.090781,-0.708071,0.478901
XLU,Sector ETF,6599,4619,88,1893,GARCH,2.089100,2.228062,2.160588,2.210977,2.210978,-1.894890,0.058107,-1.990859,0.046496,-1.920992,0.054733,-1.920999,0.054732,-1.676481,0.093644
XLU,Sector ETF,6599,4619,110,1871,GARCH,2.098721,2.245262,2.173162,2.229455,2.229456,-1.891989,0.058493,-1.924376,0.054307,-1.888157,0.059005,-1.888161,0.059004,-1.892372,0.058441
XLU,Sector ETF,6599,4619,132,1849,GARCH,2.094450,2.232836,2.158460,2.215240,2.215241,-1.931195,0.053459,-1.950335,0.051136,-1.933908,0.053124,-1.933914,0.053124,-1.895920,0.057971
XLU,Sector ETF,6599,4619,154,1827,GARCH,2.079440,2.209180,2.135907,2.190424,2.190424,-1.979975,0.047706,-2.016740,0.043723,-1.986678,0.046958,-1.986685,0.046957,-1.933574,0.053166
XLU,Sector ETF,6599,4619,176,1805,GARCH,2.077098,2.199113,2.125869,2.179653,2.179653,-1.968144,0.049051,-1.970152,0.048821,-1.970962,0.048728,-1.970970,0.048727,-1.945706,0.051690
XLI,Sector ETF,6599,4619,1,1980,HYGARCH,1.400376,1.393945,1.394018,1.391653,1.391626,0.909848,0.362903,0.913173,0.361151,1.585961,0.112748,1.578592,0.114430,-0.651360,0.514814
XLI,Sector ETF,6599,4619,5,1976,HYGARCH,1.467823,1.468782,1.471067,1.460595,1.460558,-0.078406,0.937505,-0.263691,0.792018,0.905423,0.365241,0.907441,0.364174,-1.348900,0.177369
XLI,Sector ETF,6599,4619,10,1971,GARCH,1.562218,1.585309,1.584897,1.567945,1.568035,-1.127020,0.259734,-1.146534,0.251574,-0.489596,0.624420,-0.494036,0.621281,-1.579094,0.114314
XLI,Sector ETF,6599,4619,22,1959,GARCH,1.860071,1.930404,1.926824,1.888161,1.888435,-1.375107,0.169098,-1.396798,0.162474,-1.112578,0.265890,-1.114379,0.265117,-1.567957,0.116891
XLI,Sector ETF,6599,4619,44,1937,GARCH,2.102393,2.191787,2.204887,2.118443,2.118122,-1.722894,0.084908,-1.640590,0.100883,-1.011815,0.311626,-0.986981,0.323652,-1.558559,0.119101
XLI,Sector ETF,6599,4619,66,1915,GARCH,2.040614,2.144942,2.141515,2.088886,2.089101,-2.251057,0.024382,-2.155106,0.031154,-2.229564,0.025776,-2.231376,0.025656,-1.982701,0.047401
XLI,Sector ETF,6599,4619,88,1893,GARCH,2.042947,2.148876,2.135527,2.105748,2.106131,-2.940167,0.003280,-2.813230,0.004905,-3.178697,0.001479,-3.179321,0.001476,-2.287669,0.022157
XLI,Sector ETF,6599,4619,110,1871,GARCH,1.979459,2.061621,2.039397,2.044423,2.045064,-3.072101,0.002126,-2.985155,0.002834,-2.916677,0.003538,-2.914897,0.003558,-1.977745,0.047957
XLI,Sector ETF,6599,4619,132,1849,GARCH,1.957076,2.027495,1.999807,2.023304,2.024089,-3.122931,0.001791,-2.841052,0.004496,-3.175642,0.001495,-3.171188,0.001518,-0.660165,0.509148
XLI,Sector ETF,6599,4619,154,1827,GARCH,1.948998,2.039700,2.008406,2.027342,2.028200,-2.639363,0.008306,-2.424881,0.015313,-3.017643,0.002547,-3.016234,0.002559,-1.254558,0.209639
XLI,Sector ETF,6599,4619,176,1805,GARCH,1.979258,2.109678,2.073534,2.080919,2.081875,-2.303103,0.021273,-2.118511,0.034132,-2.679806,0.007366,-2.680933,0.007342,-1.479538,0.138997
XLY,Sector ETF,6599,4619,1,1980,HYGARCH,1.411786,1.405100,1.407652,1.400219,1.400039,0.657175,0.511068,0.509651,0.610296,1.261994,0.206951,1.286235,0.198361,-1.158434,0.246687
XLY,Sector ETF,6599,4619,5,1976,HYGARCH,1.462390,1.463593,1.466171,1.448371,1.448255,-0.080425,0.935899,-0.309935,0.756610,1.206923,0.227462,1.218497,0.223035,-2.269179,0.023257
XLY,Sector ETF,6599,4619,10,1971,GARCH,1.561799,1.590419,1.587344,1.562511,1.562454,-1.181045,0.237585,-1.290883,0.196744,-0.049426,0.960580,-0.045553,0.963666,-2.140557,0.032310
XLY,Sector ETF,6599,4619,22,1959,GARCH,1.926224,2.022207,2.008844,1.959424,1.959680,-1.327558,0.184324,-1.390455,0.164391,-0.919875,0.357638,-0.921679,0.356696,-1.657923,0.097333
XLY,Sector ETF,6599,4619,44,1937,GARCH,2.050103,2.189248,2.176170,2.105954,2.106589,-1.623474,0.104488,-1.581505,0.113763,-1.439597,0.149981,-1.441585,0.149419,-1.680142,0.092930
XLY,Sector ETF,6599,4619,66,1915,GARCH,1.993987,2.152898,2.116674,2.089440,2.089879,-2.235791,0.025365,-2.042244,0.041127,-2.256802,0.024020,-2.253778,0.024210,-2.015061,0.043898
XLY,Sector ETF,6599,4619,88,1893,GARCH,2.027914,2.190812,2.145873,2.136196,2.136605,-2.890880,0.003842,-2.608422,0.009096,-2.885215,0.003911,-2.880971,0.003965,-2.529167,0.011433
XLY,Sector ETF,6599,4619,110,1871,GARCH,2.003864,2.130930,2.080488,2.105406,2.105604,-3.394811,0.000687,-3.321487,0.000895,-2.980295,0.002880,-2.982447,0.002860,-2.807536,0.004992
XLY,Sector ETF,6599,4619,132,1849,GARCH,1.980774,2.092746,2.034493,2.081483,2.081526,-3.191639,0.001415,-2.967126,0.003006,-2.940237,0.003280,-2.943679,0.003243,-1.295241,0.195237
XLY,Sector ETF,6599,4619,154,1827,GARCH,1.979588,2.112978,2.042896,2.093115,2.093139,-2.575692,0.010004,-2.159565,0.030806,-2.721892,0.006491,-2.722916,0.006471,-1.687797,0.091450
XLY,Sector ETF,6599,4619,176,1805,GARCH,1.998508,2.177325,2.090607,2.141911,2.142094,-2.574486,0.010039,-2.235920,0.025357,-2.710080,0.006727,-2.709999,0.006728,-2.081801,0.037361
XLB,Sector ETF,6599,4619,1,1980,HYGARCH,1.336967,1.324376,1.326743,1.322271,1.322066,1.449407,0.147224,1.368212,0.171246,2.147043,0.031790,2.262344,0.023676,-0.613545,0.539516
XLB,Sector ETF,6599,4619,5,1976,FIGARCH,1.401121,1.399500,1.400520,1.392543,1.392882,0.120399,0.904167,0.055238,0.955949,0.872792,0.382776,0.842017,0.399778,-1.378647,0.168003
XLB,Sector ETF,6599,4619,10,1971,GARCH,1.470460,1.488612,1.482096,1.476508,1.477085,-0.852928,0.393699,-0.756815,0.449161,-0.421028,0.673735,-0.458156,0.646840,-1.438401,0.150320
XLB,Sector ETF,6599,4619,22,1959,GARCH,1.647398,1.719833,1.693184,1.695664,1.696350,-1.390247,0.164454,-1.368064,0.171292,-1.303869,0.192278,-1.325969,0.184850,-1.553913,0.120205
XLB,Sector ETF,6599,4619,44,1937,GARCH,1.784519,1.891561,1.861321,1.847568,1.851405,-1.561788,0.118338,-1.505381,0.132226,-1.559300,0.118925,-1.594455,0.110834,-1.515533,0.129638
XLB,Sector ETF,6599,4619,66,1915,GARCH,1.773660,1.889055,1.850866,1.849032,1.853171,-1.720486,0.085344,-1.616738,0.105935,-1.759610,0.078474,-1.823714,0.068195,-1.590392,0.111747
XLB,Sector ETF,6599,4619,88,1893,GARCH,1.765292,1.883313,1.833143,1.854621,1.857494,-2.024070,0.042963,-1.889014,0.058890,-2.046467,0.040710,-2.115074,0.034424,-1.867038,0.061896
XLB,Sector ETF,6599,4619,110,1871,GARCH,1.731962,1.831495,1.778970,1.818785,1.821283,-2.135629,0.032710,-1.981869,0.047494,-2.106425,0.035167,-2.185756,0.028833,-1.872518,0.061135
XLB,Sector ETF,6599,4619,132,1849,GARCH,1.727814,1.825204,1.768251,1.817538,1.818414,-2.043414,0.041011,-1.801218,0.071668,-2.105748,0.035226,-2.182349,0.029084,-1.306817,0.191275
XLB,Sector ETF,6599,4619,154,1827,GARCH,1.739413,1.856614,1.790310,1.842311,1.842080,-1.951440,0.051005,-1.695706,0.089942,-2.074741,0.038011,-2.158916,0.030857,-1.313938,0.188867
XLB,Sector ETF,6599,4619,176,1805,GARCH,1.749924,1.884031,1.809885,1.864691,1.864094,-2.002514,0.045229,-1.761114,0.078219,-2.112096,0.034678,-2.195044,0.028160,-1.507998,0.131555
EWJ,International,6599,4619,1,1980,HYGARCH,1.483126,1.478184,1.479418,1.478116,1.477882,1.188609,0.234594,1.272547,0.203179,1.288249,0.197659,1.379740,0.167667,-0.051364,0.959035
EWJ,International,6599,4619,5,1976,GARCH,1.523639,1.527304,1.526445,1.524680,1.523770,-0.467944,0.639825,-0.602356,0.546937,-0.167259,0.867167,-0.022523,0.982031,-1.212554,0.225300
EWJ,International,6599,4619,10,1971,GARCH,1.580146,1.589418,1.585956,1.583716,1.582651,-0.768348,0.442280,-0.891890,0.372452,-0.375270,0.707460,-0.279710,0.779700,-1.790457,0.073380
EWJ,International,6599,4619,22,1959,GARCH,1.665798,1.703985,1.683550,1.693073,1.692706,-1.155230,0.247996,-1.196330,0.231568,-0.999915,0.317352,-1.001601,0.316537,-1.784169,0.074396
EWJ,International,6599,4619,44,1937,GARCH,1.722939,1.774106,1.746956,1.763325,1.761033,-1.050653,0.293418,-1.067954,0.285541,-0.961416,0.336343,-0.946315,0.343988,-1.539772,0.123616
EWJ,International,6599,4619,66,1915,GARCH,1.725267,1.766739,1.744402,1.758424,1.756437,-0.906929,0.364444,-0.964014,0.335039,-0.826158,0.408714,-0.799914,0.423761,-1.395464,0.162876
EWJ,International,6599,4619,88,1893,GARCH,1.734145,1.759082,1.746537,1.754620,1.752785,-0.636876,0.524206,-0.794726,0.426773,-0.575049,0.565258,-0.529942,0.596152,-1.079446,0.280389
EWJ,International,6599,4619,110,1871,GARCH,1.720764,1.722522,1.722215,1.723389,1.722581,-0.057077,0.954484,-0.135084,0.892545,-0.089893,0.928372,-0.061621,0.950865,0.315303,0.752531
EWJ,International,6599,4619,132,1849,SEARCH,1.727996,1.714156,1.723387,1.717080,1.716876,0.517429,0.604856,0.560361,0.575233,0.422021,0.673010,0.418555,0.675541,1.303773,0.192311
EWJ,International,6599,4619,154,1827,SEARCH,1.729246,1.709774,1.724324,1.712567,1.712252,0.724829,0.468557,0.620057,0.535220,0.647364,0.517397,0.645583,0.518549,1.337788,0.180965
EWJ,International,6599,4619,176,1805,SEARCH,1.742071,1.726582,1.741918,1.728844,1.728134,0.564939,0.572115,0.020076,0.983983,0.499000,0.617780,0.514518,0.606890,1.434580,0.151407
EWG,International,6599,4619,1,1980,SEARCH,1.455182,1.449535,1.453259,1.450697,1.450633,1.652204,0.098493,1.456292,0.145312,1.431761,0.152212,1.373538,0.169585,0.489496,0.624491
EWG,International,6599,4619,5,1976,GARCH,1.523213,1.527924,1.524564,1.526299,1.526669,-0.568565,0.569651,-0.486330,0.626733,-0.545063,0.585711,-0.591300,0.554319,-0.374602,0.707957
EWG,International,6599,4619,10,1971,GARCH,1.589724,1.606463,1.594152,1.601940,1.602805,-1.034915,0.300709,-0.893192,0.371754,-1.152068,0.249293,-1.197683,0.231040,-0.656901,0.511245
EWG,International,6599,4619,22,1959,GARCH,1.784772,1.821576,1.792882,1.822960,1.825827,-1.147376,0.251226,-0.965076,0.334507,-1.379205,0.167832,-1.410404,0.158421,0.232921,0.815822
EWG,International,6599,4619,44,1937,GARCH,1.855039,1.900779,1.865895,1.901286,1.905314,-1.048882,0.294232,-0.883426,0.377006,-1.275351,0.202185,-1.321241,0.186421,0.053988,0.956945
EWG,International,6599,4619,66,1915,GARCH,1.865687,1.910801,1.875976,1.914721,1.919210,-1.032051,0.302048,-0.826805,0.408348,-1.300918,0.193287,-1.356901,0.174813,0.460249,0.645337
EWG,International,6599,4619,88,1893,GARCH,1.870474,1.909557,1.877741,1.922889,1.927561,-1.032612,0.301785,-0.729169,0.465898,-1.359125,0.174107,-1.428379,0.153183,2.646032,0.008144
EWG,International,6599,4619,110,1871,GARCH,1.859583,1.886304,1.862742,1.907165,1.911220,-0.845984,0.397562,-0.417188,0.676541,-1.263351,0.206463,-1.340964,0.179932,2.838159,0.004537
EWG,International,6599,4619,132,1849,GARCH,1.852689,1.875204,1.853771,1.899985,1.904015,-0.763067,0.445424,-0.163722,0.869950,-1.266455,0.205350,-1.349482,0.177182,2.869341,0.004113
EWG,International,6599,4619,154,1827,GARCH,1.860550,1.883099,1.861767,1.907664,1.911532,-0.782711,0.433797,-0.192492,0.847357,-1.288132,0.197700,-1.378595,0.168020,2.933765,0.003349
EWG,International,6599,4619,176,1805,GARCH,1.878281,1.908989,1.881834,1.933021,1.937656,-0.982903,0.325655,-0.513999,0.607252,-1.403975,0.160326,-1.500111,0.133586,2.928176,0.003410
EWU,International,6599,4619,1,1980,HYGARCH,1.398709,1.395562,1.397006,1.392138,1.392119,0.847470,0.396733,0.708102,0.478882,2.119109,0.034081,2.110002,0.034858,-1.145871,0.251849
EWU,International,6599,4619,5,1976,FIGARCH,1.481755,1.483735,1.482316,1.481200,1.481253,-0.288316,0.773105,-0.151671,0.879446,0.092760,0.926094,0.083442,0.933500,-0.474689,0.635009
EWU,International,6599,4619,10,1971,GARCH,1.549933,1.560770,1.554948,1.554667,1.554692,-0.842424,0.399551,-0.824296,0.409772,-0.506796,0.612298,-0.510432,0.609749,-0.958657,0.337731
EWU,International,6599,4619,22,1959,GARCH,1.763472,1.793189,1.775507,1.791577,1.791801,-0.942588,0.345892,-0.894132,0.371251,-0.918920,0.358138,-0.922946,0.356035,-0.302323,0.762406
EWU,International,6599,4619,44,1937,GARCH,1.875803,1.914641,1.892182,1.916520,1.917163,-0.883123,0.377170,-0.805605,0.420471,-0.996301,0.319104,-1.003488,0.315625,0.277722,0.781226
EWU,International,6599,4619,66,1915,GARCH,1.862882,1.898052,1.877361,1.904029,1.904641,-0.717370,0.473146,-0.655442,0.512183,-0.810213,0.417818,-0.817660,0.413551,0.930511,0.352106
EWU,International,6599,4619,88,1893,GARCH,1.893762,1.920253,1.902524,1.936797,1.937518,-0.606582,0.544128,-0.467503,0.640140,-0.811540,0.417056,-0.820764,0.411780,1.469397,0.141725
EWU,International,6599,4619,110,1871,GMARCH,1.842360,1.851904,1.842202,1.880310,1.880775,-0.250851,0.801929,0.011023,0.991205,-0.656677,0.511388,-0.664020,0.506677,1.378379,0.168086
EWU,International,6599,4619,132,1849,GMARCH,1.866931,1.872168,1.863996,1.902261,1.902847,-0.131401,0.895458,0.202275,0.839701,-0.574655,0.565525,-0.582724,0.560079,1.352419,0.176241
EWU,International,6599,4619,154,1827,GMARCH,1.857323,1.860081,1.853226,1.889290,1.889762,-0.070732,0.943611,0.299595,0.764486,-0.519281,0.603565,-0.526835,0.598308,1.262411,0.206801
EWU,International,6599,4619,176,1805,GARCH,1.894110,1.909213,1.896040,1.934214,1.934989,-0.326048,0.744388,-0.114827,0.908583,-0.589562,0.555484,-0.599285,0.548983,1.133047,0.257195
EWC,International,6599,4619,1,1980,FIGARCH,1.381155,1.374468,1.378103,1.370406,1.371219,0.928453,0.353172,0.547958,0.583721,1.627944,0.103537,1.583404,0.113329,-1.423415,0.154616
EWC,International,6599,4619,5,1976,GARCH,1.474478,1.492307,1.493768,1.484185,1.484707,-1.098986,0.271774,-1.175967,0.239608,-0.834772,0.403846,-0.857516,0.391160,-1.416225,0.156710
EWC,International,6599,4619,10,1971,GARCH,1.610236,1.657582,1.652695,1.639325,1.640094,-1.367821,0.171368,-1.242482,0.214059,-1.345352,0.178512,-1.324347,0.185388,-1.323251,0.185752
EWC,International,6599,4619,22,1959,GARCH,2.053208,2.241582,2.197982,2.185400,2.188506,-1.355295,0.175323,-1.321917,0.186196,-1.382362,0.166861,-1.368886,0.171035,-1.290017,0.197045
EWC,International,6599,4619,44,1937,GARCH,2.307839,2.554098,2.500493,2.482526,2.493739,-1.492331,0.135612,-1.425272,0.154079,-1.553962,0.120193,-1.526200,0.126960,-1.352073,0.176352
EWC,International,6599,4619,66,1915,GARCH,2.176084,2.431848,2.356524,2.377740,2.384452,-1.630485,0.102999,-1.563273,0.117988,-1.672768,0.094373,-1.654934,0.097938,-1.472029,0.141013
EWC,International,6599,4619,88,1893,GARCH,2.115831,2.370314,2.279201,2.331559,2.335877,-1.754746,0.079303,-1.694470,0.090176,-1.780337,0.075021,-1.766059,0.077386,-1.581710,0.113716
EWC,International,6599,4619,110,1871,GARCH,2.008216,2.234984,2.141251,2.216209,2.217139,-1.776894,0.075586,-1.707298,0.087767,-1.778744,0.075282,-1.772771,0.076267,-1.589063,0.112046
EWC,International,6599,4619,132,1849,GARCH,1.958779,2.183065,2.082478,2.168733,2.168192,-1.735398,0.082670,-1.648243,0.099303,-1.760111,0.078389,-1.753769,0.079470,-1.339955,0.180260
EWC,International,6599,4619,154,1827,GARCH,1.962874,2.211205,2.105407,2.185850,2.186286,-1.627187,0.103697,-1.516613,0.129365,-1.685900,0.091815,-1.674215,0.094088,-1.211728,0.225616
EWC,International,6599,4619,176,1805,GARCH,1.994951,2.264874,2.150173,2.230839,2.232219,-1.652241,0.098485,-1.551916,0.120682,-1.701122,0.088920,-1.689553,0.091114,-1.367229,0.171553
EWA,International,6599,4619,1,1980,FIGARCH,1.435361,1.431954,1.430631,1.429877,1.429978,0.398366,0.690361,0.835738,0.403302,0.646341,0.518059,0.575210,0.565149,-0.759273,0.447689
EWA,International,6599,4619,5,1976,GARCH,1.523408,1.549092,1.538407,1.540931,1.542695,-1.367517,0.171463,-1.307133,0.191168,-1.316208,0.188104,-1.359878,0.173869,-1.171488,0.241403
EWA,International,6599,4619,10,1971,GARCH,1.648874,1.713991,1.684508,1.696045,1.698082,-1.315611,0.188305,-1.258003,0.208391,-1.385599,0.165869,-1.374922,0.169156,-1.099867,0.271390
EWA,International,6599,4619,22,1959,GARCH,1.967568,2.121233,2.046015,2.099141,2.088646,-1.396955,0.162427,-1.366598,0.171751,-1.433617,0.151681,-1.474223,0.140422,-1.179687,0.238125
EWA,International,6599,4619,44,1937,GARCH,2.189528,2.381340,2.297353,2.346741,2.313776,-1.445395,0.148347,-1.394229,0.163248,-1.507561,0.131667,-1.536915,0.124314,-1.188226,0.234744
EWA,International,6599,4619,66,1915,GARCH,2.099524,2.318072,2.202425,2.299353,2.274810,-1.498908,0.133898,-1.459701,0.144372,-1.537293,0.124221,-1.529543,0.126130,-1.119186,0.263061
EWA,International,6599,4619,88,1893,GARCH,2.107625,2.340748,2.213179,2.321958,2.295289,-1.546666,0.121944,-1.511440,0.130676,-1.576801,0.114841,-1.565576,0.117448,-1.208515,0.226849
EWA,International,6599,4619,110,1871,GARCH,2.061113,2.280558,2.146685,2.276034,2.254561,-1.572648,0.115800,-1.582065,0.113635,-1.579321,0.114263,-1.550766,0.120958,-0.808548,0.418775
EWA,International,6599,4619,132,1849,GARCH,2.051160,2.266607,2.126370,2.267490,2.248108,-1.531156,0.125731,-1.513559,0.130138,-1.556624,0.119560,-1.536079,0.124519,0.228033,0.819621
EWA,International,6599,4619,154,1827,GARCH,2.029638,2.246685,2.101599,2.246328,2.229929,-1.509932,0.131061,-1.492405,0.135593,-1.543399,0.122734,-1.518415,0.128910,-0.074372,0.940714
EWA,International,6599,4619,176,1805,GARCH,2.043318,2.287984,2.130295,2.279466,2.258822,-1.485885,0.137310,-1.469948,0.141576,-1.519216,0.128708,-1.496492,0.134526,-0.898871,0.368721
EWZ,International,6465,4525,1,1940,SEARCH,1.424989,1.424889,1.425041,1.426192,1.426191,0.018127,0.985538,-0.015907,0.987309,-0.231073,0.817258,-0.230799,0.817471,0.920281,0.357426
EWZ,International,6465,4525,5,1936,HYGARCH,1.472265,1.473034,1.471503,1.471024,1.471019,-0.081975,0.934667,0.179527,0.857524,0.156842,0.875369,0.157470,0.874875,-0.820359,0.412012
EWZ,International,6465,4525,10,1931,GARCH,1.586249,1.610282,1.594182,1.600487,1.600481,-0.846932,0.397033,-0.763241,0.445320,-0.699162,0.484451,-0.699011,0.484545,-1.175758,0.239692
EWZ,International,6465,4525,22,1919,GARCH,1.735218,1.779916,1.749742,1.768383,1.768395,-0.982500,0.325853,-0.925991,0.354451,-0.920151,0.357494,-0.920215,0.357460,-1.190499,0.233850
EWZ,International,6465,4525,44,1897,GARCH,1.801421,1.874180,1.839411,1.859519,1.859508,-1.016953,0.309176,-1.112975,0.265719,-0.983572,0.325326,-0.983504,0.325359,-1.148635,0.250706
EWZ,International,6465,4525,66,1875,GARCH,1.801324,1.860212,1.827802,1.851761,1.851768,-0.980081,0.327046,-1.169526,0.242192,-0.960014,0.337048,-0.959963,0.337074,-1.064992,0.286880
EWZ,International,6465,4525,88,1853,GARCH,1.804130,1.856072,1.823867,1.851715,1.851727,-0.972345,0.330879,-1.285975,0.198452,-0.969042,0.332524,-0.968981,0.332555,-0.885074,0.376116
EWZ,International,6465,4525,110,1831,GARCH,1.798137,1.836002,1.810350,1.836541,1.836558,-0.894213,0.371208,-1.487494,0.136884,-0.918030,0.358603,-0.917982,0.358628,0.254082,0.799433
EWZ,International,6465,4525,132,1809,GARCH,1.795486,1.817215,1.798111,1.820875,1.820894,-0.683931,0.494019,-0.663864,0.506777,-0.765945,0.443709,-0.766004,0.443674,1.616314,0.106026
EWZ,International,6465,4525,154,1787,GARCH,1.797356,1.831592,1.804298,1.833346,1.833365,-0.815888,0.414564,-1.627761,0.103576,-0.863918,0.387633,-0.863901,0.387642,1.098801,0.271855
EWZ,International,6465,4525,176,1765,GARCH,1.798597,1.833884,1.806345,1.836107,1.836126,-0.845959,0.397575,-1.866742,0.061938,-0.902631,0.366722,-0.902581,0.366748,1.653780,0.098172
EWY,International,6508,4555,1,1953,FIGARCH,1.405011,1.407212,1.407875,1.399357,1.405011,-0.421724,0.673226,-0.649947,0.515726,1.605870,0.108302,-1.955673,0.050504,-2.099625,0.035762
EWY,International,6508,4555,5,1949,GARCH,1.463195,1.477987,1.476943,1.465037,1.463195,-1.487955,0.136763,-1.635448,0.101955,-0.379876,0.704038,-0.950437,0.341890,-2.138392,0.032485
EWY,International,6508,4555,10,1944,GARCH,1.529257,1.553977,1.549126,1.537354,1.529257,-1.530552,0.125880,-1.588536,0.112165,-0.911539,0.362011,-0.319795,0.749124,-2.040571,0.041293
EWY,International,6508,4555,22,1932,GARCH,1.619982,1.670041,1.658124,1.643258,1.619982,-1.800081,0.071848,-1.926938,0.053987,-1.373878,0.169480,-0.008903,0.992897,-2.281688,0.022508
EWY,International,6508,4555,44,1910,GARCH,1.724990,1.791536,1.781389,1.745741,1.724990,-1.611791,0.107007,-1.644500,0.100073,-1.278769,0.200978,-0.422741,0.672484,-1.753452,0.079524
EWY,International,6508,4555,66,1888,HYGARCH,1.695981,1.765882,1.750786,1.727001,1.695981,-1.655846,0.097753,-1.639748,0.101058,-1.515258,0.129707,0.747387,0.454830,-1.698222,0.089466
EWY,International,6508,4555,88,1866,HYGARCH,1.700464,1.779341,1.763585,1.733138,1.700464,-1.759660,0.078465,-1.756832,0.078947,-1.543814,0.122633,0.458099,0.646881,-1.877457,0.060456
EWY,International,6508,4555,110,1844,HYGARCH,1.705625,1.775935,1.759499,1.737305,1.705625,-1.795299,0.072606,-1.839698,0.065813,-1.436848,0.150761,0.508125,0.611366,-2.183808,0.028976
EWY,International,6508,4555,132,1822,HYGARCH,1.690347,1.749712,1.730715,1.724095,1.690346,-1.667270,0.095461,-1.628064,0.103511,-1.469679,0.141649,0.725213,0.468321,-1.912991,0.055749
EWY,International,6508,4555,154,1800,HYGARCH,1.683472,1.737982,1.718036,1.717763,1.683471,-1.725588,0.084422,-1.649788,0.098986,-1.509624,0.131139,0.785816,0.431975,-2.102366,0.035521
EWY,International,6508,4555,176,1778,HYGARCH,1.688940,1.754087,1.730956,1.727433,1.688939,-1.616539,0.105978,-1.497577,0.134243,-1.533056,0.125262,0.789608,0.429757,-1.737145,0.082362
FXI,International,5402,3781,1,1621,SEARCH,1.546227,1.537108,1.540200,1.539357,1.539346,2.042132,0.041138,1.817642,0.069119,2.576828,0.009971,2.566905,0.010261,0.902924,0.366566
FXI,International,5402,3781,5,1617,HYGARCH,1.645642,1.641372,1.643331,1.641201,1.641046,0.758358,0.448237,0.591189,0.554394,1.337818,0.180956,1.383121,0.166628,-0.053093,0.957658
FXI,International,5402,3781,10,1612,GARCH,1.703207,1.706759,1.705570,1.703482,1.703248,-0.594674,0.552061,-0.744182,0.456767,-0.057668,0.954013,-0.008695,0.993063,-1.161120,0.245593
FXI,International,5402,3781,22,1600,GARCH,1.755125,1.764742,1.761187,1.758680,1.758461,-1.137711,0.255241,-1.460569,0.144134,-0.505508,0.613202,-0.475006,0.634782,-1.556416,0.119609
FXI,International,5402,3781,44,1578,GARCH,1.781310,1.797287,1.794652,1.782713,1.782325,-1.052183,0.292716,-1.614063,0.106514,-0.123739,0.901522,-0.090078,0.928225,-2.574280,0.010045
FXI,International,5402,3781,66,1556,GARCH,1.789909,1.808873,1.803893,1.795118,1.794519,-1.218098,0.223187,-1.574859,0.115289,-0.470471,0.638018,-0.422395,0.672737,-2.341054,0.019229
FXI,International,5402,3781,88,1534,GARCH,1.753813,1.777514,1.768050,1.769474,1.769036,-1.532471,0.125406,-1.629099,0.103292,-1.236696,0.216200,-1.210478,0.226096,-1.512132,0.130500
FXI,International,5402,3781,110,1512,GARCH,1.655247,1.665017,1.659767,1.665921,1.665800,-1.110814,0.266649,-0.989267,0.322533,-1.022470,0.306558,-1.002074,0.316308,0.206760,0.836197
FXI,International,5402,3781,132,1490,GARCH,1.653616,1.663417,1.656969,1.666046,1.665959,-1.062915,0.287820,-0.768284,0.442318,-1.071238,0.284062,-1.054318,0.291737,0.580546,0.561546
FXI,International,5402,3781,154,1468,GARCH,1.631791,1.644222,1.636100,1.647266,1.647252,-1.167269,0.243102,-0.900450,0.367881,-1.153308,0.248784,-1.139083,0.254668,0.712253,0.476308
FXI,International,5402,3781,176,1446,GARCH,1.676002,1.697454,1.686003,1.695907,1.695621,-1.391754,0.163997,-1.302788,0.192647,-1.259167,0.207970,-1.238284,0.215611,-0.715184,0.474495
EWH,International,6599,4619,1,1980,FIGARCH,1.468910,1.463651,1.465989,1.462312,1.462359,0.967587,0.333250,0.672427,0.501312,1.308622,0.190663,1.306890,0.191250,-0.729169,0.465898
EWH,International,6599,4619,5,1976,FIGARCH,1.523851,1.520884,1.523546,1.517896,1.517958,0.442229,0.658324,0.063197,0.949610,1.042852,0.297017,1.038696,0.298946,-1.331407,0.183055
EWH,International,6599,4619,10,1971,FIGARCH,1.576985,1.576676,1.578410,1.572885,1.572969,0.037050,0.970445,-0.262260,0.793121,0.555229,0.578738,0.546688,0.584593,-1.544787,0.122398
EWH,International,6599,4619,22,1959,GARCH,1.613703,1.621027,1.620865,1.616414,1.616493,-0.602309,0.546968,-0.967562,0.333263,-0.241576,0.809108,-0.249620,0.802882,-1.887298,0.059120
EWH,International,6599,4619,44,1937,FIGARCH,1.645694,1.656159,1.661869,1.643612,1.643822,-0.862602,0.388356,-1.310926,0.189883,0.247092,0.804837,0.221591,0.824633,-1.965794,0.049322
EWH,International,6599,4619,66,1915,GARCH,1.664444,1.674749,1.677963,1.664852,1.665066,-0.757365,0.448831,-1.154247,0.248399,-0.036731,0.970699,-0.055644,0.955625,-2.302516,0.021306
EWH,International,6599,4619,88,1893,GARCH,1.660221,1.667956,1.668787,1.662139,1.662333,-0.569143,0.569259,-0.785871,0.431943,-0.154328,0.877351,-0.169135,0.865691,-1.612000,0.106962
EWH,International,6599,4619,110,1871,GMARCH,1.627200,1.631250,1.626668,1.634727,1.634779,-0.322395,0.747153,0.067872,0.945888,-0.511863,0.608747,-0.514406,0.606968,0.780316,0.435205
EWH,International,6599,4619,132,1849,GMARCH,1.627545,1.632033,1.624583,1.637461,1.637467,-0.318296,0.750260,0.387403,0.698458,-0.553654,0.579816,-0.554336,0.579349,0.921550,0.356763
EWH,International,6599,4619,154,1827,GMARCH,1.618911,1.625242,1.615831,1.631311,1.631262,-0.362971,0.716627,0.334645,0.737893,-0.597800,0.549973,-0.596175,0.551058,1.382691,0.166760
EWH,International,6599,4619,176,1805,GARCH,1.647055,1.666076,1.652262,1.668582,1.668613,-0.732177,0.464060,-0.352996,0.724092,-0.796810,0.425561,-0.796896,0.425512,1.187008,0.235224
EWT,International,6479,4535,1,1944,FIGARCH,1.497131,1.486628,1.489738,1.481613,1.481677,1.661642,0.096585,1.368013,0.171308,2.526165,0.011532,2.519120,0.011765,-1.871543,0.061270
EWT,International,6479,4535,5,1940,FIGARCH,1.570746,1.572794,1.576525,1.563909,1.563969,-0.180369,0.856863,-0.599853,0.548604,0.879727,0.379007,0.878477,0.379685,-1.816876,0.069236
EWT,International,6479,4535,10,1935,GARCH,1.640830,1.657102,1.655156,1.644041,1.644162,-0.892662,0.372038,-1.006247,0.314297,-0.271710,0.785845,-0.283323,0.776929,-1.766735,0.077273
EWT,International,6479,4535,22,1923,GARCH,1.670408,1.712892,1.703908,1.692476,1.692603,-1.446661,0.147992,-1.495513,0.134780,-1.154636,0.248239,-1.164029,0.244412,-1.856389,0.063398
EWT,International,6479,4535,44,1901,GARCH,1.751520,1.820382,1.814027,1.777553,1.778034,-1.311483,0.189695,-1.369716,0.170776,-1.063635,0.287494,-1.068250,0.285408,-1.477838,0.139451
EWT,International,6479,4535,66,1879,GARCH,1.755871,1.828481,1.822161,1.783253,1.783769,-1.354324,0.175633,-1.399344,0.161710,-1.059015,0.289593,-1.064858,0.286940,-1.592827,0.111199
EWT,International,6479,4535,88,1857,GARCH,1.762082,1.821490,1.817167,1.777864,1.778442,-1.152178,0.249248,-1.245472,0.212958,-0.601805,0.547304,-0.615797,0.538029,-1.663918,0.096129
EWT,International,6479,4535,110,1835,GARCH,1.752751,1.791063,1.785518,1.763902,1.764263,-0.899952,0.368146,-0.942226,0.346077,-0.440533,0.659551,-0.450394,0.652427,-1.488588,0.136596
EWT,International,6479,4535,132,1813,GARCH,1.733857,1.754706,1.747161,1.740534,1.740696,-0.566856,0.570812,-0.502238,0.615500,-0.254128,0.799397,-0.258790,0.795797,-1.212032,0.225500
EWT,International,6479,4535,154,1791,GARCH,1.743684,1.761133,1.753193,1.748515,1.748616,-0.474740,0.634972,-0.363108,0.716524,-0.180384,0.856851,-0.183461,0.854436,-1.164378,0.244271
EWT,International,6479,4535,176,1769,GARCH,1.750065,1.769898,1.761128,1.754960,1.755120,-0.470538,0.637971,-0.366301,0.714141,-0.169265,0.865588,-0.173708,0.862095,-1.100509,0.271110
FXE,Currency,5105,3573,1,1532,FIGARCH,1.428880,1.431981,1.442814,1.428878,1.428880,-0.585656,0.558107,-1.867577,0.061821,2.200282,0.027787,1.042329,0.297259,-0.586120,0.557795
FXE,Currency,5105,3573,5,1528,FIGARCH,1.437922,1.440070,1.444140,1.437920,1.437922,-0.336715,0.736332,-1.184452,0.236234,2.137257,0.032577,0.934039,0.350284,-0.337133,0.736017
FXE,Currency,5105,3573,10,1523,SEARCH,1.469124,1.468487,1.472050,1.469121,1.469124,0.066480,0.946996,-0.411632,0.680609,1.765372,0.077501,0.500600,0.616653,0.066178,0.947236
FXE,Currency,5105,3573,22,1511,FIGARCH,1.449936,1.451382,1.452181,1.449933,1.449936,-0.168803,0.865952,-0.352683,0.724326,2.073013,0.038171,0.752555,0.451717,-0.169191,0.865646
FXE,Currency,5105,3573,44,1489,GMARCH,1.459936,1.460318,1.459919,1.459932,1.459936,-0.064960,0.948206,0.004229,0.996626,1.430562,0.152556,2.221428,0.026322,-0.065588,0.947705
FXE,Currency,5105,3573,66,1467,SEARCH,1.480911,1.472606,1.474348,1.480904,1.480911,1.126525,0.259943,1.535842,0.124577,1.893012,0.058356,2.555532,0.010603,1.125394,0.260422
FXE,Currency,5105,3573,88,1445,SEARCH,1.518946,1.505306,1.509078,1.518936,1.518946,1.323040,0.185822,1.798730,0.072061,2.379181,0.017351,2.636583,0.008375,1.321790,0.186238
FXE,Currency,5105,3573,110,1423,SEARCH,1.571407,1.554461,1.561048,1.571394,1.571407,1.229845,0.218755,1.528133,0.126480,2.782769,0.005390,2.551715,0.010719,1.228633,0.219210
FXE,Currency,5105,3573,132,1401,SEARCH,1.589209,1.573494,1.578621,1.589194,1.589209,1.038505,0.299035,1.338426,0.180758,2.534376,0.011265,2.598277,0.009369,1.037254,0.299617
FXE,Currency,5105,3573,154,1379,SEARCH,1.593395,1.572821,1.579238,1.593377,1.593395,1.240655,0.214733,1.637611,0.101503,2.672490,0.007529,2.804304,0.005043,1.239236,0.215258
FXE,Currency,5105,3573,176,1357,SEARCH,1.610914,1.587216,1.595038,1.610892,1.610914,1.261667,0.207069,1.678765,0.093198,2.869495,0.004111,2.858153,0.004261,1.260198,0.207598
FXY,Currency,4812,3368,1,1444,SEARCH,1.547263,1.541291,1.541963,1.543994,1.544165,0.875722,0.381181,1.220948,0.222106,0.487416,0.625964,0.460238,0.645346,1.624349,0.104301
FXY,Currency,4812,3368,5,1440,SEARCH,1.569739,1.559486,1.561606,1.561437,1.561600,1.201840,0.229426,1.628579,0.103402,0.970201,0.331946,0.945369,0.344470,0.874740,0.381715
FXY,Currency,4812,3368,10,1435,SEARCH,1.582405,1.571703,1.573281,1.574452,1.574641,1.047590,0.294828,1.479965,0.138883,0.789395,0.429881,0.766348,0.443469,0.989358,0.322488
FXY,Currency,4812,3368,22,1423,SEARCH,1.619356,1.602337,1.605066,1.607296,1.607575,1.538038,0.124039,1.967859,0.049084,1.116368,0.264265,1.084553,0.278120,1.342998,0.179272
FXY,Currency,4812,3368,44,1401,SEARCH,1.658679,1.640324,1.641838,1.647263,1.647412,1.584299,0.113126,2.398021,0.016484,0.996344,0.319083,0.990746,0.321809,1.733136,0.083071
FXY,Currency,4812,3368,66,1379,GMARCH,1.639533,1.628591,1.625084,1.637016,1.637178,0.787278,0.431119,1.649693,0.099006,0.195256,0.845193,0.184698,0.853466,2.142844,0.032126
FXY,Currency,4812,3368,88,1357,GMARCH,1.644402,1.637126,1.630540,1.645829,1.645895,0.492485,0.622377,1.536826,0.124336,-0.103580,0.917502,-0.109566,0.912754,2.377724,0.017420
FXY,Currency,4812,3368,110,1335,GMARCH,1.651159,1.649917,1.639583,1.656949,1.656732,0.074767,0.940400,1.194286,0.232366,-0.373174,0.709019,-0.363595,0.716160,2.067654,0.038673
FXY,Currency,4812,3368,132,1313,GMARCH,1.639861,1.645981,1.632196,1.651836,1.651513,-0.357554,0.720677,0.803142,0.421893,-0.729641,0.465610,-0.716199,0.473869,2.017334,0.043661
FXY,Currency,4812,3368,154,1291,GMARCH,1.631325,1.645951,1.626526,1.650981,1.650527,-0.749011,0.453850,0.468648,0.639321,-1.061558,0.288436,-1.047657,0.294797,2.152204,0.031381
FXY,Currency,4812,3368,176,1269,GARCH,1.635353,1.665085,1.638804,1.666088,1.665231,-1.266985,0.205161,-0.281333,0.778455,-1.429248,0.152933,-1.408408,0.159010,0.390594,0.696098
FXB,Currency,4971,3479,1,1492,SEARCH,1.374659,1.372508,1.373583,1.373991,1.374659,1.324225,0.185428,1.100154,0.271265,1.262008,0.206946,0.973592,0.330259,1.118475,0.263364
FXB,Currency,4971,3479,5,1488,SEARCH,1.388416,1.386024,1.387281,1.388091,1.388416,1.196759,0.231401,1.130931,0.258084,0.759894,0.447318,0.149685,0.881013,1.143985,0.252630
FXB,Currency,4971,3479,10,1483,SEARCH,1.416882,1.412838,1.414707,1.416238,1.416882,1.652071,0.098520,1.988378,0.046770,1.291194,0.196636,0.246295,0.805454,1.464824,0.142969
FXB,Currency,4971,3479,22,1471,SEARCH,1.435051,1.429743,1.432257,1.435102,1.435052,1.783817,0.074453,2.425963,0.015268,-0.095931,0.923575,-1.700272,0.089080,1.816409,0.069308
FXB,Currency,4971,3479,44,1449,SEARCH,1.524959,1.508500,1.517081,1.522907,1.524959,3.961086,0.000075,4.222739,0.000024,2.607756,0.009114,-0.056937,0.954595,3.348828,0.000812
FXB,Currency,4971,3479,66,1427,SEARCH,1.545460,1.522586,1.534462,1.541792,1.545459,5.118078,0.000000,6.022158,0.000000,2.990196,0.002788,0.519197,0.603623,4.563713,0.000005
FXB,Currency,4971,3479,88,1405,SEARCH,1.580168,1.553562,1.567753,1.573843,1.580163,5.341317,0.000000,6.493068,0.000000,4.087168,0.000044,2.002167,0.045267,4.535593,0.000006
FXB,Currency,4971,3479,110,1383,SEARCH,1.622584,1.595942,1.611232,1.612437,1.622571,4.240143,0.000022,4.809402,0.000002,5.981377,0.000000,4.946802,0.000001,3.057638,0.002231
FXB,Currency,4971,3479,132,1361,SEARCH,1.655977,1.629140,1.645307,1.642544,1.655958,4.028755,0.000056,4.478580,0.000008,6.551740,0.000000,6.252645,0.000000,2.460782,0.013863
FXB,Currency,4971,3479,154,1339,SEARCH,1.681440,1.656167,1.672160,1.664511,1.681413,3.268865,0.001080,3.355770,0.000791,8.341176,0.000000,9.359014,0.000000,1.309750,0.190280
FXB,Currency,4971,3479,176,1317,SEARCH,1.714971,1.689882,1.706533,1.695267,1.714939,3.530210,0.000415,3.362794,0.000772,9.110053,0.000000,10.340728,0.000000,0.948080,0.343089
FXA,Currency,4971,3479,1,1492,GARCH,1.334405,1.337316,1.336548,1.335205,1.335201,-1.362807,0.172943,-1.185128,0.235967,-0.500925,0.616424,-0.497930,0.618533,-1.739719,0.081908
FXA,Currency,4971,3479,5,1488,FIGARCH,1.353909,1.356034,1.355614,1.353873,1.353891,-1.049328,0.294027,-1.001286,0.316688,0.039008,0.968884,0.019754,0.984240,-1.485242,0.137480
FXA,Currency,4971,3479,10,1483,GARCH,1.350829,1.353760,1.353655,1.350942,1.350978,-1.165167,0.243951,-1.426582,0.153700,-0.081061,0.935394,-0.105080,0.916313,-1.779151,0.075215
FXA,Currency,4971,3479,22,1471,GARCH,1.347597,1.352711,1.352746,1.348697,1.348743,-1.366715,0.171715,-1.725069,0.084515,-0.507973,0.611473,-0.519765,0.603227,-2.048000,0.040560
FXA,Currency,4971,3479,44,1449,FIGARCH,1.383815,1.382461,1.383522,1.381618,1.381650,0.406052,0.684704,0.119734,0.904694,0.995149,0.319664,0.964159,0.334966,-0.418777,0.675379
FXA,Currency,4971,3479,66,1427,HYGARCH,1.365452,1.366508,1.365133,1.364761,1.364712,-0.223155,0.823415,0.111336,0.911350,0.231863,0.816644,0.244688,0.806698,-0.767867,0.442566
FXA,Currency,4971,3479,88,1405,HYGARCH,1.370739,1.373405,1.371195,1.370756,1.370689,-0.397013,0.691358,-0.111908,0.910897,-0.004279,0.996586,0.012391,0.990114,-0.882931,0.377274
FXA,Currency,4971,3479,110,1383,HYGARCH,1.395783,1.398003,1.396351,1.394841,1.394805,-0.269366,0.787648,-0.108814,0.913350,0.203392,0.838829,0.207007,0.836005,-0.829294,0.406938
FXA,Currency,4971,3479,132,1361,HYGARCH,1.405537,1.409124,1.407473,1.404902,1.404883,-0.354484,0.722976,-0.289330,0.772329,0.114518,0.908827,0.115616,0.907957,-0.895617,0.370458
FXA,Currency,4971,3479,154,1339,FIGARCH,1.406372,1.410420,1.408796,1.405685,1.405687,-0.351096,0.725517,-0.309839,0.756683,0.111768,0.911008,0.109200,0.913044,-0.865654,0.386680
FXA,Currency,4971,3479,176,1317,HYGARCH,1.402908,1.404510,1.402776,1.401703,1.401676,-0.149493,0.881165,0.018446,0.985283,0.205379,0.837276,0.205090,0.837502,-0.572313,0.567110
FXC,Currency,4971,3479,1,1492,FIGARCH,1.499186,1.498964,1.499047,1.498519,1.498679,0.228923,0.818928,0.669640,0.503087,0.605937,0.544556,0.480611,0.630793,-0.912688,0.361407
FXC,Currency,4971,3479,5,1488,FIGARCH,1.505232,1.504770,1.505050,1.504184,1.504439,0.457949,0.646989,1.069663,0.284771,1.313659,0.188961,1.014380,0.310401,-1.396913,0.162440
FXC,Currency,4971,3479,10,1483,FIGARCH,1.509267,1.508530,1.509063,1.507836,1.508192,0.687700,0.491642,1.153246,0.248810,1.533986,0.125033,1.182051,0.237185,-1.551582,0.120762
FXC,Currency,4971,3479,22,1471,FIGARCH,1.525152,1.523436,1.524833,1.522491,1.523069,1.311342,0.189742,1.528641,0.126354,2.208471,0.027211,1.811167,0.070115,-1.829709,0.067293
FXC,Currency,4971,3479,44,1449,FIGARCH,1.563557,1.556935,1.562383,1.556753,1.557546,3.884192,0.000103,4.572846,0.000005,3.975301,0.000070,3.686720,0.000227,-0.290803,0.771202
FXC,Currency,4971,3479,66,1427,FIGARCH,1.582999,1.573067,1.581302,1.572713,1.573561,4.596969,0.000004,5.369786,0.000000,4.711696,0.000002,4.543322,0.000006,-0.542549,0.587440
FXC,Currency,4971,3479,88,1405,FIGARCH,1.616846,1.603932,1.614713,1.603198,1.604083,5.074191,0.000000,5.844589,0.000000,5.223762,0.000000,5.091569,0.000000,-1.142829,0.253110
FXC,Currency,4971,3479,110,1383,FIGARCH,1.642540,1.626943,1.640059,1.625473,1.626190,5.462424,0.000000,6.099495,0.000000,5.753862,0.000000,5.761254,0.000000,-2.297757,0.021576
FXC,Currency,4971,3479,132,1361,FIGARCH,1.654419,1.636633,1.651664,1.634403,1.634984,5.882820,0.000000,6.413759,0.000000,6.271754,0.000000,6.334341,0.000000,-3.787342,0.000152
FXC,Currency,4971,3479,154,1339,FIGARCH,1.661493,1.641689,1.658472,1.638769,1.639201,6.352327,0.000000,6.880228,0.000000,6.798334,0.000000,6.934491,0.000000,-5.667211,0.000000
FXC,Currency,4971,3479,176,1317,FIGARCH,1.676902,1.655184,1.673621,1.651859,1.652289,7.177927,0.000000,7.745082,0.000000,7.509445,0.000000,7.618848,0.000000,-6.690314,0.000000
FXF,Currency,4971,3479,1,1492,SEARCH,1.496031,1.478774,1.481983,1.488035,1.484697,2.131381,0.033058,1.056698,0.290650,1.740258,0.081814,1.729405,0.083737,0.903479,0.366272
FXF,Currency,4971,3479,5,1488,SEARCH,1.526236,1.501056,1.504473,1.514532,1.513192,2.488064,0.012844,1.199262,0.230426,1.999984,0.045502,1.672097,0.094505,1.225796,0.220276
FXF,Currency,4971,3479,10,1483,SEARCH,1.578087,1.546146,1.550807,1.547441,1.555497,1.803560,0.071300,0.881817,0.377876,3.612856,0.000303,1.904174,0.056888,0.054360,0.956648
FXF,Currency,4971,3479,22,1471,GMARCH,1.618381,1.539366,1.529316,1.566771,1.587300,4.331369,0.000015,2.727853,0.006375,7.180791,0.000000,4.857389,0.000001,1.786655,0.073993
FXF,Currency,4971,3479,44,1449,GMARCH,1.776006,1.600453,1.558633,1.642707,1.688427,7.643864,0.000000,5.691399,0.000000,9.825246,0.000000,9.095490,0.000000,3.562775,0.000367
FXF,Currency,4971,3479,66,1427,GMARCH,1.938542,1.628375,1.539479,1.695773,1.762915,13.709382,0.000000,11.391954,0.000000,14.194435,0.000000,12.909856,0.000000,8.555348,0.000000
FXF,Currency,4971,3479,88,1405,GMARCH,2.158646,1.697062,1.573848,1.777275,1.861221,20.034932,0.000000,16.943854,0.000000,19.869520,0.000000,18.858278,0.000000,12.784644,0.000000
FXF,Currency,4971,3479,110,1383,GMARCH,2.387948,1.770220,1.626831,1.853982,1.950194,22.918741,0.000000,17.659777,0.000000,24.691423,0.000000,24.624917,0.000000,10.497579,0.000000
FXF,Currency,4971,3479,132,1361,GMARCH,2.614256,1.827641,1.660142,1.917302,2.024295,28.315879,0.000000,22.756917,0.000000,28.607322,0.000000,28.699542,0.000000,14.811656,0.000000
FXF,Currency,4971,3479,154,1339,GMARCH,2.849842,1.885040,1.696917,1.979058,2.095136,32.677796,0.000000,25.883928,0.000000,33.155594,0.000000,33.859025,0.000000,16.149595,0.000000
FXF,Currency,4971,3479,176,1317,GMARCH,3.081503,1.929766,1.719887,2.030367,2.155221,38.923770,0.000000,29.627975,0.000000,40.597380,0.000000,41.893124,0.000000,16.817394,0.000000
GLD,Commodity,5373,3761,1,1612,SEARCH,1.575875,1.566822,1.570461,1.573054,1.573061,3.030524,0.002441,1.870067,0.061474,1.335298,0.181779,1.330072,0.183495,2.771282,0.005584
GLD,Commodity,5373,3761,5,1608,SEARCH,1.618605,1.612456,1.617281,1.618553,1.618566,1.848834,0.064482,0.347477,0.728233,0.019202,0.984680,0.014462,0.988461,2.830139,0.004653
GLD,Commodity,5373,3761,10,1603,SEARCH,1.688812,1.680758,1.684517,1.686194,1.686204,1.608502,0.107725,0.823917,0.409987,0.790841,0.429037,0.786788,0.431406,2.067627,0.038675
GLD,Commodity,5373,3761,22,1591,SEARCH,1.758359,1.744704,1.750076,1.753695,1.753707,1.674678,0.093997,0.993319,0.320555,0.876909,0.380536,0.873771,0.382243,2.269699,0.023226
GLD,Commodity,5373,3761,44,1569,SEARCH,1.753318,1.744601,1.747867,1.751613,1.751620,1.411740,0.158026,0.812135,0.416714,0.328569,0.742482,0.326863,0.743772,2.538548,0.011131
GLD,Commodity,5373,3761,66,1547,SEARCH,1.710236,1.707359,1.708775,1.711653,1.711658,0.327824,0.743044,0.175199,0.860923,-0.198574,0.842596,-0.199189,0.842115,1.492362,0.135604
GLD,Commodity,5373,3761,88,1525,SEARCH,1.727388,1.724734,1.727587,1.726805,1.726821,0.489479,0.624502,-0.034162,0.972748,0.109963,0.912439,0.106855,0.914904,1.747025,0.080633
GLD,Commodity,5373,3761,110,1503,SEARCH,1.696612,1.689696,1.693018,1.691656,1.691674,1.165669,0.243748,0.756223,0.449516,1.053387,0.292164,1.049785,0.293817,0.971186,0.331455
GLD,Commodity,5373,3761,132,1481,SEARCH,1.733255,1.725568,1.728364,1.728248,1.728263,1.040813,0.297962,0.708295,0.478762,0.825414,0.409136,0.822585,0.410744,0.990845,0.321761
GLD,Commodity,5373,3761,154,1459,SEARCH,1.736096,1.728968,1.729259,1.731221,1.731226,1.030650,0.302705,0.996449,0.319032,0.767256,0.442930,0.766197,0.443559,1.188059,0.234810
GLD,Commodity,5373,3761,176,1437,GMARCH,1.703108,1.698998,1.697142,1.700458,1.700455,0.598159,0.549734,1.025721,0.305023,0.389446,0.696946,0.389729,0.696737,1.786578,0.074006
SLV,Commodity,5011,3507,1,1504,GARCH,1.581222,1.588940,1.587870,1.593247,1.593247,-0.683599,0.494228,-0.666452,0.505123,-0.898917,0.368697,-0.898932,0.368689,1.384137,0.166316
SLV,Commodity,5011,3507,5,1500,GARCH,1.587642,1.590431,1.591365,1.593748,1.593748,-0.279297,0.780017,-0.414777,0.678305,-0.556687,0.577741,-0.556691,0.577739,1.158997,0.246457
SLV,Commodity,5011,3507,10,1495,GARCH,1.610888,1.624805,1.623788,1.627288,1.627288,-0.829069,0.407065,-0.910446,0.362588,-1.013052,0.311035,-1.013054,0.311034,0.812121,0.416722
SLV,Commodity,5011,3507,22,1483,GARCH,1.699470,1.710689,1.709768,1.709119,1.709120,-0.405299,0.685258,-0.456386,0.648113,-0.383744,0.701168,-0.383776,0.701145,-0.383103,0.701644
SLV,Commodity,5011,3507,44,1461,GARCH,1.822458,1.865559,1.853094,1.844973,1.844975,-1.288889,0.197437,-1.217985,0.223230,-1.104228,0.269494,-1.104270,0.269476,-1.424713,0.154240
SLV,Commodity,5011,3507,66,1439,GARCH,1.843309,1.917317,1.899362,1.892150,1.892153,-1.293385,0.195878,-1.175071,0.239967,-1.066497,0.286199,-1.066520,0.286189,-1.843438,0.065265
SLV,Commodity,5011,3507,88,1417,GARCH,1.967426,2.067416,2.057631,2.059960,2.059962,-1.583967,0.113201,-1.399635,0.161623,-1.398174,0.162061,-1.398169,0.162062,-1.343157,0.179221
SLV,Commodity,5011,3507,110,1395,GARCH,1.987943,2.083481,2.076317,2.079620,2.079622,-1.627807,0.103566,-1.412225,0.157884,-1.473800,0.140535,-1.473781,0.140540,-0.889944,0.373496
SLV,Commodity,5011,3507,132,1373,GARCH,1.967307,2.059985,2.052132,2.053238,2.053240,-1.616568,0.105972,-1.398268,0.162032,-1.512647,0.130369,-1.512614,0.130378,-2.920230,0.003498
SLV,Commodity,5011,3507,154,1351,GARCH,1.951371,2.036970,2.028831,2.025670,2.025672,-1.544915,0.122367,-1.337137,0.181178,-1.486211,0.137223,-1.486167,0.137235,-1.922454,0.054549
SLV,Commodity,5011,3507,176,1329,GARCH,1.917567,2.001682,1.992265,1.986303,1.986306,-1.507095,0.131786,-1.285464,0.198630,-1.411702,0.158038,-1.411662,0.158050,-2.092131,0.036427
USO,Commodity,5024,3516,1,1508,SEARCH,1.550011,1.534423,1.539223,1.536071,1.545347,1.027570,0.304152,0.788581,0.430357,1.078102,0.280988,0.407858,0.683378,0.318066,0.750435
USO,Commodity,5024,3516,5,1504,SEARCH,1.599909,1.575995,1.582061,1.576823,1.589008,1.231329,0.218200,1.032888,0.301656,1.339052,0.180554,0.790235,0.429390,0.140535,0.888237
USO,Commodity,5024,3516,10,1499,FIGARCH,1.663217,1.637921,1.645385,1.637467,1.652828,1.166979,0.243219,0.955179,0.339487,1.355828,0.175154,0.743467,0.457199,-0.061595,0.950885
USO,Commodity,5024,3516,22,1487,SEARCH,1.712178,1.668984,1.682419,1.670965,1.696832,1.490597,0.136067,1.233538,0.217375,1.463341,0.143374,0.845080,0.398066,0.198599,0.842576
USO,Commodity,5024,3516,44,1465,SEARCH,1.691150,1.677142,1.683495,1.678798,1.691073,0.911611,0.361973,0.682246,0.495083,0.699046,0.484523,0.008478,0.993236,0.262650,0.792820
USO,Commodity,5024,3516,66,1443,GARCH,1.613497,1.631848,1.629571,1.632303,1.628568,-1.246919,0.212427,-1.704553,0.088278,-1.130251,0.258370,-2.198314,0.027927,0.088090,0.929805
USO,Commodity,5024,3516,88,1421,GARCH,1.627782,1.667313,1.661723,1.671398,1.658584,-2.848398,0.004394,-3.202487,0.001362,-3.032826,0.002423,-3.448333,0.000564,1.012500,0.311299
USO,Commodity,5024,3516,110,1399,GARCH,1.611423,1.646327,1.642091,1.653429,1.641729,-2.469848,0.013517,-2.940159,0.003280,-2.770707,0.005593,-3.521362,0.000429,1.776214,0.075698
USO,Commodity,5024,3516,132,1377,GARCH,1.596003,1.629003,1.620482,1.636831,1.618140,-2.490454,0.012758,-2.477955,0.013214,-2.860327,0.004232,-2.813529,0.004900,2.196835,0.028032
USO,Commodity,5024,3516,154,1355,GARCH,1.589631,1.618222,1.607009,1.626418,1.603565,-2.003765,0.045095,-1.587119,0.112486,-2.413981,0.015779,-1.632336,0.102609,2.682223,0.007313
USO,Commodity,5024,3516,176,1333,GARCH,1.580601,1.622541,1.608368,1.631965,1.602811,-3.129834,0.001749,-2.646815,0.008125,-3.487406,0.000488,-2.398382,0.016468,3.393255,0.000691
UNG,Commodity,4768,3337,1,1431,GMARCH,1.304607,1.304669,1.302457,1.304608,1.304607,-0.020328,0.983782,0.695385,0.486814,-2.935120,0.003334,1.044869,0.296083,-0.019732,0.984257
UNG,Commodity,4768,3337,5,1427,HYGARCH,1.311911,1.314392,1.312092,1.311913,1.311910,-0.663816,0.506808,-0.056346,0.955066,-2.472846,0.013404,2.371019,0.017739,-0.663215,0.507193
UNG,Commodity,4768,3337,10,1422,HYGARCH,1.353122,1.356035,1.353508,1.353126,1.353121,-0.561630,0.574368,-0.092451,0.926340,-2.809295,0.004965,2.470750,0.013483,-0.560848,0.574901
UNG,Commodity,4768,3337,22,1410,GMARCH,1.385681,1.378952,1.376848,1.385688,1.385680,0.913180,0.361148,1.347715,0.177750,-2.832284,0.004622,3.091379,0.001992,0.913948,0.360744
UNG,Commodity,4768,3337,44,1388,GMARCH,1.519526,1.500576,1.497478,1.519542,1.519522,2.478449,0.013195,2.828674,0.004674,-3.509833,0.000448,3.432861,0.000597,2.479502,0.013157
UNG,Commodity,4768,3337,66,1366,GMARCH,1.566810,1.532764,1.530713,1.566834,1.566804,2.749790,0.005963,3.032951,0.002422,-3.949969,0.000078,4.038674,0.000054,2.750648,0.005948
UNG,Commodity,4768,3337,88,1344,GMARCH,1.604714,1.558092,1.556235,1.604745,1.604706,3.939532,0.000082,4.154448,0.000033,-4.709481,0.000002,4.136278,0.000035,3.940370,0.000081
UNG,Commodity,4768,3337,110,1322,GMARCH,1.611956,1.551570,1.548775,1.611997,1.611947,4.672680,0.000003,4.652140,0.000003,-4.984474,0.000001,4.964701,0.000001,4.673140,0.000003
UNG,Commodity,4768,3337,132,1300,GMARCH,1.622676,1.552598,1.547586,1.622725,1.622665,4.990237,0.000001,4.867960,0.000001,-5.115092,0.000000,5.471279,0.000000,4.990550,0.000001
UNG,Commodity,4768,3337,154,1278,GMARCH,1.639001,1.558407,1.552197,1.639058,1.638990,5.304582,0.000000,5.152213,0.000000,-5.394904,0.000000,5.684814,0.000000,5.304794,0.000000
UNG,Commodity,4768,3337,176,1256,GMARCH,1.669295,1.577333,1.570333,1.669358,1.669282,5.469629,0.000000,5.292569,0.000000,-5.545046,0.000000,6.105348,0.000000,5.469795,0.000000
DBA,Commodity,4838,3386,1,1452,GARCH,1.340389,1.340594,1.340501,1.341383,1.341443,-0.153233,0.878214,-0.145322,0.884457,-0.446723,0.655075,-0.474276,0.635303,0.673415,0.500684
DBA,Commodity,4838,3386,5,1448,FIGARCH,1.353225,1.353147,1.352987,1.352795,1.352824,0.045008,0.964101,0.287816,0.773487,0.148509,0.881941,0.139958,0.888693,-0.207744,0.835429
DBA,Commodity,4838,3386,10,1443,GARCH,1.375297,1.376542,1.375437,1.375443,1.375511,-0.598830,0.549287,-0.143764,0.885687,-0.037462,0.970117,-0.055456,0.955775,-0.463029,0.643343
DBA,Commodity,4838,3386,22,1431,GARCH,1.405606,1.410778,1.407413,1.412665,1.412778,-1.820388,0.068700,-1.566696,0.117186,-1.395250,0.162940,-1.428165,0.153244,0.659508,0.509570
DBA,Commodity,4838,3386,44,1409,GARCH,1.472976,1.477715,1.474622,1.478928,1.479454,-2.020752,0.043305,-1.807824,0.070634,-1.079455,0.280385,-1.159308,0.246331,0.306884,0.758932
DBA,Commodity,4838,3386,66,1387,GARCH,1.496707,1.502677,1.498685,1.503749,1.504529,-2.358933,0.018328,-2.139994,0.032355,-1.131449,0.257866,-1.237809,0.215787,0.237603,0.812189
DBA,Commodity,4838,3386,88,1365,GARCH,1.477686,1.485107,1.480245,1.485216,1.486016,-2.328745,0.019873,-2.335897,0.019497,-0.917573,0.358843,-1.005683,0.314568,0.019137,0.984732
DBA,Commodity,4838,3386,110,1343,GARCH,1.482584,1.491024,1.485603,1.492143,1.493060,-2.235854,0.025361,-2.194471,0.028202,-1.159447,0.246274,-1.250292,0.211193,0.221290,0.824867
DBA,Commodity,4838,3386,132,1321,GARCH,1.473143,1.481082,1.475929,1.483014,1.483960,-2.153043,0.031315,-2.081340,0.037403,-1.264761,0.205957,-1.353204,0.175990,0.415702,0.677628
DBA,Commodity,4838,3386,154,1299,GARCH,1.469152,1.475882,1.471553,1.479826,1.480602,-1.913471,0.055688,-1.854427,0.063678,-1.328043,0.184164,-1.396764,0.162485,0.805192,0.420709
DBA,Commodity,4838,3386,176,1277,GARCH,1.461681,1.466523,1.463353,1.472826,1.473342,-1.519144,0.128726,-1.455704,0.145475,-1.419332,0.155802,-1.461454,0.143891,1.282583,0.199638
DBB,Commodity,4838,3386,1,1452,SEARCH,1.401658,1.387077,1.388204,1.390754,1.390668,2.569985,0.010170,2.432359,0.015001,2.108330,0.035002,2.116063,0.034339,1.932570,0.053289
DBB,Commodity,4838,3386,5,1448,SEARCH,1.420820,1.410195,1.411474,1.414312,1.414234,1.811812,0.070015,1.664204,0.096072,1.383142,0.166621,1.392145,0.163879,2.258098,0.023940
DBB,Commodity,4838,3386,10,1443,SEARCH,1.445882,1.435334,1.435740,1.437618,1.437577,1.621056,0.105006,1.514812,0.129820,1.350595,0.176825,1.354826,0.175473,1.643849,0.100207
DBB,Commodity,4838,3386,22,1431,SEARCH,1.451675,1.437924,1.438537,1.440782,1.440756,2.073098,0.038163,1.931090,0.053472,1.803417,0.071323,1.804322,0.071181,1.884818,0.059454
DBB,Commodity,4838,3386,44,1409,GMARCH,1.455540,1.450099,1.449941,1.451489,1.451486,1.228444,0.219280,1.444342,0.148643,1.207075,0.227403,1.206291,0.227705,0.761111,0.446591
DBB,Commodity,4838,3386,66,1387,GARCH,1.445895,1.448974,1.447795,1.448333,1.448342,-0.508165,0.611337,-0.410056,0.681765,-0.582627,0.560145,-0.585480,0.558225,-0.282994,0.777181
DBB,Commodity,4838,3386,88,1365,GARCH,1.429310,1.439339,1.437178,1.437412,1.437407,-1.384979,0.166059,-1.420167,0.155559,-1.541736,0.123138,-1.545221,0.122293,-0.849601,0.395547
DBB,Commodity,4838,3386,110,1343,GARCH,1.450450,1.458635,1.456965,1.457631,1.457608,-1.795907,0.072509,-1.783017,0.074584,-1.950383,0.051131,-1.951139,0.051040,-0.733888,0.463017
DBB,Commodity,4838,3386,132,1321,GARCH,1.450635,1.462357,1.459795,1.460202,1.460182,-2.352039,0.018671,-2.420203,0.015512,-2.484920,0.012958,-2.488399,0.012832,-1.499625,0.133712
DBB,Commodity,4838,3386,154,1299,GARCH,1.442489,1.458667,1.455054,1.455329,1.455302,-2.793543,0.005213,-2.869951,0.004105,-2.832251,0.004622,-2.839041,0.004525,-2.422818,0.015401
DBB,Commodity,4838,3386,176,1277,GARCH,1.461168,1.478275,1.474694,1.475135,1.475106,-2.764000,0.005710,-2.819789,0.004806,-2.816052,0.004862,-2.821773,0.004776,-2.428619,0.015156
DBC,Commodity,5068,3547,1,1521,SEARCH,1.405431,1.399024,1.402793,1.405512,1.405513,0.952212,0.340990,0.408647,0.682799,-0.011430,0.990880,-0.011520,0.990809,1.828425,0.067486
DBC,Commodity,5068,3547,5,1517,SEARCH,1.469376,1.456124,1.460933,1.462879,1.462880,1.389758,0.164602,0.996105,0.319199,0.795988,0.426039,0.795890,0.426096,1.823452,0.068235
DBC,Commodity,5068,3547,10,1512,SEARCH,1.530696,1.502260,1.509005,1.509773,1.509774,1.560010,0.118757,1.363135,0.172840,1.403657,0.160421,1.403608,0.160436,1.902297,0.057132
DBC,Commodity,5068,3547,22,1500,SEARCH,1.559006,1.517293,1.526552,1.525712,1.525713,1.661496,0.096614,1.441401,0.149472,1.533330,0.125195,1.533288,0.125205,2.161644,0.030646
DBC,Commodity,5068,3547,44,1478,SEARCH,1.538708,1.523074,1.529687,1.527487,1.527488,1.845272,0.064998,1.298555,0.194097,1.532994,0.125277,1.532843,0.125314,1.657326,0.097454
DBC,Commodity,5068,3547,66,1456,SEARCH,1.506903,1.503432,1.506102,1.504302,1.504303,0.278993,0.780250,0.089227,0.928902,0.235188,0.814063,0.235110,0.814124,0.373316,0.708914
DBC,Commodity,5068,3547,88,1434,SEARCH,1.571454,1.571424,1.576166,1.575428,1.575429,0.003205,0.997443,-0.678596,0.497394,-0.477206,0.633215,-0.477359,0.633106,1.601120,0.109350
DBC,Commodity,5068,3547,110,1412,SEARCH,1.567867,1.562400,1.565445,1.566438,1.566439,0.534637,0.592901,0.316898,0.751321,0.148153,0.882222,0.148044,0.882308,2.055068,0.039872
DBC,Commodity,5068,3547,132,1390,GARCH,1.530213,1.540157,1.537705,1.541329,1.541330,-0.841960,0.399810,-0.803770,0.421530,-0.966442,0.333823,-0.966506,0.333791,1.067214,0.285875
DBC,Commodity,5068,3547,154,1368,GARCH,1.543676,1.554274,1.550730,1.554836,1.554836,-0.758928,0.447896,-0.640939,0.521562,-0.830642,0.406176,-0.830684,0.406152,0.600900,0.547906
DBC,Commodity,5068,3547,176,1346,GARCH,1.547454,1.563408,1.557012,1.564703,1.564704,-1.148874,0.250608,-0.845333,0.397925,-1.236781,0.216168,-1.236817,0.216155,1.186755,0.235324
TLT,Fixed Income,5955,4168,1,1787,FIGARCH,1.227198,1.218603,1.219462,1.217970,1.218015,1.358968,0.174157,1.274153,0.202609,1.563531,0.117928,1.554736,0.120009,-0.502148,0.615564
TLT,Fixed Income,5955,4168,5,1783,SEARCH,1.273517,1.271119,1.274049,1.273008,1.273042,0.535768,0.592119,-0.149467,0.881185,0.144861,0.884821,0.135510,0.892208,0.635160,0.525324
TLT,Fixed Income,5955,4168,10,1778,GARCH,1.359706,1.359911,1.362539,1.361009,1.361015,-0.038192,0.969534,-0.583353,0.559655,-0.243823,0.807368,-0.246713,0.805130,0.400125,0.689064
TLT,Fixed Income,5955,4168,22,1766,SEARCH,1.455396,1.452800,1.452960,1.453502,1.453496,0.395354,0.692582,0.414496,0.678511,0.396981,0.691382,0.398688,0.690123,0.223342,0.823269
TLT,Fixed Income,5955,4168,44,1744,GMARCH,1.474788,1.473150,1.471406,1.474644,1.474595,0.223272,0.823324,0.473917,0.635559,0.028266,0.977450,0.037890,0.969776,0.372398,0.709596
TLT,Fixed Income,5955,4168,66,1722,GARCH,1.454469,1.468437,1.462492,1.466922,1.466759,-1.633617,0.102339,-1.597258,0.110208,-1.452425,0.146384,-1.464005,0.143193,-0.765495,0.443977
TLT,Fixed Income,5955,4168,88,1700,GARCH,1.468067,1.485618,1.477697,1.483301,1.483074,-1.365091,0.172224,-1.373233,0.169680,-1.224557,0.220742,-1.230912,0.218356,-1.604550,0.108593
TLT,Fixed Income,5955,4168,110,1678,GARCH,1.457442,1.486734,1.475204,1.481237,1.480927,-1.550206,0.121092,-1.636950,0.101641,-1.445402,0.148345,-1.455942,0.145409,-2.125589,0.033538
TLT,Fixed Income,5955,4168,132,1656,GARCH,1.442246,1.483208,1.469617,1.475465,1.475061,-1.526150,0.126972,-1.516937,0.129283,-1.473931,0.140500,-1.481017,0.138602,-1.773464,0.076152
TLT,Fixed Income,5955,4168,154,1634,GARCH,1.502244,1.552542,1.538575,1.542632,1.542597,-1.566624,0.117203,-1.529989,0.126019,-1.532429,0.125417,-1.535030,0.124776,-1.707188,0.087787
TLT,Fixed Income,5955,4168,176,1612,GARCH,1.538410,1.597772,1.582889,1.585231,1.585478,-1.689921,0.091043,-1.677749,0.093396,-1.679107,0.093131,-1.678074,0.093333,-1.726048,0.084339
IEF,Fixed Income,5955,4168,1,1787,SEARCH,1.298649,1.295137,1.296117,1.295714,1.295723,0.901801,0.367163,0.753071,0.451407,1.074337,0.282672,1.074556,0.282574,0.384200,0.700830
IEF,Fixed Income,5955,4168,5,1783,GARCH,1.328685,1.328736,1.330423,1.329487,1.329495,-0.014229,0.988648,-0.649166,0.516231,-0.372261,0.709699,-0.373604,0.708699,0.323010,0.746688
IEF,Fixed Income,5955,4168,10,1778,GARCH,1.380764,1.382502,1.384076,1.381965,1.381961,-0.460782,0.644955,-1.041756,0.297525,-0.393602,0.693875,-0.388752,0.697459,-0.257430,0.796847
IEF,Fixed Income,5955,4168,22,1766,GARCH,1.437714,1.440094,1.439970,1.438734,1.438696,-0.556506,0.577865,-0.668733,0.503666,-0.367969,0.712896,-0.352018,0.724824,-0.646821,0.517748
IEF,Fixed Income,5955,4168,44,1744,GARCH,1.451560,1.455386,1.453808,1.453725,1.453702,-0.859044,0.390316,-0.638479,0.523162,-0.741512,0.458383,-0.728746,0.466157,-0.763228,0.445327
IEF,Fixed Income,5955,4168,66,1722,GARCH,1.439416,1.451778,1.447928,1.447845,1.447906,-2.895695,0.003783,-2.905733,0.003664,-2.587696,0.009662,-2.576279,0.009987,-2.690718,0.007130
IEF,Fixed Income,5955,4168,88,1700,GARCH,1.472842,1.484402,1.480592,1.480979,1.481030,-2.099155,0.035803,-2.288332,0.022118,-1.829024,0.067396,-1.818552,0.068980,-2.575347,0.010014
IEF,Fixed Income,5955,4168,110,1678,GARCH,1.482864,1.499202,1.493829,1.494525,1.494585,-2.418893,0.015568,-2.650607,0.008035,-2.269131,0.023260,-2.251015,0.024385,-2.721592,0.006497
IEF,Fixed Income,5955,4168,132,1656,GARCH,1.492228,1.510981,1.504874,1.505856,1.505937,-2.256612,0.024032,-2.227048,0.025944,-2.201063,0.027732,-2.191412,0.028422,-2.375738,0.017514
IEF,Fixed Income,5955,4168,154,1634,GARCH,1.518484,1.540133,1.533893,1.534791,1.534807,-2.339080,0.019331,-2.217928,0.026560,-2.297907,0.021567,-2.294048,0.021788,-2.452036,0.014205
IEF,Fixed Income,5955,4168,176,1612,GARCH,1.544823,1.570129,1.563135,1.563971,1.563928,-2.496324,0.012549,-2.380815,0.017274,-2.493837,0.012637,-2.495938,0.012562,-2.493498,0.012649
SHY,Fixed Income,5955,4168,1,1787,GMARCH,1.500559,1.496411,1.486288,1.490623,1.492077,0.610139,0.541770,1.062203,0.288143,0.696948,0.485835,0.644648,0.519155,-0.677965,0.497794
SHY,Fixed Income,5955,4168,5,1783,GARCH,1.568920,1.571336,1.574335,1.584367,1.584962,-0.334959,0.737656,-0.462380,0.643809,-1.553138,0.120390,-1.835932,0.066368,2.700443,0.006925
SHY,Fixed Income,5955,4168,10,1778,GARCH,1.658990,1.660779,1.664833,1.672431,1.672901,-0.187019,0.851645,-0.389567,0.696857,-0.977210,0.328465,-1.185224,0.235929,1.939946,0.052386
SHY,Fixed Income,5955,4168,22,1766,SEARCH,1.752248,1.751401,1.753486,1.757696,1.760284,0.064087,0.948901,-0.062571,0.950108,-0.290562,0.771386,-0.509926,0.610104,0.902282,0.366907
SHY,Fixed Income,5955,4168,44,1744,GARCH,1.816981,1.821315,1.824149,1.821972,1.826257,-0.309145,0.757211,-0.344383,0.730558,-0.236600,0.812967,-0.502247,0.615494,0.076826,0.938762
SHY,Fixed Income,5955,4168,66,1722,GARCH,1.853439,1.878884,1.892535,1.889658,1.894355,-2.028940,0.042464,-2.075187,0.037969,-1.953330,0.050780,-2.190664,0.028476,1.414466,0.157225
SHY,Fixed Income,5955,4168,88,1700,GARCH,2.020847,2.063800,2.074909,2.078803,2.093215,-2.847137,0.004411,-2.825461,0.004721,-2.784880,0.005355,-2.727266,0.006386,2.226307,0.025994
SHY,Fixed Income,5955,4168,110,1678,GARCH,2.132279,2.196635,2.203403,2.214025,2.238480,-3.547771,0.000389,-3.416679,0.000634,-3.653364,0.000259,-3.341257,0.000834,3.210925,0.001323
SHY,Fixed Income,5955,4168,132,1656,GARCH,2.210508,2.294180,2.302831,2.316883,2.347735,-3.766847,0.000165,-3.427442,0.000609,-3.669012,0.000243,-3.536096,0.000406,2.936633,0.003318
SHY,Fixed Income,5955,4168,154,1634,GARCH,2.319532,2.430399,2.445006,2.468261,2.508281,-3.902512,0.000095,-3.517971,0.000435,-3.765989,0.000166,-3.639600,0.000273,3.273462,0.001062
SHY,Fixed Income,5955,4168,176,1612,GARCH,2.509340,2.644140,2.646269,2.690645,2.752313,-3.886745,0.000102,-3.923284,0.000087,-3.986101,0.000067,-3.621965,0.000292,4.125512,0.000037
HYG,Fixed Income,4773,3341,1,1432,FIGARCH,1.354485,1.367728,1.353106,1.351982,1.353796,-1.064736,0.286995,0.323550,0.746279,0.324951,0.745218,0.087057,0.930626,-1.781892,0.074767
HYG,Fixed Income,4773,3341,5,1428,GMARCH,1.421389,1.430974,1.416067,1.416818,1.417279,-0.590821,0.554641,1.138690,0.254833,0.562542,0.573747,0.579634,0.562161,-1.081178,0.279618
HYG,Fixed Income,4773,3341,10,1423,GMARCH,1.511305,1.539572,1.503838,1.505197,1.505585,-1.019665,0.307887,0.743666,0.457078,0.428396,0.668363,0.509171,0.610632,-1.799831,0.071887
HYG,Fixed Income,4773,3341,22,1411,GMARCH,1.560770,1.594388,1.532584,1.546502,1.546851,-0.873040,0.382641,1.698382,0.089436,0.595272,0.551661,0.735420,0.462084,-2.460946,0.013857
HYG,Fixed Income,4773,3341,44,1389,FIGARCH,1.723777,1.698914,1.640525,1.636713,1.647460,0.486555,0.626574,3.288270,0.001008,3.539540,0.000401,3.721631,0.000198,-2.091850,0.036452
HYG,Fixed Income,4773,3341,66,1367,GMARCH,1.827230,1.763923,1.681025,1.690906,1.709205,1.100204,0.271243,4.313441,0.000016,5.555195,0.000000,5.699249,0.000000,-2.022225,0.043153
HYG,Fixed Income,4773,3341,88,1345,GMARCH,1.961290,1.902964,1.758973,1.809967,1.828421,0.665825,0.505523,4.406770,0.000010,4.071312,0.000047,4.273142,0.000019,-1.764579,0.077635
HYG,Fixed Income,4773,3341,110,1323,GMARCH,2.059953,1.968251,1.810053,1.882568,1.902321,0.984033,0.325099,4.624475,0.000004,4.710208,0.000002,4.974025,0.000001,-1.495082,0.134893
HYG,Fixed Income,4773,3341,132,1301,GMARCH,2.141698,2.033085,1.836088,1.947630,1.967927,1.050336,0.293564,5.147655,0.000000,4.855551,0.000001,5.154505,0.000000,-1.314216,0.188774
HYG,Fixed Income,4773,3341,154,1279,GMARCH,2.236861,2.122112,1.884630,2.027214,2.047162,0.985808,0.324227,5.234643,0.000000,4.887704,0.000001,5.298862,0.000000,-1.267142,0.205105
HYG,Fixed Income,4773,3341,176,1257,GMARCH,2.316929,2.179915,1.907889,2.090545,2.111248,1.154846,0.248154,5.585373,0.000000,5.240113,0.000000,5.720343,0.000000,-1.163249,0.244729
LQD,Fixed Income,5955,4168,1,1787,GMARCH,1.339501,1.365092,1.338924,1.367447,1.367681,-2.257921,0.023951,0.139343,0.889179,-2.368826,0.017845,-2.395069,0.016617,0.773923,0.438976
LQD,Fixed Income,5955,4168,5,1783,GARCH,1.535032,1.607359,1.543712,1.616389,1.622674,-1.103670,0.269736,-0.587150,0.557103,-1.083616,0.278535,-1.049764,0.293827,0.870587,0.383979
LQD,Fixed Income,5955,4168,10,1778,GARCH,1.924729,2.088482,1.960154,2.110499,2.125629,-1.122783,0.261530,-0.970412,0.331841,-1.130906,0.258095,-1.116534,0.264194,1.118183,0.263489
LQD,Fixed Income,5955,4168,22,1766,GMARCH,2.661959,2.669403,2.656696,2.691939,2.719132,-0.179219,0.857766,0.379703,0.704166,-1.102208,0.270371,-1.924667,0.054271,1.011919,0.311577
LQD,Fixed Income,5955,4168,44,1744,GARCH,2.471457,2.688553,2.534684,2.685789,2.691343,-1.643765,0.100225,-1.736579,0.082462,-1.597668,0.110117,-1.548039,0.121613,-0.366003,0.714362
LQD,Fixed Income,5955,4168,66,1722,GARCH,2.361509,2.663094,2.448596,2.637662,2.629628,-1.693993,0.090267,-1.925959,0.054109,-1.661838,0.096545,-1.630905,0.102910,-1.920397,0.054808
LQD,Fixed Income,5955,4168,88,1700,GARCH,2.343132,2.676793,2.445298,2.639602,2.625739,-1.613443,0.106648,-1.902808,0.057066,-1.602437,0.109059,-1.590907,0.111631,-1.652455,0.098442
LQD,Fixed Income,5955,4168,110,1678,GARCH,2.379421,2.738592,2.488897,2.701073,2.685422,-1.665667,0.095780,-2.099235,0.035796,-1.667310,0.095453,-1.663151,0.096282,-1.613595,0.106615
LQD,Fixed Income,5955,4168,132,1656,GARCH,2.378029,2.791816,2.504316,2.758078,2.741878,-1.677085,0.093526,-2.083592,0.037197,-1.683950,0.092191,-1.681338,0.092697,-1.551122,0.120873
LQD,Fixed Income,5955,4168,154,1634,GARCH,2.440922,2.904683,2.571958,2.883090,2.866507,-1.694432,0.090183,-2.167797,0.030174,-1.706281,0.087956,-1.706420,0.087930,-1.460850,0.144057
LQD,Fixed Income,5955,4168,176,1612,GARCH,2.453075,2.937876,2.591486,2.915454,2.897720,-1.769923,0.076740,-2.207943,0.027248,-1.788930,0.073626,-1.789215,0.073580,-1.440405,0.149753
BTC-USD,Crypto,4214,2949,1,1265,FIGARCH,1.911183,1.918653,1.917675,1.891375,1.911178,-3.202914,0.001360,-3.410100,0.000649,5.956708,0.000000,6.481266,0.000000,-5.539944,0.000000
BTC-USD,Crypto,4214,2949,5,1261,FIGARCH,2.029193,2.033486,2.029787,2.005022,2.029189,-1.664557,0.096001,-0.407297,0.683790,8.041904,0.000000,6.738172,0.000000,-6.090999,0.000000
BTC-USD,Crypto,4214,2949,10,1256,FIGARCH,2.130044,2.149952,2.139271,2.099593,2.130039,-5.924567,0.000000,-5.005969,0.000001,6.967456,0.000000,6.009689,0.000000,-7.049632,0.000000
BTC-USD,Crypto,4214,2949,22,1244,FIGARCH,2.261105,2.297190,2.277274,2.212224,2.261100,-10.728545,0.000000,-8.936160,0.000000,11.780123,0.000000,9.738192,0.000000,-11.947536,0.000000
BTC-USD,Crypto,4214,2949,44,1222,FIGARCH,2.374347,2.402997,2.383556,2.314029,2.374345,-16.111146,0.000000,-9.604227,0.000000,16.374524,0.000000,7.220202,0.000000,-16.917906,0.000000
BTC-USD,Crypto,4214,2949,66,1200,FIGARCH,2.426783,2.441573,2.426028,2.371956,2.426784,-18.105712,0.000000,1.668908,0.095136,18.581095,0.000000,-3.510293,0.000448,-19.156457,0.000000
BTC-USD,Crypto,4214,2949,88,1178,FIGARCH,2.427148,2.430779,2.418454,2.387392,2.427152,-8.349670,0.000000,20.776469,0.000000,15.834479,0.000000,-17.641434,0.000000,-15.243878,0.000000
BTC-USD,Crypto,4214,2949,110,1156,FIGARCH,2.446170,2.443369,2.432715,2.423144,2.446176,11.347567,0.000000,26.485614,0.000000,11.807612,0.000000,-24.222167,0.000000,-9.794901,0.000000
BTC-USD,Crypto,4214,2949,132,1134,GMARCH,2.457614,2.451051,2.441307,2.452621,2.457622,26.281243,0.000000,27.995503,0.000000,3.177193,0.001487,-27.397410,0.000000,0.964776,0.334657
BTC-USD,Crypto,4214,2949,154,1112,GMARCH,2.468892,2.460329,2.450972,2.480399,2.468901,28.121285,0.000000,28.358802,0.000000,-7.980755,0.000000,-28.077926,0.000000,12.650219,0.000000
BTC-USD,Crypto,4214,2949,176,1090,GMARCH,2.478356,2.468759,2.459592,2.505234,2.478366,28.149921,0.000000,28.131006,0.000000,-16.786658,0.000000,-28.001227,0.000000,19.805339,0.000000
ETH-USD,Crypto,3065,2145,1,920,SEARCH,1.938475,1.927255,1.939820,1.939398,1.938718,0.787580,0.430942,-0.166404,0.867839,-0.050339,0.959852,-0.013218,0.989454,0.955339,0.339406
ETH-USD,Crypto,3065,2145,5,916,HYGARCH,1.970221,1.946448,1.975701,1.939608,1.939075,1.766123,0.077375,-0.710886,0.477155,2.430726,0.015069,2.503152,0.012309,-1.051906,0.292843
ETH-USD,Crypto,3065,2145,10,911,HYGARCH,2.014644,1.981312,2.036309,1.977472,1.977410,2.022740,0.043100,-2.222964,0.026218,2.229623,0.025772,2.271498,0.023117,-0.772952,0.439551
ETH-USD,Crypto,3065,2145,22,899,FIGARCH,2.037333,1.969353,2.069700,1.960232,1.961099,3.625895,0.000288,-4.001703,0.000063,4.164796,0.000031,4.178450,0.000029,-1.750058,0.080108
ETH-USD,Crypto,3065,2145,44,877,FIGARCH,2.100185,2.003699,2.093802,1.987661,1.989116,5.878391,0.000000,1.421583,0.155147,6.003761,0.000000,6.020447,0.000000,-3.317173,0.000909
ETH-USD,Crypto,3065,2145,66,855,FIGARCH,2.097842,1.990657,2.066690,1.966041,1.968265,7.971816,0.000000,6.145374,0.000000,7.626083,0.000000,7.618456,0.000000,-4.311030,0.000016
ETH-USD,Crypto,3065,2145,88,833,FIGARCH,2.123473,2.042324,2.070316,2.009161,2.011952,6.574163,0.000000,10.756954,0.000000,6.560210,0.000000,6.519299,0.000000,-5.077098,0.000000
ETH-USD,Crypto,3065,2145,110,811,FIGARCH,2.129994,2.071948,2.066464,2.029167,2.032610,5.679626,0.000000,10.617511,0.000000,6.475782,0.000000,6.374192,0.000000,-6.176580,0.000000
ETH-USD,Crypto,3065,2145,132,789,FIGARCH,2.134578,2.114362,2.065102,2.065044,2.068961,2.333565,0.019618,10.682440,0.000000,5.052302,0.000000,4.863814,0.000001,-7.207210,0.000000
ETH-USD,Crypto,3065,2145,154,767,GMARCH,2.125795,2.134468,2.054294,2.083562,2.087842,-1.187544,0.235013,10.346364,0.000000,3.508554,0.000451,3.217295,0.001294,-7.111333,0.000000
ETH-USD,Crypto,3065,2145,176,745,GMARCH,2.150202,2.187209,2.077490,2.133686,2.138411,-4.856589,0.000001,10.014069,0.000000,1.449649,0.147157,1.049128,0.294119,-7.463871,0.000000
LTC-USD,Crypto,4214,2949,1,1265,HYGARCH,1.909550,1.909495,1.909260,1.908854,1.908382,0.725782,0.467973,1.305359,0.191771,1.275469,0.202143,1.245800,0.212838,-1.303062,0.192554
LTC-USD,Crypto,4214,2949,5,1261,GARCH,1.953429,1.953674,1.953993,1.954736,1.954199,-3.504546,0.000457,-3.200912,0.001370,-3.619213,0.000295,-2.150560,0.031511,3.461018,0.000538
LTC-USD,Crypto,4214,2949,10,1256,HYGARCH,1.996290,1.996449,1.996466,1.996831,1.996001,-2.622894,0.008719,-1.378684,0.167992,-2.577641,0.009948,1.217876,0.223271,2.288460,0.022111
LTC-USD,Crypto,4214,2949,22,1244,HYGARCH,2.064285,2.064119,2.063697,2.063935,2.062802,4.368642,0.000013,5.858117,0.000000,3.485768,0.000491,6.077524,0.000000,-2.228606,0.025840
LTC-USD,Crypto,4214,2949,44,1222,HYGARCH,2.119205,2.118800,2.118250,2.118921,2.117521,10.428181,0.000000,10.085764,0.000000,6.154755,0.000000,9.198601,0.000000,3.780100,0.000157
LTC-USD,Crypto,4214,2949,66,1200,HYGARCH,2.139400,2.139018,2.138579,2.139357,2.138163,11.631631,0.000000,11.221574,0.000000,3.594058,0.000326,10.048496,0.000000,12.264461,0.000000
LTC-USD,Crypto,4214,2949,88,1178,HYGARCH,2.150045,2.149730,2.149409,2.150070,2.149244,11.863348,0.000000,11.438633,0.000000,-6.022678,0.000000,9.889438,0.000000,12.310409,0.000000
LTC-USD,Crypto,4214,2949,110,1156,HYGARCH,2.167792,2.167521,2.167267,2.167834,2.167233,12.731062,0.000000,12.576709,0.000000,-12.354189,0.000000,11.563785,0.000000,12.833438,0.000000
LTC-USD,Crypto,4214,2949,132,1134,GMARCH,2.184665,2.184426,2.184219,2.184710,2.184272,12.545027,0.000000,12.417792,0.000000,-12.608820,0.000000,11.434838,0.000000,12.585286,0.000000
LTC-USD,Crypto,4214,2949,154,1112,GMARCH,2.205869,2.205643,2.205454,2.205915,2.205545,12.775623,0.000000,12.723770,0.000000,-12.907558,0.000000,12.253139,0.000000,12.802783,0.000000
LTC-USD,Crypto,4214,2949,176,1090,GMARCH,2.195351,2.195132,2.194953,2.195395,2.195063,12.633308,0.000000,12.603149,0.000000,-12.643564,0.000000,12.345438,0.000000,12.635721,0.000000
XRP-USD,Crypto,3065,2145,1,920,SEARCH,1.972496,1.952576,1.968836,1.952816,1.952816,4.411750,0.000010,3.310400,0.000932,5.583567,0.000000,5.583562,0.000000,0.119545,0.904843
XRP-USD,Crypto,3065,2145,5,916,SEARCH,2.250568,2.176224,2.247117,2.180098,2.180099,6.692908,0.000000,4.402095,0.000011,6.872752,0.000000,6.872749,0.000000,1.679123,0.093128
XRP-USD,Crypto,3065,2145,10,911,SEARCH,2.423376,2.276195,2.413238,2.281551,2.281552,9.287693,0.000000,11.392511,0.000000,9.388377,0.000000,9.388384,0.000000,2.509555,0.012088
XRP-USD,Crypto,3065,2145,22,899,FIGARCH,2.535700,2.340467,2.523170,2.333812,2.333812,11.167786,0.000000,14.201908,0.000000,11.087133,0.000000,11.087143,0.000000,-4.365878,0.000013
XRP-USD,Crypto,3065,2145,44,877,FIGARCH,2.566870,2.381211,2.555018,2.367533,2.367534,12.463273,0.000000,15.240967,0.000000,12.117170,0.000000,12.117183,0.000000,-7.446220,0.000000
XRP-USD,Crypto,3065,2145,66,855,FIGARCH,2.562666,2.392769,2.551106,2.380252,2.380252,12.349816,0.000000,14.839092,0.000000,12.074182,0.000000,12.074195,0.000000,-7.469517,0.000000
XRP-USD,Crypto,3065,2145,88,833,FIGARCH,2.537617,2.378029,2.526192,2.368380,2.368381,12.408298,0.000000,14.399271,0.000000,12.210638,0.000000,12.210651,0.000000,-6.922028,0.000000
XRP-USD,Crypto,3065,2145,110,811,FIGARCH,2.533700,2.382286,2.522358,2.376629,2.376630,11.628282,0.000000,13.952594,0.000000,11.251805,0.000000,11.251819,0.000000,-4.512571,0.000006
XRP-USD,Crypto,3065,2145,132,789,FIGARCH,2.507974,2.362713,2.496741,2.360517,2.360518,11.218749,0.000000,13.501530,0.000000,10.849547,0.000000,10.849561,0.000000,-2.224808,0.026094
XRP-USD,Crypto,3065,2145,154,767,SEARCH,2.477918,2.337473,2.466814,2.338005,2.338006,10.900507,0.000000,13.039929,0.000000,10.623839,0.000000,10.623851,0.000000,0.714309,0.475036
XRP-USD,Crypto,3065,2145,176,745,SEARCH,2.499064,2.359635,2.487895,2.362475,2.362476,10.815723,0.000000,12.807697,0.000000,10.661051,0.000000,10.661061,0.000000,4.378321,0.000012
^VIX,Volatility,6599,4619,1,1980,SEARCH,1.665409,1.636520,1.663276,1.637304,1.637303,2.283826,0.022382,0.739381,0.459676,2.753253,0.005901,2.753298,0.005900,0.271232,0.786212
^VIX,Volatility,6599,4619,5,1976,HYGARCH,1.747375,1.719692,1.747245,1.718341,1.718341,1.472090,0.140996,0.036613,0.970794,1.911157,0.055984,1.911162,0.055984,-0.338921,0.734669
^VIX,Volatility,6599,4619,10,1971,HYGARCH,1.797172,1.765809,1.798305,1.765406,1.765406,1.378053,0.168187,-0.271827,0.785755,1.650553,0.098830,1.650551,0.098830,-0.103272,0.917747
^VIX,Volatility,6599,4619,22,1959,FIGARCH,1.774285,1.767367,1.778699,1.762781,1.762781,0.309061,0.757275,-1.283069,0.199468,0.591017,0.554509,0.591001,0.554520,-1.401090,0.161187
^VIX,Volatility,6599,4619,44,1937,FIGARCH,1.780134,1.755494,1.778218,1.754972,1.754973,1.105830,0.268800,1.443677,0.148830,1.271975,0.203382,1.271948,0.203392,-0.197298,0.843595
^VIX,Volatility,6599,4619,66,1915,SEARCH,1.783270,1.748814,1.780745,1.750582,1.750583,1.417476,0.156344,1.801844,0.071570,1.530180,0.125972,1.530156,0.125978,0.571510,0.567654
^VIX,Volatility,6599,4619,88,1893,SEARCH,1.792467,1.766313,1.791184,1.767607,1.767608,1.329933,0.183540,2.168176,0.030145,1.463857,0.143233,1.463816,0.143244,0.457389,0.647392
^VIX,Volatility,6599,4619,110,1871,FIGARCH,1.776870,1.766767,1.775802,1.765798,1.765799,0.589255,0.555690,2.141448,0.032238,0.737050,0.461092,0.736974,0.461138,-0.443113,0.657684
^VIX,Volatility,6599,4619,132,1849,SEARCH,1.775402,1.750342,1.774281,1.752469,1.752470,1.348444,0.177516,2.177696,0.029429,1.430843,0.152475,1.430789,0.152491,0.812085,0.416743
^VIX,Volatility,6599,4619,154,1827,SEARCH,1.772922,1.757751,1.771821,1.758579,1.758580,0.971445,0.331327,2.121590,0.033872,1.070791,0.284264,1.070706,0.284302,0.359050,0.719557
^VIX,Volatility,6599,4619,176,1805,FIGARCH,1.776872,1.771366,1.775790,1.771032,1.771034,0.464207,0.642499,2.065848,0.038843,0.567758,0.570199,0.567610,0.570300,-0.206020,0.836775
AAPL,US Stock,6599,4619,1,1980,FIGARCH,1.586132,1.585668,1.586059,1.581668,1.581746,0.064315,0.948719,0.016520,0.986820,0.613839,0.539322,0.602498,0.546842,-1.982727,0.047398
AAPL,US Stock,6599,4619,5,1976,GARCH,1.627241,1.642506,1.636432,1.639141,1.639244,-1.469475,0.141704,-1.532346,0.125437,-1.318069,0.187481,-1.325325,0.185063,-1.265724,0.205612
AAPL,US Stock,6599,4619,10,1971,GARCH,1.685046,1.711048,1.697077,1.707595,1.707707,-1.418411,0.156071,-1.247009,0.212394,-1.436161,0.150957,-1.438894,0.150180,-0.866903,0.385995
AAPL,US Stock,6599,4619,22,1959,GARCH,1.777121,1.822862,1.798930,1.815922,1.816142,-1.558774,0.119050,-1.437480,0.150582,-1.689577,0.091109,-1.690947,0.090847,-0.949488,0.342373
AAPL,US Stock,6599,4619,44,1937,GARCH,1.871163,1.910082,1.888754,1.897268,1.897652,-1.098682,0.271907,-0.868935,0.384883,-1.027248,0.304304,-1.035232,0.300561,-1.076040,0.281909
AAPL,US Stock,6599,4619,66,1915,GARCH,1.862270,1.895324,1.874261,1.883447,1.883849,-0.897072,0.369680,-0.639147,0.522727,-0.769587,0.441545,-0.779343,0.435778,-1.174779,0.240083
AAPL,US Stock,6599,4619,88,1893,GARCH,1.855425,1.878741,1.861064,1.871888,1.872233,-0.697085,0.485750,-0.371865,0.709993,-0.632871,0.526818,-0.642667,0.520440,-0.863687,0.387760
AAPL,US Stock,6599,4619,110,1871,GMARCH,1.851158,1.863715,1.850031,1.862377,1.862642,-0.429141,0.667820,0.099879,0.920440,-0.462936,0.643410,-0.471938,0.636971,-0.245616,0.805980
AAPL,US Stock,6599,4619,132,1849,GMARCH,1.866643,1.873628,1.864688,1.873785,1.874027,-0.253650,0.799766,0.205010,0.837564,-0.303190,0.761745,-0.312402,0.754735,0.036059,0.971235
AAPL,US Stock,6599,4619,154,1827,GARCH,1.886187,1.893033,1.887909,1.891600,1.891876,-0.246642,0.805185,-0.179619,0.857452,-0.230705,0.817544,-0.241700,0.809013,-0.305553,0.759945
AAPL,US Stock,6599,4619,176,1805,FIGARCH,1.886849,1.886860,1.889940,1.885501,1.885773,-0.000409,0.999674,-0.333154,0.739018,0.059997,0.952158,0.047729,0.961932,-0.287918,0.773409
MSFT,US Stock,6599,4619,1,1980,SEARCH,1.603846,1.586785,1.594422,1.594849,1.594849,1.870355,0.061435,1.687755,0.091458,0.986948,0.323668,0.987007,0.323639,2.469195,0.013542
MSFT,US Stock,6599,4619,5,1976,SEARCH,1.639859,1.632320,1.641794,1.646972,1.646971,1.362234,0.173124,-0.359602,0.719145,-1.000919,0.316866,-1.000846,0.316901,2.051063,0.040261
MSFT,US Stock,6599,4619,10,1971,SEARCH,1.695078,1.693714,1.704771,1.709056,1.709055,0.200448,0.841130,-0.952142,0.341025,-1.180061,0.237976,-1.180006,0.237998,1.643262,0.100329
MSFT,US Stock,6599,4619,22,1959,SEARCH,1.865883,1.852841,1.880877,1.867151,1.867150,0.875341,0.381388,-1.130899,0.258098,-0.155540,0.876395,-0.155414,0.876495,1.567983,0.116885
MSFT,US Stock,6599,4619,44,1937,SEARCH,1.943062,1.920504,1.946836,1.940551,1.940549,1.103846,0.269660,-0.642896,0.520292,0.306190,0.759460,0.306421,0.759284,1.441998,0.149303
MSFT,US Stock,6599,4619,66,1915,SEARCH,1.936516,1.920252,1.942253,1.936225,1.936223,1.523299,0.127684,-0.954497,0.339832,0.074979,0.940231,0.075521,0.939800,1.676929,0.093556
MSFT,US Stock,6599,4619,88,1893,GARCH,1.889198,1.893037,1.905817,1.897880,1.897879,-0.807891,0.419154,-1.604047,0.108704,-1.594213,0.110888,-1.593954,0.110946,1.206258,0.227718
MSFT,US Stock,6599,4619,110,1871,GARCH,1.862251,1.877389,1.884817,1.876609,1.876608,-1.929229,0.053702,-1.877563,0.060441,-1.840199,0.065739,-1.839999,0.065768,-0.333470,0.738779
MSFT,US Stock,6599,4619,132,1849,GARCH,1.849741,1.870062,1.875639,1.866918,1.866917,-1.940575,0.052310,-1.921270,0.054698,-1.893646,0.058272,-1.893434,0.058300,-1.374247,0.169365
MSFT,US Stock,6599,4619,154,1827,GARCH,1.858758,1.878260,1.885690,1.876073,1.876072,-2.098597,0.035852,-1.952036,0.050934,-1.865141,0.062162,-1.864929,0.062191,-1.481026,0.138600
MSFT,US Stock,6599,4619,176,1805,GARCH,1.863998,1.882081,1.890959,1.879875,1.879874,-2.172082,0.029849,-1.946231,0.051627,-1.924891,0.054243,-1.924618,0.054277,-1.733919,0.082932
GOOG,US Stock,5437,3805,1,1632,SEARCH,1.639919,1.627167,1.631129,1.630378,1.630611,1.210960,0.225911,1.406096,0.159696,0.956219,0.338962,0.930676,0.352021,0.969753,0.332170
GOOG,US Stock,5437,3805,5,1628,SEARCH,1.663256,1.652081,1.656960,1.658725,1.659263,1.467371,0.142275,1.929042,0.053726,0.801941,0.422587,0.682731,0.494777,1.187445,0.235052
GOOG,US Stock,5437,3805,10,1623,SEARCH,1.701953,1.693809,1.699574,1.701742,1.702269,1.157231,0.247178,0.612993,0.539881,0.030820,0.975413,-0.043297,0.965465,1.135129,0.256321
GOOG,US Stock,5437,3805,22,1611,SEARCH,1.756334,1.747274,1.757069,1.757535,1.758203,0.934788,0.349898,-0.186043,0.852411,-0.230987,0.817325,-0.348682,0.727328,1.271837,0.203431
GOOG,US Stock,5437,3805,44,1589,SEARCH,1.791482,1.775642,1.791523,1.787256,1.788043,1.302611,0.192708,-0.011834,0.990558,0.713482,0.475547,0.572964,0.566669,1.235801,0.216533
GOOG,US Stock,5437,3805,66,1567,SEARCH,1.766631,1.756243,1.769552,1.763181,1.763884,1.201373,0.229607,-0.994477,0.319991,0.628511,0.529670,0.485745,0.627148,1.039772,0.298446
GOOG,US Stock,5437,3805,88,1545,SEARCH,1.754532,1.747228,1.759373,1.748938,1.749404,0.944969,0.344675,-1.434493,0.151432,0.826436,0.408557,0.733643,0.463166,0.413330,0.679365
GOOG,US Stock,5437,3805,110,1523,FIGARCH,1.738357,1.731652,1.743155,1.730591,1.730913,0.897445,0.369481,-1.389612,0.164647,1.000535,0.317052,0.924949,0.354992,-0.383716,0.701189
GOOG,US Stock,5437,3805,132,1501,FIGARCH,1.657619,1.656842,1.663020,1.654329,1.654780,0.125797,0.899893,-1.671992,0.094526,0.459980,0.645530,0.380322,0.703707,-1.207452,0.227258
GOOG,US Stock,5437,3805,154,1479,FIGARCH,1.643538,1.642941,1.650305,1.640288,1.640813,0.095691,0.923766,-2.093283,0.036324,0.445793,0.655747,0.357648,0.720607,-1.477287,0.139599
GOOG,US Stock,5437,3805,176,1457,FIGARCH,1.644618,1.643920,1.652420,1.640738,1.641313,0.114103,0.909156,-2.522783,0.011643,0.536896,0.591339,0.437788,0.661540,-1.988828,0.046720
AMZN,US Stock,6599,4619,1,1980,SEARCH,1.702255,1.609729,1.641446,1.612929,1.619384,3.368091,0.000757,3.800155,0.000145,3.341509,0.000833,2.910149,0.003613,1.004445,0.315164
AMZN,US Stock,6599,4619,5,1976,SEARCH,1.716317,1.662625,1.683497,1.674806,1.699551,2.710449,0.006719,3.836491,0.000125,2.636854,0.008368,1.226749,0.219917,2.503873,0.012284
AMZN,US Stock,6599,4619,10,1971,SEARCH,1.726833,1.688216,1.705861,1.703043,1.726444,2.286390,0.022231,3.986063,0.000067,2.028938,0.042465,0.037362,0.970196,2.508950,0.012109
AMZN,US Stock,6599,4619,22,1959,SEARCH,1.747065,1.728402,1.741629,1.744299,1.758998,1.560666,0.118603,1.357820,0.174521,0.422165,0.672904,-1.571460,0.116076,2.331180,0.019744
AMZN,US Stock,6599,4619,44,1937,SEARCH,1.783246,1.769876,1.787438,1.787272,1.796163,0.924532,0.355209,-1.136314,0.255825,-0.573449,0.566341,-1.515517,0.129642,2.143790,0.032050
AMZN,US Stock,6599,4619,66,1915,SEARCH,1.802181,1.783373,1.808304,1.802526,1.811929,1.059695,0.289283,-2.361522,0.018200,-0.036934,0.970538,-0.962842,0.335627,2.134479,0.032804
AMZN,US Stock,6599,4619,88,1893,SEARCH,1.801945,1.783499,1.809403,1.803522,1.812860,1.026416,0.304695,-4.109164,0.000040,-0.174590,0.861402,-1.062972,0.287795,2.119273,0.034067
AMZN,US Stock,6599,4619,110,1871,SEARCH,1.802707,1.786002,1.810211,1.805775,1.815832,0.903453,0.366285,-5.811363,0.000000,-0.325082,0.745119,-1.221315,0.221967,2.056823,0.039703
AMZN,US Stock,6599,4619,132,1849,SEARCH,1.789111,1.777090,1.796405,1.792115,1.803146,0.637859,0.523565,-4.927305,0.000001,-0.298190,0.765558,-1.218255,0.223127,1.618381,0.105580
AMZN,US Stock,6599,4619,154,1827,SEARCH,1.787481,1.781397,1.796127,1.793748,1.804734,0.321797,0.747606,-6.006616,0.000000,-0.605083,0.545124,-1.409783,0.158604,1.363003,0.172882
AMZN,US Stock,6599,4619,176,1805,GARCH,1.779752,1.780057,1.788952,1.789762,1.801623,-0.016022,0.987217,-6.071351,0.000000,-0.947339,0.343466,-1.728782,0.083848,1.064320,0.287184
NVDA,US Stock,6599,4619,1,1980,SEARCH,1.531985,1.489586,1.511621,1.494857,1.498580,2.855883,0.004292,3.453846,0.000553,2.510334,0.012062,2.248300,0.024557,2.929330,0.003397
NVDA,US Stock,6599,4619,5,1976,SEARCH,1.565718,1.550323,1.562082,1.558099,1.563297,1.307845,0.190926,0.600753,0.548005,0.708682,0.478522,0.232579,0.816088,3.027036,0.002470
NVDA,US Stock,6599,4619,10,1971,SEARCH,1.598181,1.592448,1.600562,1.601055,1.606181,0.432148,0.665634,-0.263711,0.792002,-0.238422,0.811553,-0.680186,0.496387,2.648972,0.008074
NVDA,US Stock,6599,4619,22,1959,SEARCH,1.687761,1.672455,1.683194,1.680824,1.685150,0.754171,0.450747,0.521755,0.601841,0.392737,0.694514,0.157746,0.874657,2.245086,0.024763
NVDA,US Stock,6599,4619,44,1937,SEARCH,1.761944,1.733031,1.747141,1.742383,1.746968,1.018710,0.308341,1.650415,0.098858,0.798872,0.424364,0.656122,0.511746,2.116538,0.034299
NVDA,US Stock,6599,4619,66,1915,SEARCH,1.748280,1.732543,1.744115,1.740531,1.744344,0.763137,0.445382,0.336263,0.736672,0.428461,0.668315,0.229294,0.818640,2.400752,0.016361
NVDA,US Stock,6599,4619,88,1893,SEARCH,1.728788,1.728011,1.731903,1.735050,1.738318,0.047190,0.962362,-0.195070,0.845338,-0.423470,0.671952,-0.663453,0.507040,2.564133,0.010343
NVDA,US Stock,6599,4619,110,1871,GARCH,1.696507,1.710235,1.704626,1.716516,1.719520,-0.982212,0.325995,-0.428900,0.667996,-1.519124,0.128731,-1.747240,0.080596,2.701792,0.006897
NVDA,US Stock,6599,4619,132,1849,GMARCH,1.661081,1.683656,1.660919,1.691398,1.695206,-2.008066,0.044636,0.008056,0.993572,-2.763648,0.005716,-3.051697,0.002276,3.614398,0.000301
NVDA,US Stock,6599,4619,154,1827,GMARCH,1.666240,1.684720,1.654532,1.694760,1.699658,-1.297825,0.194348,0.585680,0.558090,-1.993480,0.046209,-2.295920,0.021680,4.918322,0.000001
NVDA,US Stock,6599,4619,176,1805,GMARCH,1.667449,1.688077,1.650524,1.699390,1.705008,-1.380285,0.167499,0.805856,0.420326,-2.058013,0.039589,-2.354269,0.018559,5.222719,0.000000
META,US Stock,3485,2439,1,1046,FIGARCH,2.198542,2.197306,2.196572,2.082553,2.099273,0.778816,0.436088,1.168019,0.242799,2.456526,0.014029,2.285576,0.022279,-2.427839,0.015189
META,US Stock,3485,2439,5,1042,HYGARCH,2.234206,2.236226,2.235785,2.079202,2.078527,-0.932534,0.351060,-0.918863,0.358167,1.466827,0.142423,1.475868,0.139979,-1.467044,0.142364
META,US Stock,3485,2439,10,1037,HYGARCH,2.106481,2.107202,2.107014,1.899473,1.897499,-0.850594,0.394995,-0.848258,0.396294,1.847020,0.064744,1.844229,0.065150,-1.848455,0.064537
META,US Stock,3485,2439,22,1025,FIGARCH,2.164266,2.164929,2.164823,1.895706,1.898663,-1.064536,0.287086,-1.226898,0.219861,2.080702,0.037461,2.062403,0.039169,-2.086937,0.036894
META,US Stock,3485,2439,44,1003,FIGARCH,2.199076,2.197937,2.198291,1.923295,1.929826,2.959226,0.003084,2.959499,0.003081,2.094607,0.036206,2.060703,0.039331,-2.091302,0.036501
META,US Stock,3485,2439,66,981,FIGARCH,2.146462,2.145413,2.145738,1.910107,1.916395,2.772643,0.005560,2.773414,0.005547,1.794064,0.072803,1.765186,0.077533,-1.790602,0.073357
META,US Stock,3485,2439,88,959,FIGARCH,2.145045,2.144037,2.144349,1.942097,1.951280,2.608717,0.009088,2.609424,0.009069,1.745161,0.080957,1.699139,0.089293,-1.741628,0.081574
META,US Stock,3485,2439,110,937,FIGARCH,2.139692,2.138734,2.139030,1.959774,1.972006,2.431525,0.015035,2.432220,0.015007,1.655577,0.097808,1.589715,0.111899,-1.652132,0.098508
META,US Stock,3485,2439,132,915,FIGARCH,2.118904,2.117993,2.118275,1.968528,1.979211,2.271746,0.023102,2.272428,0.023061,1.486000,0.137279,1.407069,0.159407,-1.482307,0.138259
META,US Stock,3485,2439,154,893,FIGARCH,2.143886,2.142968,2.143252,1.996115,2.009261,2.231537,0.025646,2.232202,0.025602,1.497821,0.134180,1.408179,0.159078,-1.494177,0.135129
META,US Stock,3485,2439,176,871,FIGARCH,2.141837,2.140943,2.141220,1.981502,1.994793,2.125106,0.033578,2.125757,0.033524,1.542649,0.122916,1.464849,0.142962,-1.539777,0.123615
JPM,US Stock,6599,4619,1,1980,SEARCH,1.577535,1.564909,1.568091,1.568103,1.568224,1.928734,0.053764,2.014900,0.043915,1.641664,0.100660,1.612054,0.106950,0.793657,0.427395
JPM,US Stock,6599,4619,5,1976,FIGARCH,1.625781,1.618379,1.620583,1.618323,1.618384,0.731965,0.464190,0.721198,0.470787,0.945032,0.344643,0.938676,0.347897,-0.009014,0.992808
JPM,US Stock,6599,4619,10,1971,GARCH,1.710559,1.722295,1.716748,1.714308,1.714315,-0.468357,0.639529,-0.386205,0.699345,-0.236126,0.813335,-0.237700,0.812114,-0.627875,0.530086
JPM,US Stock,6599,4619,22,1959,GARCH,1.906862,1.971846,1.942447,1.946219,1.946197,-0.986367,0.323953,-1.032480,0.301847,-0.803563,0.421649,-0.804400,0.421166,-1.373579,0.169572
JPM,US Stock,6599,4619,44,1937,GARCH,2.023099,2.133788,2.091196,2.081408,2.081145,-1.148011,0.250964,-1.172902,0.240835,-0.941979,0.346203,-0.941930,0.346229,-1.464302,0.143112
JPM,US Stock,6599,4619,66,1915,GARCH,2.017307,2.121605,2.073041,2.079942,2.079657,-1.088997,0.276155,-1.004836,0.314976,-0.925574,0.354667,-0.925509,0.354701,-1.425833,0.153917
JPM,US Stock,6599,4619,88,1893,GARCH,2.000019,2.089199,2.034519,2.071477,2.071244,-1.085407,0.277741,-0.830707,0.406139,-1.018259,0.308555,-1.018935,0.308234,-1.299153,0.193891
JPM,US Stock,6599,4619,110,1871,GARCH,1.976579,2.035721,1.987844,2.036591,2.036422,-0.815369,0.414861,-0.348879,0.727180,-0.824775,0.409499,-0.825385,0.409153,0.137386,0.890726
JPM,US Stock,6599,4619,132,1849,GMARCH,1.966812,2.005182,1.961533,2.018693,2.018620,-0.562982,0.573447,0.196642,0.844108,-0.694623,0.487291,-0.695842,0.486528,1.569716,0.116481
JPM,US Stock,6599,4619,154,1827,GARCH,1.968825,2.019972,1.971508,2.025277,2.025147,-0.622101,0.533875,-0.078444,0.937475,-0.685270,0.493174,-0.686205,0.492584,1.110805,0.266652
JPM,US Stock,6599,4619,176,1805,GARCH,2.001146,2.069706,2.012099,2.068559,2.068388,-0.743815,0.456988,-0.286158,0.774757,-0.752371,0.451828,-0.753162,0.451352,-0.253152,0.800150
JNJ,US Stock,6599,4619,1,1980,HYGARCH,1.777644,1.776079,1.775535,1.769560,1.769528,0.212932,0.831380,0.489644,0.624386,1.224749,0.220670,1.230977,0.218331,-1.963751,0.049559
JNJ,US Stock,6599,4619,5,1976,FIGARCH,1.777529,1.773513,1.775184,1.762542,1.762560,0.461952,0.644115,0.433761,0.664462,1.863575,0.062381,1.859039,0.063022,-2.162126,0.030608
JNJ,US Stock,6599,4619,10,1971,FIGARCH,1.818052,1.826664,1.825048,1.806496,1.806561,-0.745629,0.455892,-0.963442,0.335326,1.240415,0.214822,1.231115,0.218280,-2.403961,0.016219
JNJ,US Stock,6599,4619,22,1959,FIGARCH,2.023354,2.045300,2.042093,1.998858,1.998969,-1.363659,0.172675,-1.514066,0.130009,1.817368,0.069161,1.814220,0.069644,-1.917179,0.055215
JNJ,US Stock,6599,4619,44,1937,FIGARCH,2.010541,2.040243,2.033787,1.997501,1.997634,-2.420018,0.015520,-2.030322,0.042324,0.909911,0.362870,0.903817,0.366092,-1.759597,0.078476
JNJ,US Stock,6599,4619,66,1915,FIGARCH,1.981418,1.997067,1.995039,1.971870,1.972007,-2.123645,0.033700,-2.514922,0.011906,0.779565,0.435647,0.772028,0.440098,-1.907179,0.056497
JNJ,US Stock,6599,4619,88,1893,FIGARCH,1.960085,1.956008,1.958659,1.952322,1.952454,0.302410,0.762340,0.205519,0.837166,0.726029,0.467821,0.716895,0.473439,-0.511897,0.608723
JNJ,US Stock,6599,4619,110,1871,GARCH,1.950092,1.954705,1.952129,1.950975,1.951139,-0.653687,0.513314,-0.557315,0.577312,-0.126190,0.899582,-0.149559,0.881112,-0.657851,0.510634
JNJ,US Stock,6599,4619,132,1849,GARCH,1.956299,1.963106,1.959949,1.959225,1.959398,-1.678733,0.093204,-1.746833,0.080666,-0.487594,0.625837,-0.514152,0.607146,-0.721619,0.470529
JNJ,US Stock,6599,4619,154,1827,GARCH,1.899411,1.901715,1.900808,1.902497,1.902655,-0.762237,0.445919,-0.904648,0.365652,-0.601602,0.547439,-0.628171,0.529892,0.207424,0.835679
JNJ,US Stock,6599,4619,176,1805,GARCH,1.898002,1.902925,1.900351,1.907171,1.907345,-1.342443,0.179452,-1.466927,0.142396,-1.350198,0.176953,-1.365316,0.172154,1.021041,0.307235
XOM,US Stock,6599,4619,1,1980,SEARCH,1.397905,1.392634,1.392820,1.393498,1.393615,2.256799,0.024021,2.025820,0.042783,3.599499,0.000319,3.578757,0.000345,0.453817,0.649960
XOM,US Stock,6599,4619,5,1976,GMARCH,1.440755,1.432163,1.431932,1.434996,1.435151,2.605773,0.009167,2.677845,0.007410,3.008710,0.002624,2.993690,0.002756,1.053660,0.292039
XOM,US Stock,6599,4619,10,1971,GMARCH,1.497261,1.491279,1.490367,1.491633,1.491787,1.024852,0.305433,1.376060,0.168803,1.460768,0.144079,1.451248,0.146711,0.089159,0.928956
XOM,US Stock,6599,4619,22,1959,FIGARCH,1.588930,1.595885,1.592115,1.587101,1.587164,-0.588889,0.555936,-0.418675,0.675454,0.176070,0.860239,0.173280,0.862431,-1.878137,0.060362
XOM,US Stock,6599,4619,44,1937,FIGARCH,1.839875,1.838616,1.842313,1.822870,1.823171,0.090898,0.927573,-0.207115,0.835920,1.126068,0.260137,1.124320,0.260877,-2.006436,0.044810
XOM,US Stock,6599,4619,66,1915,FIGARCH,1.878300,1.874135,1.876547,1.860299,1.860601,0.276580,0.782103,0.166979,0.867387,0.920497,0.357313,0.918608,0.358301,-2.093711,0.036286
XOM,US Stock,6599,4619,88,1893,FIGARCH,1.931272,1.920752,1.922389,1.910438,1.910834,0.717484,0.473075,0.876035,0.381011,1.077512,0.281252,1.072902,0.283315,-1.496902,0.134419
XOM,US Stock,6599,4619,110,1871,FIGARCH,1.954361,1.939367,1.941709,1.930979,1.931431,0.980878,0.326653,1.203469,0.228795,1.162068,0.245208,1.156944,0.247295,-1.141924,0.253486
XOM,US Stock,6599,4619,132,1849,FIGARCH,1.974579,1.951853,1.954186,1.947102,1.947647,1.314271,0.188755,1.654252,0.098076,1.291319,0.196593,1.284904,0.198826,-0.644760,0.519083
XOM,US Stock,6599,4619,154,1827,FIGARCH,1.992567,1.977951,1.976912,1.972331,1.972761,0.785457,0.432186,1.143364,0.252887,0.932402,0.351129,0.927157,0.353845,-0.876805,0.380593
XOM,US Stock,6599,4619,176,1805,FIGARCH,2.012098,2.012287,2.007600,2.004637,2.004873,-0.011330,0.990960,0.394782,0.693004,0.358236,0.720167,0.352661,0.724343,-1.330755,0.183270
PG,US Stock,6599,4619,1,1980,GARCH,1.616391,1.620815,1.617101,1.623433,1.623433,-0.610264,0.541687,-0.175926,0.860352,-0.858899,0.390396,-0.858910,0.390390,1.046617,0.295276
PG,US Stock,6599,4619,5,1976,GARCH,1.663798,1.677988,1.668436,1.684843,1.684843,-1.094000,0.273955,-0.674324,0.500105,-1.194187,0.232405,-1.194197,0.232401,1.285620,0.198576
PG,US Stock,6599,4619,10,1971,GARCH,1.730645,1.757494,1.743437,1.766791,1.766791,-1.189317,0.234315,-1.174537,0.240180,-1.266782,0.205233,-1.266790,0.205230,1.399973,0.161521
PG,US Stock,6599,4619,22,1959,GARCH,1.981155,1.999254,2.003860,2.009830,2.009831,-1.390841,0.164274,-1.662472,0.096418,-1.789383,0.073553,-1.789397,0.073551,1.383277,0.166580
PG,US Stock,6599,4619,44,1937,GARCH,2.000198,2.022729,2.023471,2.030245,2.030245,-2.326643,0.019984,-2.306197,0.021100,-3.065378,0.002174,-3.065368,0.002174,1.497909,0.134157
PG,US Stock,6599,4619,66,1915,GARCH,1.998948,2.018856,2.012920,2.020901,2.020901,-1.679567,0.093042,-2.695429,0.007030,-1.741932,0.081520,-1.741889,0.081528,1.139085,0.254668
PG,US Stock,6599,4619,88,1893,GARCH,1.973450,1.987644,1.974311,1.984634,1.984634,-0.938155,0.348165,-0.083870,0.933160,-0.599736,0.548683,-0.599696,0.548709,-0.724376,0.468835
PG,US Stock,6599,4619,110,1871,GARCH,1.989517,2.013111,1.997938,2.011666,2.011666,-2.458907,0.013936,-2.263299,0.023617,-2.159156,0.030838,-2.159086,0.030843,-0.765837,0.443773
PG,US Stock,6599,4619,132,1849,GARCH,1.959448,1.981691,1.966308,1.979502,1.979502,-2.422936,0.015396,-1.861744,0.062639,-2.175392,0.029601,-2.175341,0.029605,-1.210552,0.226067
PG,US Stock,6599,4619,154,1827,GARCH,1.956989,1.974513,1.959587,1.972323,1.972323,-2.126014,0.033502,-0.916581,0.359362,-1.811495,0.070064,-1.811426,0.070075,-1.412507,0.157801
PG,US Stock,6599,4619,176,1805,GARCH,1.952615,1.990726,1.963263,1.989617,1.989617,-2.942377,0.003257,-2.252378,0.024298,-3.006022,0.002647,-3.006049,0.002647,-1.045140,0.295958
KO,US Stock,6599,4619,1,1980,GMARCH,1.587719,1.587539,1.584190,1.588668,1.588668,0.020888,0.983335,0.569274,0.569170,-0.091129,0.927390,-0.091135,0.927385,0.171784,0.863608
KO,US Stock,6599,4619,5,1976,SEARCH,1.619462,1.612725,1.615134,1.616628,1.616628,0.542917,0.587187,0.515859,0.605953,0.169111,0.865709,0.169111,0.865709,0.603215,0.546366
KO,US Stock,6599,4619,10,1971,GARCH,1.670868,1.677360,1.676697,1.688549,1.688549,-0.392318,0.694824,-0.547529,0.584015,-0.765011,0.444265,-0.765012,0.444265,1.367642,0.171424
KO,US Stock,6599,4619,22,1959,GARCH,1.907169,1.935067,1.931688,1.950017,1.950017,-1.065899,0.286469,-1.044135,0.296423,-1.176305,0.239473,-1.176304,0.239473,1.326785,0.184580
KO,US Stock,6599,4619,44,1937,GARCH,1.924165,1.984212,1.967903,2.003402,2.003402,-1.891194,0.058598,-1.559202,0.118948,-1.787836,0.073802,-1.787833,0.073803,1.421850,0.155070
KO,US Stock,6599,4619,66,1915,GARCH,1.920171,1.976626,1.953868,1.990144,1.990144,-1.976069,0.048147,-1.563174,0.118012,-1.960641,0.049921,-1.960636,0.049922,1.683710,0.092238
KO,US Stock,6599,4619,88,1893,GARCH,1.882881,1.946611,1.909072,1.950743,1.950743,-2.366958,0.017935,-1.682912,0.092392,-2.354116,0.018567,-2.354107,0.018567,1.336367,0.181429
KO,US Stock,6599,4619,110,1871,GARCH,1.854173,1.916818,1.877179,1.919297,1.919297,-2.380918,0.017270,-1.495987,0.134657,-2.325052,0.020069,-2.325041,0.020070,0.899326,0.368479
KO,US Stock,6599,4619,132,1849,GARCH,1.871224,1.937433,1.895192,1.938140,1.938140,-2.674359,0.007487,-1.573810,0.115531,-2.571761,0.010118,-2.571746,0.010119,0.327793,0.743068
KO,US Stock,6599,4619,154,1827,GARCH,1.862448,1.923520,1.882808,1.923074,1.923074,-3.045347,0.002324,-1.635015,0.102046,-2.920131,0.003499,-2.920110,0.003499,-0.250702,0.802044
KO,US Stock,6599,4619,176,1805,GARCH,1.887330,1.966224,1.917622,1.971235,1.971236,-2.674857,0.007476,-1.622847,0.104622,-2.494656,0.012608,-2.494642,0.012608,1.072280,0.283594
PFE,US Stock,6599,4619,1,1980,SEARCH,1.587617,1.565971,1.571237,1.568014,1.568014,2.834961,0.004583,2.727938,0.006373,2.962281,0.003054,2.962295,0.003054,0.959988,0.337061
PFE,US Stock,6599,4619,5,1976,SEARCH,1.643745,1.628317,1.633720,1.631020,1.631020,2.083869,0.037172,1.869931,0.061493,2.065562,0.038870,2.065574,0.038869,1.264513,0.206046
PFE,US Stock,6599,4619,10,1971,SEARCH,1.697833,1.679581,1.686007,1.681691,1.681691,1.759355,0.078517,1.690159,0.090998,1.730151,0.083603,1.730153,0.083603,0.838107,0.401971
PFE,US Stock,6599,4619,22,1959,SEARCH,1.733907,1.726836,1.730084,1.727245,1.727245,0.514518,0.606890,0.478065,0.632604,0.537537,0.590897,0.537536,0.590897,0.138544,0.889811
PFE,US Stock,6599,4619,44,1937,SEARCH,1.778463,1.758748,1.768800,1.762242,1.762241,2.224053,0.026145,2.226836,0.025958,1.993090,0.046252,1.993078,0.046253,1.194284,0.232367
PFE,US Stock,6599,4619,66,1915,SEARCH,1.749402,1.741616,1.744799,1.745595,1.745595,1.451655,0.146598,1.673106,0.094306,0.630765,0.528194,0.630739,0.528211,1.715710,0.086215
PFE,US Stock,6599,4619,88,1893,GARCH,1.709194,1.711994,1.709506,1.718435,1.718435,-0.662091,0.507913,-0.161459,0.871732,-1.659689,0.096977,-1.659704,0.096974,2.422760,0.015403
PFE,US Stock,6599,4619,110,1871,GARCH,1.707549,1.712651,1.707979,1.720145,1.720145,-1.157547,0.247049,-0.251339,0.801552,-1.953217,0.050794,-1.953230,0.050792,2.546997,0.010865
PFE,US Stock,6599,4619,132,1849,GARCH,1.696448,1.703368,1.696953,1.711088,1.711088,-1.213883,0.224792,-0.273392,0.784552,-1.899100,0.057551,-1.899115,0.057549,3.069459,0.002144
PFE,US Stock,6599,4619,154,1827,GARCH,1.677368,1.691986,1.682867,1.698874,1.698874,-1.718996,0.085615,-1.549149,0.121346,-2.144225,0.032015,-2.144235,0.032014,3.153436,0.001614
PFE,US Stock,6599,4619,176,1805,GARCH,1.707476,1.721685,1.712227,1.731424,1.731425,-1.857961,0.063175,-1.833051,0.066795,-2.136926,0.032604,-2.136929,0.032604,2.542827,0.010996
IBM,US Stock,6599,4619,1,1980,HYGARCH,1.900639,1.876688,1.896224,1.875460,1.875135,0.996117,0.319193,0.639940,0.522212,1.182602,0.236967,1.193213,0.232786,-0.230201,0.817935
IBM,US Stock,6599,4619,5,1976,FIGARCH,1.860923,1.857273,1.861926,1.845522,1.845619,0.129202,0.897198,-0.133343,0.893922,0.623221,0.533140,0.616953,0.537266,-1.971779,0.048635
IBM,US Stock,6599,4619,10,1971,GARCH,1.890397,1.918300,1.901261,1.903331,1.903564,-0.885986,0.375625,-1.526648,0.126848,-0.451201,0.651845,-0.457172,0.647547,-2.628182,0.008584
IBM,US Stock,6599,4619,22,1959,GARCH,2.009893,2.049778,2.015935,2.036320,2.036505,-1.108862,0.267490,-0.818202,0.413242,-0.802603,0.422204,-0.806372,0.420028,-2.378542,0.017381
IBM,US Stock,6599,4619,44,1937,GARCH,2.048704,2.086714,2.055238,2.069937,2.070160,-0.988560,0.322879,-0.555487,0.578562,-0.657660,0.510757,-0.662680,0.507535,-2.027861,0.042574
IBM,US Stock,6599,4619,66,1915,GARCH,2.051917,2.085303,2.054171,2.071562,2.071854,-1.115298,0.264723,-0.298314,0.765463,-0.739527,0.459587,-0.748332,0.454260,-2.393422,0.016692
IBM,US Stock,6599,4619,88,1893,GARCH,2.060063,2.102066,2.070087,2.086965,2.087248,-1.926996,0.053980,-3.041971,0.002350,-1.294096,0.195632,-1.303560,0.192384,-3.326139,0.000881
IBM,US Stock,6599,4619,110,1871,GARCH,2.053662,2.081321,2.061768,2.068656,2.068935,-1.126675,0.259880,-2.502031,0.012348,-0.660297,0.509063,-0.670121,0.502780,-2.538720,0.011126
IBM,US Stock,6599,4619,132,1849,GARCH,2.050132,2.070783,2.057152,2.059460,2.059745,-0.916443,0.359434,-2.435986,0.014851,-0.433195,0.664873,-0.444999,0.656321,-2.688756,0.007172
IBM,US Stock,6599,4619,154,1827,GARCH,2.059080,2.093739,2.066231,2.080411,2.080747,-1.299222,0.193868,-2.383147,0.017165,-0.890595,0.373146,-0.900785,0.367702,-2.475991,0.013287
IBM,US Stock,6599,4619,176,1805,GARCH,2.054818,2.104040,2.062419,2.090517,2.090855,-1.686651,0.091670,-2.417712,0.015618,-1.382070,0.166950,-1.388779,0.164900,-2.411133,0.015903
GE,US Stock,6599,4619,1,1980,FIGARCH,1.675068,1.648433,1.653222,1.643674,1.643682,3.285911,0.001017,4.071975,0.000047,3.150934,0.001627,3.152644,0.001618,-1.106633,0.268453
GE,US Stock,6599,4619,5,1976,SEARCH,1.717609,1.684846,1.699636,1.686520,1.686502,3.456433,0.000547,2.336846,0.019447,2.309550,0.020913,2.313256,0.020709,0.273167,0.784725
GE,US Stock,6599,4619,10,1971,SEARCH,1.759877,1.726691,1.746548,1.731412,1.731385,2.746415,0.006025,1.442408,0.149187,1.895169,0.058070,1.898284,0.057659,0.834922,0.403762
GE,US Stock,6599,4619,22,1959,SEARCH,1.828860,1.789200,1.822197,1.796583,1.796548,2.238845,0.025166,0.632147,0.527291,1.807877,0.070626,1.810423,0.070230,1.679356,0.093083
GE,US Stock,6599,4619,44,1937,SEARCH,1.976961,1.865386,1.938514,1.873964,1.873950,2.161928,0.030624,2.090116,0.036607,2.012884,0.044127,2.014006,0.044009,2.004962,0.044967
GE,US Stock,6599,4619,66,1915,SEARCH,2.052455,1.916071,2.003669,1.921018,1.921008,2.074030,0.038077,1.623118,0.104564,1.891992,0.058492,1.893084,0.058347,0.757235,0.448909
GE,US Stock,6599,4619,88,1893,FIGARCH,1.977034,1.887787,1.958024,1.883009,1.883027,2.531370,0.011362,1.541277,0.123249,2.298114,0.021555,2.299391,0.021483,-0.536577,0.591560
GE,US Stock,6599,4619,110,1871,FIGARCH,1.965179,1.882607,1.950602,1.875297,1.875320,1.987982,0.046814,0.918536,0.358338,1.869575,0.061543,1.870176,0.061459,-0.806106,0.420182
GE,US Stock,6599,4619,132,1849,FIGARCH,1.924161,1.862257,1.919046,1.849301,1.849340,2.246341,0.024682,0.519139,0.603664,2.143373,0.032083,2.144104,0.032025,-1.209995,0.226281
GE,US Stock,6599,4619,154,1827,SEARCH,1.971238,1.907304,1.985454,1.908562,1.908480,1.756656,0.078976,-1.293923,0.195692,1.803412,0.071323,1.803648,0.071286,0.135869,0.891925
GE,US Stock,6599,4619,176,1805,SEARCH,2.035926,1.939050,2.048137,1.947654,1.947509,1.598197,0.109999,-1.497748,0.134199,1.624968,0.104169,1.625092,0.104143,0.790913,0.428995
INTC,US Stock,6599,4619,1,1980,GMARCH,1.856888,1.824831,1.822653,1.823121,1.823876,2.450422,0.014269,2.565845,0.010292,2.761920,0.005746,2.532958,0.011310,-0.349334,0.726838
INTC,US Stock,6599,4619,5,1976,SEARCH,1.923000,1.896597,1.899418,1.899960,1.906158,2.094141,0.036247,1.889579,0.058814,2.304446,0.021198,1.582312,0.113578,0.798879,0.424360
INTC,US Stock,6599,4619,10,1971,SEARCH,1.961431,1.939101,1.943124,1.940793,1.948617,1.682977,0.092380,1.430810,0.152485,1.950235,0.051148,1.312550,0.189335,0.410512,0.681430
INTC,US Stock,6599,4619,22,1959,SEARCH,2.109483,2.072157,2.073895,2.074309,2.080044,1.182280,0.237095,1.296492,0.194806,1.577743,0.114625,1.770975,0.076565,0.216912,0.828277
INTC,US Stock,6599,4619,44,1937,FIGARCH,2.216161,2.172121,2.180137,2.171025,2.190544,3.182222,0.001461,2.783537,0.005377,3.481401,0.000499,2.164920,0.030394,-0.267148,0.789355
INTC,US Stock,6599,4619,66,1915,FIGARCH,2.143627,2.108901,2.112417,2.101834,2.115148,2.705378,0.006823,2.696935,0.006998,3.076269,0.002096,2.711941,0.006689,-1.938315,0.052585
INTC,US Stock,6599,4619,88,1893,FIGARCH,2.144212,2.103641,2.101049,2.095710,2.097069,2.475228,0.013315,2.866648,0.004148,3.091744,0.001990,3.365428,0.000764,-2.012708,0.044145
INTC,US Stock,6599,4619,110,1871,FIGARCH,2.192593,2.152182,2.149043,2.143322,2.144202,2.223420,0.026188,2.628450,0.008577,2.647001,0.008121,3.342039,0.000832,-2.364004,0.018079
INTC,US Stock,6599,4619,132,1849,FIGARCH,2.249101,2.208077,2.205140,2.190869,2.197297,2.370795,0.017750,2.776274,0.005499,2.835632,0.004574,3.423814,0.000617,-3.126789,0.001767
INTC,US Stock,6599,4619,154,1827,FIGARCH,2.318586,2.278673,2.275321,2.257857,2.265618,2.473860,0.013366,2.899865,0.003733,2.992102,0.002771,3.608137,0.000308,-3.588636,0.000332
INTC,US Stock,6599,4619,176,1805,FIGARCH,2.369644,2.330979,2.324852,2.307859,2.311321,2.535608,0.011225,3.048078,0.002303,3.106032,0.001896,3.670915,0.000242,-3.991041,0.000066
CSCO,US Stock,6599,4619,1,1980,SEARCH,1.789086,1.754383,1.763723,1.754508,1.754508,2.661724,0.007774,2.650145,0.008046,2.455017,0.014088,2.454974,0.014089,0.031085,0.975202
CSCO,US Stock,6599,4619,5,1976,SEARCH,1.823318,1.812823,1.816143,1.821045,1.821045,1.457762,0.144906,1.839473,0.065846,0.447550,0.654478,0.447528,0.654494,2.173315,0.029757
CSCO,US Stock,6599,4619,10,1971,SEARCH,1.849349,1.844431,1.846219,1.851842,1.851843,0.733377,0.463328,0.886009,0.375613,-0.481489,0.630169,-0.481532,0.630139,2.069843,0.038467
CSCO,US Stock,6599,4619,22,1959,SEARCH,1.927566,1.921111,1.923469,1.923398,1.923399,0.652137,0.514313,0.773067,0.439483,0.486256,0.626786,0.486197,0.626827,0.638047,0.523443
CSCO,US Stock,6599,4619,44,1937,SEARCH,1.936794,1.932835,1.933089,1.933023,1.933023,0.354292,0.723120,0.570175,0.568559,0.334331,0.738130,0.334277,0.738171,0.045173,0.963970
CSCO,US Stock,6599,4619,66,1915,GARCH,1.927082,1.931954,1.928375,1.930366,1.930367,-0.720101,0.471463,-0.306320,0.759361,-0.645979,0.518293,-0.646050,0.518247,-0.260334,0.794606
CSCO,US Stock,6599,4619,88,1893,GARCH,1.928640,1.933845,1.929950,1.932069,1.932070,-0.884177,0.376601,-0.298835,0.765066,-0.573953,0.566000,-0.574028,0.565949,-0.318006,0.750480
CSCO,US Stock,6599,4619,110,1871,GARCH,1.911901,1.926414,1.916906,1.920704,1.920705,-1.968730,0.048984,-0.956189,0.338977,-1.837518,0.066133,-1.837568,0.066126,-0.813198,0.416105
CSCO,US Stock,6599,4619,132,1849,GARCH,1.924064,1.940440,1.930827,1.936979,1.936980,-1.764217,0.077695,-1.047457,0.294889,-2.697110,0.006994,-2.697383,0.006989,-0.439718,0.660142
CSCO,US Stock,6599,4619,154,1827,GARCH,1.955783,1.968446,1.962542,1.970184,1.970185,-1.833252,0.066765,-1.020609,0.307440,-3.165857,0.001546,-3.166254,0.001544,0.353759,0.723520
CSCO,US Stock,6599,4619,176,1805,GARCH,1.976106,1.987912,1.984050,1.993069,1.993070,-1.825290,0.067957,-1.089552,0.275911,-3.738576,0.000185,-3.739192,0.000185,1.267569,0.204952
T,US Stock,6599,4619,1,1980,HYGARCH,1.775677,1.753406,1.750624,1.750376,1.750375,2.858278,0.004259,3.156852,0.001595,3.280634,0.001036,3.280537,0.001036,-0.842974,0.399243
T,US Stock,6599,4619,5,1976,GMARCH,1.852923,1.834283,1.833447,1.834757,1.834756,1.966645,0.049224,1.966714,0.049216,1.833683,0.066701,1.833642,0.066707,0.091510,0.927087
T,US Stock,6599,4619,10,1971,SEARCH,1.883404,1.867583,1.869158,1.871692,1.871692,1.511354,0.130698,1.304178,0.192173,1.113108,0.265662,1.113108,0.265662,0.797934,0.424909
T,US Stock,6599,4619,22,1959,SEARCH,1.942012,1.937591,1.941418,1.943500,1.943499,0.368287,0.712659,0.050858,0.959439,-0.147507,0.882732,-0.147400,0.882816,1.708055,0.087626
T,US Stock,6599,4619,44,1937,SEARCH,2.053900,2.035143,2.042292,2.048920,2.048917,1.474322,0.140395,1.144030,0.252611,0.726192,0.467721,0.726473,0.467549,1.872020,0.061204
T,US Stock,6599,4619,66,1915,GARCH,2.013870,2.015534,2.019446,2.020821,2.020819,-0.156204,0.875872,-0.664429,0.506416,-1.050993,0.293262,-1.050767,0.293366,1.070013,0.284614
T,US Stock,6599,4619,88,1893,GARCH,1.996059,2.008303,2.010553,2.010216,2.010213,-1.207178,0.227363,-1.598516,0.109928,-1.806000,0.070918,-1.805865,0.070939,0.534717,0.592846
T,US Stock,6599,4619,110,1871,GARCH,1.986104,2.004503,2.004880,2.002752,2.002749,-2.215608,0.026718,-2.297183,0.021608,-2.271254,0.023132,-2.271165,0.023137,-0.635308,0.525227
T,US Stock,6599,4619,132,1849,GARCH,1.962676,1.982748,1.983492,1.981251,1.981248,-2.265906,0.023457,-2.467307,0.013613,-2.585348,0.009728,-2.585316,0.009729,-0.584750,0.558716
T,US Stock,6599,4619,154,1827,GARCH,1.955972,1.976209,1.976544,1.974206,1.974203,-2.295409,0.021710,-2.409215,0.015987,-2.449818,0.014293,-2.449679,0.014298,-0.842733,0.399378
T,US Stock,6599,4619,176,1805,GARCH,1.944749,1.966836,1.965594,1.962643,1.962639,-2.884634,0.003919,-2.660267,0.007808,-2.545640,0.010908,-2.545445,0.010914,-1.840248,0.065732
BAC,US Stock,6599,4619,1,1980,SEARCH,1.566022,1.553376,1.559728,1.559082,1.559082,1.878423,0.060323,1.429038,0.152993,1.023323,0.306155,1.023296,0.306168,1.839103,0.065900
BAC,US Stock,6599,4619,5,1976,SEARCH,1.620010,1.611007,1.620706,1.621921,1.621922,1.331655,0.182974,-0.093296,0.925668,-0.196188,0.844463,-0.196222,0.844437,1.829542,0.067318
BAC,US Stock,6599,4619,10,1971,GARCH,1.693118,1.695714,1.706573,1.714541,1.714541,-0.185266,0.853020,-0.726283,0.467665,-0.920560,0.357280,-0.920573,0.357273,1.639326,0.101145
BAC,US Stock,6599,4619,22,1959,GARCH,1.948200,1.959686,1.974586,1.994610,1.994612,-0.400795,0.688571,-0.837840,0.402121,-1.008183,0.313366,-1.008194,0.313361,1.796607,0.072398
BAC,US Stock,6599,4619,44,1937,GARCH,2.074458,2.084723,2.106914,2.143234,2.143236,-0.553787,0.579725,-1.067091,0.285931,-1.430318,0.152626,-1.430326,0.152623,1.737207,0.082351
BAC,US Stock,6599,4619,66,1915,GARCH,2.059904,2.078572,2.093303,2.128813,2.128815,-0.864722,0.387192,-1.107548,0.268057,-1.636772,0.101678,-1.636782,0.101676,2.112944,0.034606
BAC,US Stock,6599,4619,88,1893,GARCH,2.008720,2.049081,2.047238,2.076349,2.076350,-1.296892,0.194668,-1.129291,0.258775,-1.841851,0.065497,-1.841865,0.065495,3.339077,0.000841
BAC,US Stock,6599,4619,110,1871,GARCH,1.940713,1.989847,1.981377,1.997331,1.997331,-1.216759,0.223696,-0.998565,0.318005,-1.578617,0.114424,-1.578629,0.114421,0.875346,0.381386
BAC,US Stock,6599,4619,132,1849,GARCH,1.889628,1.944132,1.929390,1.936692,1.936692,-1.121271,0.262173,-0.858654,0.390531,-1.263598,0.206374,-1.263605,0.206372,-0.572854,0.566744
BAC,US Stock,6599,4619,154,1827,GARCH,1.859978,1.922787,1.907641,1.918584,1.918584,-1.146970,0.251394,-0.874571,0.381807,-1.200521,0.229937,-1.200523,0.229936,-0.534570,0.592947
BAC,US Stock,6599,4619,176,1805,GARCH,1.915154,1.983664,1.964175,1.986724,1.986724,-1.175904,0.239633,-0.880268,0.378714,-1.305829,0.191611,-1.305835,0.191609,0.555656,0.578446
GS,US Stock,6599,4619,1,1980,SEARCH,1.572405,1.560816,1.564746,1.563807,1.563806,1.940628,0.052303,1.679013,0.093149,1.342820,0.179330,1.343015,0.179267,0.796036,0.426011
GS,US Stock,6599,4619,5,1976,SEARCH,1.613073,1.611396,1.618166,1.625119,1.625117,0.430606,0.666755,-0.918953,0.358120,-1.144011,0.252619,-1.143792,0.252710,1.480767,0.138669
GS,US Stock,6599,4619,10,1971,GARCH,1.692042,1.702541,1.710959,1.723446,1.723445,-1.017249,0.309035,-1.243258,0.213773,-1.295069,0.195296,-1.294979,0.195327,1.407201,0.159368
GS,US Stock,6599,4619,22,1959,GARCH,1.867785,1.887922,1.902031,1.914882,1.914879,-1.421692,0.155116,-1.489487,0.136359,-1.604034,0.108706,-1.603981,0.108718,1.691213,0.090796
GS,US Stock,6599,4619,44,1937,GARCH,1.941975,1.958070,1.981007,1.996042,1.996039,-1.637501,0.101526,-1.714803,0.086381,-1.841508,0.065547,-1.841428,0.065559,1.816941,0.069226
GS,US Stock,6599,4619,66,1915,GARCH,1.892694,1.927094,1.940969,1.954745,1.954744,-1.981251,0.047563,-2.016334,0.043765,-2.177568,0.029438,-2.177332,0.029456,2.311491,0.020806
GS,US Stock,6599,4619,88,1893,GARCH,1.915643,1.951807,1.964859,1.975660,1.975659,-2.283175,0.022420,-2.325450,0.020048,-2.615775,0.008903,-2.615359,0.008913,2.846483,0.004421
GS,US Stock,6599,4619,110,1871,GARCH,1.877906,1.914820,1.920317,1.925473,1.925474,-2.175534,0.029590,-2.372445,0.017671,-2.767921,0.005642,-2.767087,0.005656,2.566763,0.010265
GS,US Stock,6599,4619,132,1849,GARCH,1.840215,1.877622,1.876042,1.878097,1.878101,-2.058790,0.039514,-2.152186,0.031383,-2.516838,0.011841,-2.515820,0.011876,0.091459,0.927128
GS,US Stock,6599,4619,154,1827,GARCH,1.839540,1.879492,1.877956,1.882132,1.882136,-1.989956,0.046596,-1.901846,0.057191,-2.087150,0.036875,-2.086507,0.036933,0.891901,0.372446
GS,US Stock,6599,4619,176,1805,GARCH,1.848336,1.891259,1.891329,1.897309,1.897311,-1.916644,0.055283,-1.775232,0.075860,-1.943888,0.051909,-1.943380,0.051970,1.726804,0.084203
C,US Stock,6599,4619,1,1980,SEARCH,1.472787,1.461368,1.465268,1.464161,1.464161,1.526671,0.126843,1.725079,0.084513,1.013267,0.310932,1.013257,0.310937,0.868387,0.385183
C,US Stock,6599,4619,5,1976,SEARCH,1.529345,1.525281,1.527965,1.532783,1.532783,0.374493,0.708037,0.180580,0.856698,-0.229037,0.818840,-0.229047,0.818833,1.222613,0.221476
C,US Stock,6599,4619,10,1971,GARCH,1.611293,1.625587,1.621893,1.640406,1.640406,-0.559659,0.575712,-0.568089,0.569974,-0.813385,0.415997,-0.813391,0.415994,1.292597,0.196150
C,US Stock,6599,4619,22,1959,GARCH,1.875358,1.937087,1.915549,1.961968,1.961969,-0.998169,0.318198,-0.952892,0.340645,-1.134687,0.256507,-1.134690,0.256505,1.651581,0.098620
C,US Stock,6599,4619,44,1937,GARCH,2.098581,2.162998,2.152355,2.218262,2.218264,-1.367854,0.171358,-1.245845,0.212821,-1.488077,0.136731,-1.488081,0.136730,1.526832,0.126803
C,US Stock,6599,4619,66,1915,GARCH,2.085646,2.167444,2.138251,2.209483,2.209484,-1.570939,0.116197,-1.297136,0.194584,-1.741912,0.081524,-1.741918,0.081523,2.034570,0.041894
C,US Stock,6599,4619,88,1893,GARCH,2.024780,2.138167,2.079012,2.155911,2.155911,-1.569976,0.116421,-1.190359,0.233905,-1.747300,0.080585,-1.747306,0.080584,2.632014,0.008488
C,US Stock,6599,4619,110,1871,GARCH,1.945398,2.063041,1.992648,2.065224,2.065224,-1.470970,0.141299,-0.966457,0.333815,-1.593444,0.111061,-1.593449,0.111060,0.242662,0.808267
C,US Stock,6599,4619,132,1849,GARCH,1.891891,2.001559,1.925154,1.987904,1.987904,-1.231434,0.218161,-0.639875,0.522254,-1.257109,0.208714,-1.257111,0.208714,-0.962820,0.335638
C,US Stock,6599,4619,154,1827,GARCH,1.885124,2.007106,1.921116,1.996635,1.996635,-1.145363,0.252059,-0.559053,0.576126,-1.110014,0.266993,-1.110015,0.266993,-1.365834,0.171991
C,US Stock,6599,4619,176,1805,GARCH,1.940528,2.065922,1.968813,2.056206,2.056207,-1.113422,0.265527,-0.437932,0.661436,-1.096060,0.273052,-1.096063,0.273051,-1.234434,0.217041
MS,US Stock,6599,4619,1,1980,SEARCH,1.554514,1.550295,1.550695,1.552074,1.552074,0.808312,0.418911,0.920479,0.357323,0.431017,0.666456,0.431087,0.666405,0.748168,0.454359
MS,US Stock,6599,4619,5,1976,GARCH,1.585786,1.589115,1.590055,1.594003,1.594002,-0.432382,0.665464,-0.547561,0.583994,-0.778074,0.436525,-0.778025,0.436554,1.206254,0.227719
MS,US Stock,6599,4619,10,1971,GARCH,1.646511,1.666743,1.663207,1.671387,1.671385,-1.054313,0.291740,-0.990494,0.321933,-1.085597,0.277657,-1.085571,0.277669,1.012391,0.311351
MS,US Stock,6599,4619,22,1959,GARCH,1.807139,1.851259,1.834848,1.850428,1.850426,-1.117079,0.263961,-1.099478,0.271560,-1.165613,0.243771,-1.165591,0.243780,-0.254386,0.799198
MS,US Stock,6599,4619,44,1937,GARCH,1.912317,1.968990,1.952001,1.982630,1.982626,-1.115728,0.264539,-1.063568,0.287524,-1.157806,0.246943,-1.157789,0.246950,1.234942,0.216852
MS,US Stock,6599,4619,66,1915,GARCH,1.901906,1.955654,1.935624,1.964894,1.964891,-1.039802,0.298432,-0.929776,0.352487,-1.098795,0.271858,-1.098775,0.271866,1.457735,0.144913
MS,US Stock,6599,4619,88,1893,GARCH,1.886277,1.929489,1.906538,1.932414,1.932412,-0.882303,0.377613,-0.639852,0.522269,-0.939459,0.347495,-0.939436,0.347507,1.371109,0.170341
MS,US Stock,6599,4619,110,1871,GARCH,1.848324,1.875987,1.856785,1.876137,1.876136,-0.594800,0.551977,-0.282018,0.777930,-0.628618,0.529599,-0.628601,0.529610,0.056403,0.955021
MS,US Stock,6599,4619,132,1849,GMARCH,1.847227,1.863139,1.845073,1.860464,1.860463,-0.340829,0.733232,0.074625,0.940513,-0.311875,0.755136,-0.311865,0.755143,-0.604140,0.545750
MS,US Stock,6599,4619,154,1827,GMARCH,1.836739,1.847440,1.832318,1.845717,1.845716,-0.223796,0.822916,0.142879,0.886386,-0.201630,0.840206,-0.201620,0.840213,-0.500070,0.617025
MS,US Stock,6599,4619,176,1805,GMARCH,1.866269,1.880576,1.861929,1.879393,1.879392,-0.267166,0.789342,0.130258,0.896362,-0.262043,0.793288,-0.262027,0.793301,-0.332056,0.739847
CVX,US Stock,6599,4619,1,1980,HYGARCH,1.606905,1.604523,1.604859,1.602313,1.602267,0.551040,0.581606,0.607713,0.543378,2.172227,0.029839,2.177406,0.029450,-0.599443,0.548878
CVX,US Stock,6599,4619,5,1976,SEARCH,1.654768,1.648180,1.649684,1.648771,1.648725,1.040867,0.297937,1.071049,0.284147,2.155057,0.031157,2.155889,0.031092,0.113716,0.909463
CVX,US Stock,6599,4619,10,1971,HYGARCH,1.777048,1.783147,1.779564,1.775191,1.775156,-0.420771,0.673922,-0.272203,0.785466,0.298911,0.765008,0.303361,0.761615,-0.801894,0.422614
CVX,US Stock,6599,4619,22,1959,GARCH,2.115473,2.139798,2.126629,2.121291,2.121350,-1.119397,0.262971,-1.130429,0.258296,-0.372982,0.709162,-0.373945,0.708446,-2.032251,0.042128
CVX,US Stock,6599,4619,44,1937,GARCH,2.354585,2.402019,2.386566,2.361509,2.361650,-1.255623,0.209253,-1.291044,0.196688,-0.364080,0.715798,-0.368011,0.712865,-1.765051,0.077555
CVX,US Stock,6599,4619,66,1915,GARCH,2.349536,2.391594,2.377120,2.356013,2.356123,-1.285015,0.198787,-1.398025,0.162106,-0.275353,0.783045,-0.278068,0.780960,-2.257605,0.023970
CVX,US Stock,6599,4619,88,1893,GARCH,2.355885,2.389268,2.377456,2.363156,2.363232,-1.230755,0.218414,-1.424092,0.154420,-0.305894,0.759685,-0.307273,0.758636,-3.050420,0.002285
CVX,US Stock,6599,4619,110,1871,GARCH,2.351165,2.368009,2.362833,2.354780,2.354810,-0.838856,0.401550,-1.219086,0.222812,-0.154434,0.877268,-0.154891,0.876907,-2.516938,0.011838
CVX,US Stock,6599,4619,132,1849,GARCH,2.368150,2.388292,2.380464,2.374073,2.374133,-0.688810,0.490943,-0.802886,0.422040,-0.223932,0.822810,-0.224838,0.822105,-2.834991,0.004583
CVX,US Stock,6599,4619,154,1827,GARCH,2.353885,2.373351,2.363304,2.364985,2.365036,-0.750146,0.453167,-0.652069,0.514357,-0.500155,0.616966,-0.499664,0.617311,-1.793446,0.072902
CVX,US Stock,6599,4619,176,1805,GARCH,2.385229,2.420304,2.404004,2.409482,2.409620,-1.311889,0.189558,-1.310693,0.189961,-1.102829,0.270101,-1.102370,0.270301,-2.012039,0.044216
COP,US Stock,6599,4619,1,1980,FIGARCH,1.478662,1.474675,1.473512,1.472444,1.472444,0.882357,0.377584,1.348932,0.177359,1.422602,0.154852,1.422579,0.154858,-0.970411,0.331841
COP,US Stock,6599,4619,5,1976,FIGARCH,1.525383,1.522289,1.523460,1.520467,1.520467,0.408378,0.682996,0.213188,0.831180,0.613706,0.539410,0.613706,0.539410,-0.615309,0.538351
COP,US Stock,6599,4619,10,1971,GARCH,1.618550,1.623817,1.626832,1.620952,1.620952,-0.366689,0.713851,-0.489373,0.624578,-0.172686,0.862898,-0.172680,0.862903,-0.782606,0.433858
COP,US Stock,6599,4619,22,1959,GARCH,1.857983,1.881202,1.889694,1.875067,1.875067,-0.794184,0.427088,-1.074742,0.282490,-0.721678,0.470492,-0.721696,0.470482,-0.995970,0.319265
COP,US Stock,6599,4619,44,1937,SEARCH,2.260380,2.206126,2.259418,2.230141,2.230145,1.421592,0.155145,0.063574,0.949309,1.412203,0.157890,1.412155,0.157904,1.301328,0.193146
COP,US Stock,6599,4619,66,1915,SEARCH,2.149556,2.125371,2.146256,2.134762,2.134765,1.464873,0.142956,0.262588,0.792869,1.043889,0.296537,1.043648,0.296648,1.671873,0.094549
COP,US Stock,6599,4619,88,1893,GMARCH,2.091353,2.082795,2.082752,2.083914,2.083917,0.628297,0.529810,0.671993,0.501588,0.614237,0.539059,0.613984,0.539226,0.408761,0.682715
COP,US Stock,6599,4619,110,1871,GMARCH,2.078667,2.074547,2.062963,2.071780,2.071783,0.231013,0.817304,0.942752,0.345808,0.441466,0.658876,0.441258,0.659026,-1.014667,0.310265
COP,US Stock,6599,4619,132,1849,GMARCH,2.081043,2.093531,2.075173,2.085366,2.085370,-0.685450,0.493060,0.466025,0.641198,-0.290898,0.771129,-0.291104,0.770972,-1.827842,0.067573
COP,US Stock,6599,4619,154,1827,GARCH,2.108901,2.148084,2.134521,2.135146,2.135149,-1.609517,0.107503,-1.308672,0.190646,-1.377923,0.168227,-1.378014,0.168199,-2.241980,0.024963
COP,US Stock,6599,4619,176,1805,GARCH,2.161155,2.211299,2.195333,2.194555,2.194558,-1.894782,0.058121,-1.651882,0.098559,-1.668960,0.095125,-1.669035,0.095110,-2.394430,0.016646
SLB,US Stock,6599,4619,1,1980,FIGARCH,1.529588,1.525738,1.525920,1.525167,1.525188,1.121374,0.262129,0.993464,0.320484,1.354601,0.175545,1.349085,0.177310,-0.665030,0.506031
SLB,US Stock,6599,4619,5,1976,SEARCH,1.577870,1.575718,1.577132,1.576241,1.576262,1.557098,0.119447,0.416126,0.677317,1.220718,0.222193,1.211315,0.225775,0.444285,0.656837
SLB,US Stock,6599,4619,10,1971,SEARCH,1.644302,1.642726,1.644659,1.642843,1.642861,0.861085,0.389191,-0.143853,0.885617,0.824078,0.409895,0.820595,0.411877,0.108788,0.913370
SLB,US Stock,6599,4619,22,1959,FIGARCH,1.823011,1.819135,1.821568,1.818959,1.818986,1.443141,0.148981,0.792382,0.428138,1.898546,0.057624,1.891485,0.058560,-0.171675,0.863693
SLB,US Stock,6599,4619,44,1937,SEARCH,1.976523,1.952640,1.961548,1.962272,1.962416,1.336691,0.181323,1.221283,0.221979,1.519366,0.128670,1.517248,0.129204,1.083390,0.278636
SLB,US Stock,6599,4619,66,1915,SEARCH,1.955993,1.945168,1.948254,1.949920,1.949890,1.780036,0.075070,1.582851,0.113455,1.458011,0.144838,1.473187,0.140701,1.445898,0.148206
SLB,US Stock,6599,4619,88,1893,GMARCH,1.954961,1.952840,1.951668,1.954980,1.954808,0.597224,0.550358,1.598356,0.109964,-0.005058,0.995965,0.040625,0.967595,1.443189,0.148967
SLB,US Stock,6599,4619,110,1871,GMARCH,1.910353,1.914005,1.909047,1.914712,1.914368,-0.732377,0.463938,0.617901,0.536640,-0.886507,0.375345,-0.850305,0.395156,0.732958,0.463584
SLB,US Stock,6599,4619,132,1849,GARCH,1.911481,1.921825,1.913790,1.920607,1.920163,-1.532366,0.125432,-0.898353,0.368997,-1.596821,0.110306,-1.579407,0.114243,-0.903963,0.366015
SLB,US Stock,6599,4619,154,1827,GARCH,1.976160,1.989622,1.981966,1.987342,1.987007,-2.161870,0.030628,-1.688884,0.091242,-2.133359,0.032895,-2.107696,0.035057,-1.788154,0.073751
SLB,US Stock,6599,4619,176,1805,GARCH,2.041715,2.057340,2.048958,2.053611,2.053284,-2.263756,0.023589,-1.945505,0.051714,-2.079797,0.037544,-2.054900,0.039889,-2.494235,0.012623
WMT,US Stock,6599,4619,1,1980,SEARCH,1.783594,1.757713,1.765234,1.761762,1.767942,1.765506,0.077479,1.905066,0.056772,1.465753,0.142715,0.994311,0.320071,0.939548,0.347450
WMT,US Stock,6599,4619,5,1976,SEARCH,1.848204,1.832565,1.838406,1.842831,1.853358,1.176370,0.239447,0.997892,0.318332,0.352774,0.724258,-0.271907,0.785693,1.392939,0.163638
WMT,US Stock,6599,4619,10,1971,SEARCH,1.885902,1.872141,1.877115,1.884414,1.895751,0.988653,0.322833,0.857095,0.391393,0.094216,0.924938,-0.492637,0.622269,1.338174,0.180840
WMT,US Stock,6599,4619,22,1959,SEARCH,2.012207,2.001168,2.003801,2.018523,2.032152,0.821534,0.411342,0.992914,0.320752,-0.496276,0.619700,-1.099115,0.271718,1.388155,0.165090
WMT,US Stock,6599,4619,44,1937,GMARCH,2.036271,2.028351,2.027472,2.046810,2.063663,0.603481,0.546189,1.140076,0.254255,-1.050514,0.293482,-1.575553,0.115129,1.343562,0.179090
WMT,US Stock,6599,4619,66,1915,GMARCH,2.021082,2.024537,2.017229,2.035207,2.049371,-0.417302,0.676458,0.738133,0.460434,-1.759932,0.078419,-2.190039,0.028521,1.270343,0.203963
WMT,US Stock,6599,4619,88,1893,GARCH,1.965017,1.985588,1.968659,1.984830,1.993460,-2.111528,0.034727,-0.856651,0.391638,-2.637239,0.008358,-2.992541,0.002767,-0.140319,0.888408
WMT,US Stock,6599,4619,110,1871,GARCH,1.939351,1.972466,1.949734,1.963517,1.968302,-2.877329,0.004011,-2.446724,0.014416,-3.202678,0.001362,-3.645072,0.000267,-1.522372,0.127916
WMT,US Stock,6599,4619,132,1849,GARCH,1.961215,1.999681,1.973415,1.990831,1.995484,-2.646631,0.008130,-2.827741,0.004688,-3.283602,0.001025,-3.510379,0.000447,-1.083584,0.278550
WMT,US Stock,6599,4619,154,1827,GARCH,1.954728,1.997527,1.971495,1.991372,2.000724,-2.973555,0.002944,-3.165245,0.001550,-3.103677,0.001911,-3.427881,0.000608,-1.375451,0.168992
WMT,US Stock,6599,4619,176,1805,GARCH,1.964298,2.004640,1.979339,2.001071,2.012345,-3.110433,0.001868,-3.624963,0.000289,-3.261001,0.001110,-3.724797,0.000195,-1.088414,0.276412
MCD,US Stock,6599,4619,1,1980,GMARCH,1.572621,1.577358,1.571183,1.576369,1.577938,-0.336566,0.736444,0.220621,0.825387,-0.301986,0.762663,-0.444313,0.656816,-0.395155,0.692728
MCD,US Stock,6599,4619,5,1976,GARCH,1.618419,1.633067,1.623917,1.632674,1.635856,-1.186891,0.235271,-0.785854,0.431953,-1.301916,0.192945,-1.509547,0.131159,-0.101601,0.919073
MCD,US Stock,6599,4619,10,1971,GARCH,1.753214,1.776292,1.764094,1.775209,1.778782,-1.149992,0.250147,-0.814235,0.415510,-1.132822,0.257289,-1.199400,0.230372,-0.226804,0.820576
MCD,US Stock,6599,4619,22,1959,SEARCH,2.135898,2.088126,2.111708,2.092606,2.094735,0.736699,0.461305,0.965233,0.334428,0.789864,0.429607,0.795406,0.426378,0.428890,0.668003
MCD,US Stock,6599,4619,44,1937,HYGARCH,2.124877,2.094087,2.100651,2.089517,2.087413,0.712853,0.475937,1.264555,0.206031,0.854040,0.393083,0.893592,0.371540,-1.012711,0.311198
MCD,US Stock,6599,4619,66,1915,HYGARCH,2.019335,2.046627,2.015285,2.023613,2.013555,-1.891370,0.058575,0.626114,0.531240,-0.256299,0.797720,0.271444,0.786049,-1.846419,0.064831
MCD,US Stock,6599,4619,88,1893,GARCH,1.901495,1.986631,1.923185,1.951407,1.937298,-2.044449,0.040909,-1.117156,0.263928,-2.222459,0.026252,-2.415536,0.015712,-1.756606,0.078985
MCD,US Stock,6599,4619,110,1871,GARCH,1.967403,2.074636,2.001015,2.038688,2.024383,-1.913855,0.055639,-1.140119,0.254237,-1.971688,0.048645,-2.091332,0.036498,-1.782984,0.074589
MCD,US Stock,6599,4619,132,1849,GARCH,1.972625,2.101846,2.016081,2.064990,2.050750,-1.873429,0.061009,-1.151615,0.249479,-1.895950,0.057967,-1.966357,0.049257,-1.800912,0.071717
MCD,US Stock,6599,4619,154,1827,GARCH,1.987682,2.134583,2.039572,2.097911,2.084411,-1.864861,0.062201,-1.164759,0.244116,-1.859952,0.062892,-1.908508,0.056326,-1.869446,0.061561
MCD,US Stock,6599,4619,176,1805,GARCH,2.015196,2.170530,2.072200,2.135099,2.122218,-1.958455,0.050177,-1.231553,0.218116,-1.967622,0.049112,-2.035922,0.041758,-1.920447,0.054802
NKE,US Stock,6599,4619,1,1980,SEARCH,1.915236,1.865548,1.890368,1.866907,1.866907,2.144220,0.032015,2.336356,0.019473,1.819667,0.068810,1.819679,0.068808,0.273992,0.784091
NKE,US Stock,6599,4619,5,1976,SEARCH,1.942204,1.884409,1.911890,1.887662,1.887662,1.430666,0.152526,1.750321,0.080063,1.138233,0.255023,1.138241,0.255020,0.390140,0.696433
NKE,US Stock,6599,4619,10,1971,SEARCH,1.948834,1.917609,1.930177,1.927005,1.927005,0.908819,0.363445,1.218172,0.223159,0.536231,0.591799,0.536246,0.591788,1.186612,0.235381
NKE,US Stock,6599,4619,22,1959,SEARCH,2.015247,1.999693,2.003392,2.013199,2.013198,0.409005,0.682536,0.696949,0.485835,0.046171,0.963174,0.046192,0.963157,1.455231,0.145605
NKE,US Stock,6599,4619,44,1937,GARCH,1.998586,2.006526,2.003223,2.026004,2.026002,-0.215407,0.829450,-0.265226,0.790835,-0.620279,0.535074,-0.620257,0.535089,1.736318,0.082508
NKE,US Stock,6599,4619,66,1915,GARCH,1.990273,1.999475,1.991989,2.015805,2.015803,-0.258973,0.795656,-0.118649,0.905553,-0.663054,0.507296,-0.663016,0.507320,2.138386,0.032485
NKE,US Stock,6599,4619,88,1893,SEARCH,2.016970,2.002710,2.005104,2.010695,2.010694,0.379953,0.703980,0.841338,0.400159,0.157413,0.874919,0.157452,0.874889,1.328834,0.183903
NKE,US Stock,6599,4619,110,1871,SEARCH,2.008064,1.974940,1.981097,1.976422,1.976421,0.843253,0.399087,1.607064,0.108040,0.741705,0.458266,0.741740,0.458245,0.221406,0.824777
NKE,US Stock,6599,4619,132,1849,GMARCH,2.018320,1.997145,1.994453,1.998077,1.998075,0.586755,0.557368,2.138483,0.032478,0.538707,0.590089,0.538751,0.590059,0.221619,0.824611
NKE,US Stock,6599,4619,154,1827,HYGARCH,2.031039,1.993697,1.995922,1.989464,1.989462,0.983916,0.325157,2.522584,0.011650,1.026883,0.304476,1.026915,0.304461,-1.002201,0.316247
NKE,US Stock,6599,4619,176,1805,GMARCH,2.019327,1.988593,1.983750,1.985058,1.985056,0.733838,0.463047,1.992847,0.046278,0.766360,0.443462,0.766393,0.443442,-0.884965,0.376176
HD,US Stock,6599,4619,1,1980,GARCH,1.515235,1.517630,1.517900,1.518580,1.518580,-0.285305,0.775410,-0.414239,0.678699,-0.444281,0.656839,-0.444285,0.656836,0.474941,0.634829
HD,US Stock,6599,4619,5,1976,GARCH,1.553977,1.559116,1.565446,1.562046,1.562046,-0.526327,0.598661,-0.950589,0.341813,-0.712882,0.475919,-0.712887,0.475916,0.720029,0.471507
HD,US Stock,6599,4619,10,1971,GARCH,1.657710,1.681775,1.688041,1.686334,1.686334,-1.143640,0.252773,-1.167569,0.242981,-1.130720,0.258173,-1.130721,0.258173,0.775838,0.437845
HD,US Stock,6599,4619,22,1959,GARCH,1.973684,1.977553,1.989536,1.989163,1.989163,-0.320983,0.748224,-1.216684,0.223724,-1.239614,0.215118,-1.239614,0.215118,0.946184,0.344055
HD,US Stock,6599,4619,44,1937,GARCH,1.923375,1.955170,1.949398,1.960079,1.960079,-1.760659,0.078296,-1.573521,0.115598,-1.661965,0.096520,-1.661967,0.096519,0.818990,0.412792
HD,US Stock,6599,4619,66,1915,GARCH,1.782610,1.854737,1.828893,1.848469,1.848469,-1.473953,0.140494,-1.344818,0.178684,-1.456497,0.145255,-1.456497,0.145255,-1.580012,0.114104
HD,US Stock,6599,4619,88,1893,GARCH,1.846000,1.939825,1.923611,1.936795,1.936795,-1.489538,0.136346,-1.302564,0.192724,-1.468344,0.142011,-1.468343,0.142011,-1.669296,0.095059
HD,US Stock,6599,4619,110,1871,GARCH,1.819676,1.902984,1.881512,1.899370,1.899370,-1.428057,0.153275,-1.186949,0.235248,-1.420870,0.155355,-1.420870,0.155355,-1.443192,0.148966
HD,US Stock,6599,4619,132,1849,GARCH,1.795773,1.869167,1.845741,1.864078,1.864078,-1.323682,0.185609,-1.018757,0.308318,-1.320887,0.186539,-1.320886,0.186539,-1.323719,0.185596
HD,US Stock,6599,4619,154,1827,GARCH,1.792832,1.871266,1.845051,1.866999,1.866999,-1.279840,0.200601,-0.943689,0.345329,-1.268700,0.204548,-1.268699,0.204548,-1.447412,0.147782
HD,US Stock,6599,4619,176,1805,GARCH,1.809333,1.895032,1.868520,1.889187,1.889187,-1.272407,0.203229,-0.944543,0.344892,-1.259603,0.207813,-1.259602,0.207813,-1.462947,0.143482
COST,US Stock,6599,4619,1,1980,FIGARCH,1.633102,1.608984,1.621944,1.607880,1.607895,1.343562,0.179090,1.094482,0.273743,1.181726,0.237314,1.181051,0.237583,-0.255393,0.798419
COST,US Stock,6599,4619,5,1976,SEARCH,1.674417,1.671741,1.678578,1.674766,1.674788,0.279386,0.779948,-0.638547,0.523118,-0.029033,0.976839,-0.030913,0.975339,0.993041,0.320690
COST,US Stock,6599,4619,10,1971,GARCH,1.723271,1.727823,1.731577,1.730133,1.730180,-0.492900,0.622083,-1.049053,0.294154,-0.539088,0.589826,-0.543348,0.586890,0.581212,0.561097
COST,US Stock,6599,4619,22,1959,FIGARCH,1.850057,1.851555,1.852641,1.849017,1.849100,-0.128671,0.897618,-0.310914,0.755866,0.066134,0.947271,0.060897,0.951441,-0.529745,0.596289
COST,US Stock,6599,4619,44,1937,GARCH,1.871953,1.883850,1.879243,1.882421,1.882508,-1.003253,0.315739,-0.753815,0.450960,-0.734396,0.462707,-0.740907,0.458750,-0.419035,0.675190
COST,US Stock,6599,4619,66,1915,GARCH,1.853409,1.871165,1.864586,1.870762,1.870848,-1.236978,0.216095,-0.940234,0.347098,-1.022673,0.306463,-1.028302,0.303808,-0.111459,0.911252
COST,US Stock,6599,4619,88,1893,GARCH,1.818729,1.849981,1.840717,1.852918,1.852990,-1.863604,0.062377,-1.437616,0.150543,-1.791866,0.073154,-1.796568,0.072404,0.954899,0.339629
COST,US Stock,6599,4619,110,1871,GARCH,1.799991,1.837578,1.827682,1.840898,1.840974,-2.059210,0.039474,-1.527166,0.126720,-2.052700,0.040102,-2.057395,0.039648,1.548382,0.121530
COST,US Stock,6599,4619,132,1849,GARCH,1.792326,1.833859,1.822103,1.838453,1.838517,-2.321493,0.020260,-1.636651,0.101703,-2.407763,0.016051,-2.412533,0.015842,2.793694,0.005211
COST,US Stock,6599,4619,154,1827,GARCH,1.782725,1.817550,1.805205,1.821843,1.821909,-2.183564,0.028994,-1.365171,0.172199,-2.279014,0.022666,-2.284627,0.022335,2.476655,0.013262
COST,US Stock,6599,4619,176,1805,GARCH,1.799752,1.829521,1.818161,1.832497,1.832567,-2.020320,0.043350,-1.171348,0.241459,-2.135450,0.032724,-2.141269,0.032252,2.284306,0.022354
UNH,US Stock,6599,4619,1,1980,FIGARCH,1.900074,1.869084,1.879772,1.868039,1.868117,1.280005,0.200543,1.213255,0.225032,1.020070,0.307695,1.009142,0.312906,-0.082310,0.934400
UNH,US Stock,6599,4619,5,1976,HYGARCH,1.925737,1.898906,1.908283,1.893953,1.893128,0.896227,0.370132,0.743362,0.457263,0.885845,0.375701,0.891892,0.372451,-0.354143,0.723231
UNH,US Stock,6599,4619,10,1971,HYGARCH,1.953063,1.931015,1.945326,1.920856,1.920298,0.535565,0.592259,0.264387,0.791482,0.688942,0.490859,0.691316,0.489367,-0.666969,0.504792
UNH,US Stock,6599,4619,22,1959,HYGARCH,2.117822,2.104126,2.118436,2.088434,2.087308,0.253321,0.800020,-0.014800,0.988191,0.532564,0.594335,0.549193,0.582873,-0.802542,0.422240
UNH,US Stock,6599,4619,44,1937,GARCH,2.150440,2.188683,2.212470,2.152195,2.151411,-0.706160,0.480088,-1.012798,0.311157,-0.047809,0.961869,-0.026254,0.979055,-1.179144,0.238341
UNH,US Stock,6599,4619,66,1915,HYGARCH,2.170390,2.202610,2.229130,2.163138,2.162157,-0.582340,0.560338,-1.007793,0.313554,0.163322,0.870265,0.183844,0.854136,-1.307247,0.191129
UNH,US Stock,6599,4619,88,1893,GARCH,2.137530,2.172136,2.176137,2.151042,2.149288,-0.697834,0.485281,-0.845683,0.397730,-0.308072,0.758028,-0.268900,0.788007,-1.028021,0.303940
UNH,US Stock,6599,4619,110,1871,GARCH,2.129255,2.170592,2.165234,2.154800,2.153088,-0.926869,0.353995,-0.906045,0.364912,-0.656295,0.511634,-0.618955,0.535946,-1.222908,0.221365
UNH,US Stock,6599,4619,132,1849,GARCH,2.128579,2.175600,2.170785,2.157822,2.156232,-0.850714,0.394929,-0.844784,0.398231,-0.618694,0.536118,-0.588976,0.555878,-1.217169,0.223540
UNH,US Stock,6599,4619,154,1827,GARCH,2.139044,2.201671,2.195310,2.178258,2.176574,-1.029679,0.303161,-0.961103,0.336500,-0.817404,0.413698,-0.790930,0.428985,-1.328827,0.183905
UNH,US Stock,6599,4619,176,1805,GARCH,2.121143,2.188542,2.179914,2.166583,2.164447,-1.341078,0.179895,-1.176638,0.239340,-1.252969,0.210217,-1.227954,0.219464,-1.290100,0.197016
ABT,US Stock,6599,4619,1,1980,SEARCH,1.641924,1.631160,1.633181,1.636664,1.638704,2.091338,0.036498,1.631548,0.102775,1.014792,0.310205,0.621402,0.534335,2.818906,0.004819
ABT,US Stock,6599,4619,5,1976,SEARCH,1.661433,1.649678,1.652718,1.657379,1.658931,2.640854,0.008270,1.948587,0.051345,0.853831,0.393199,0.566418,0.571109,1.997181,0.045805
ABT,US Stock,6599,4619,10,1971,SEARCH,1.707579,1.697981,1.703102,1.708828,1.708783,2.143380,0.032083,0.833688,0.404457,-0.196296,0.844378,-0.226636,0.820707,2.350783,0.018734
ABT,US Stock,6599,4619,22,1959,SEARCH,1.858666,1.847799,1.855336,1.863249,1.862968,2.382239,0.017208,0.694183,0.487567,-0.710826,0.477192,-0.789304,0.429934,2.288602,0.022102
ABT,US Stock,6599,4619,44,1937,SEARCH,1.917179,1.899905,1.909300,1.920165,1.921027,1.973387,0.048452,1.574436,0.115387,-0.974165,0.329975,-1.289695,0.197157,2.130181,0.033157
ABT,US Stock,6599,4619,66,1915,SEARCH,1.870830,1.861646,1.867795,1.874585,1.874939,1.738244,0.082168,0.812701,0.416389,-1.404869,0.160060,-1.722492,0.084980,2.729490,0.006343
ABT,US Stock,6599,4619,88,1893,SEARCH,1.831347,1.829577,1.831761,1.833750,1.833546,0.502920,0.615021,-0.123623,0.901614,-0.726798,0.467350,-0.723760,0.469213,1.682048,0.092560
ABT,US Stock,6599,4619,110,1871,GARCH,1.782766,1.785755,1.784958,1.783673,1.782936,-1.007571,0.313660,-0.808401,0.418860,-0.264437,0.791443,-0.047467,0.962141,-0.547946,0.583729
ABT,US Stock,6599,4619,132,1849,GARCH,1.803276,1.808748,1.808036,1.806324,1.804962,-1.819575,0.068824,-1.766393,0.077330,-1.009291,0.312835,-0.490378,0.623866,-0.753440,0.451186
ABT,US Stock,6599,4619,154,1827,GARCH,1.813370,1.819233,1.819108,1.817775,1.815903,-1.904613,0.056830,-1.911712,0.055913,-1.561628,0.118376,-0.842502,0.399507,-0.770793,0.440829
ABT,US Stock,6599,4619,176,1805,GARCH,1.828223,1.835057,1.835612,1.834823,1.832885,-2.013321,0.044081,-2.130684,0.033115,-2.099470,0.035776,-1.636624,0.101709,-0.173216,0.862482
MRK,US Stock,6599,4619,1,1980,HYGARCH,1.738833,1.738865,1.738677,1.738354,1.738336,-0.003660,0.997080,0.039153,0.968768,0.062543,0.950130,0.064678,0.948430,-0.347808,0.727985
MRK,US Stock,6599,4619,5,1976,GARCH,1.752436,1.760073,1.755882,1.758616,1.758587,-0.879644,0.379052,-1.468881,0.141865,-0.904713,0.365618,-0.898055,0.369156,-0.749646,0.453468
MRK,US Stock,6599,4619,10,1971,GARCH,1.766844,1.777702,1.772067,1.775726,1.775703,-1.007327,0.313778,-1.765255,0.077521,-1.048731,0.294302,-1.042264,0.297289,-0.832861,0.404923
MRK,US Stock,6599,4619,22,1959,GARCH,1.805739,1.809410,1.808167,1.808408,1.808386,-0.350606,0.725884,-0.947198,0.343538,-0.328391,0.742616,-0.324098,0.745864,-0.420660,0.674003
MRK,US Stock,6599,4619,44,1937,HYGARCH,1.830150,1.827614,1.829733,1.827424,1.827400,0.269906,0.787233,0.271411,0.786075,0.384390,0.700689,0.385123,0.700147,-0.082059,0.934600
MRK,US Stock,6599,4619,66,1915,SEARCH,1.836635,1.831871,1.835267,1.831955,1.831928,0.500008,0.617069,0.962619,0.335739,0.650027,0.515675,0.649261,0.516170,0.035959,0.971315
MRK,US Stock,6599,4619,88,1893,SEARCH,1.834426,1.828028,1.832731,1.828583,1.828548,0.697664,0.485387,1.269056,0.204421,0.835179,0.403617,0.834535,0.403980,0.254510,0.799102
MRK,US Stock,6599,4619,110,1871,SEARCH,1.835356,1.827654,1.833448,1.828603,1.828562,0.857498,0.391170,1.552618,0.120514,0.986355,0.323959,0.985569,0.324345,0.443073,0.657713
MRK,US Stock,6599,4619,132,1849,SEARCH,1.843870,1.838176,1.842310,1.838662,1.838625,0.641186,0.521402,1.367740,0.171393,0.771708,0.440287,0.771629,0.440334,0.227278,0.820207
MRK,US Stock,6599,4619,154,1827,SEARCH,1.850232,1.844736,1.848726,1.845170,1.845133,0.633513,0.526399,1.409686,0.158632,0.771312,0.440522,0.771096,0.440650,0.204964,0.837600
MRK,US Stock,6599,4619,176,1805,HYGARCH,1.856704,1.854294,1.855583,1.853986,1.853953,0.283564,0.776744,1.095510,0.273293,0.424467,0.671225,0.426162,0.669990,-0.146818,0.883275
CAT,US Stock,6599,4619,1,1980,SEARCH,1.621616,1.617078,1.618400,1.621616,1.617964,1.405305,0.159931,1.358287,0.174373,-0.000143,0.999886,1.810307,0.070248,1.405304,0.159931
CAT,US Stock,6599,4619,5,1976,SEARCH,1.647146,1.644106,1.646139,1.647146,1.644575,0.760139,0.447171,0.303041,0.761859,0.172879,0.862747,1.174006,0.240392,0.760136,0.447173
CAT,US Stock,6599,4619,10,1971,SEARCH,1.685525,1.681889,1.684741,1.685525,1.682378,0.535601,0.592234,0.147918,0.882408,0.239459,0.810750,0.899712,0.368274,0.535599,0.592236
CAT,US Stock,6599,4619,22,1959,FIGARCH,1.733898,1.738277,1.739380,1.733898,1.733947,-0.540655,0.588745,-0.876047,0.381004,1.198520,0.230715,-0.014013,0.988819,-0.540657,0.588744
CAT,US Stock,6599,4619,44,1937,HYGARCH,1.793081,1.796600,1.798750,1.793081,1.791738,-0.490692,0.623644,-1.093640,0.274113,1.352321,0.176273,0.388822,0.697408,-0.490696,0.623641
CAT,US Stock,6599,4619,66,1915,FIGARCH,1.803864,1.813550,1.813060,1.803864,1.805122,-1.662069,0.096499,-2.177082,0.029474,1.298347,0.194168,-0.519731,0.603251,-1.662072,0.096498
CAT,US Stock,6599,4619,88,1893,GARCH,1.794782,1.808097,1.804408,1.794782,1.797463,-2.462537,0.013796,-2.698065,0.006974,-0.163003,0.870516,-1.342269,0.179509,-2.462540,0.013796
CAT,US Stock,6599,4619,110,1871,GARCH,1.768018,1.782539,1.777298,1.768018,1.772762,-2.860933,0.004224,-2.682119,0.007316,-0.370002,0.711381,-2.356524,0.018447,-2.860934,0.004224
CAT,US Stock,6599,4619,132,1849,GARCH,1.743897,1.758745,1.752745,1.743897,1.749284,-3.319345,0.000902,-3.062005,0.002199,-0.668891,0.503565,-3.051563,0.002277,-3.319349,0.000902
CAT,US Stock,6599,4619,154,1827,GARCH,1.737302,1.753364,1.746895,1.737302,1.743711,-3.624833,0.000289,-3.248284,0.001161,-0.671243,0.502066,-3.587360,0.000334,-3.624840,0.000289
CAT,US Stock,6599,4619,176,1805,GARCH,1.742499,1.760739,1.753941,1.742499,1.749844,-3.500024,0.000465,-3.034981,0.002406,-0.425144,0.670732,-3.768114,0.000164,-3.500030,0.000465
BA,US Stock,6599,4619,1,1980,SEARCH,1.634450,1.610814,1.618437,1.612003,1.611923,3.069627,0.002143,2.503831,0.012286,3.111548,0.001861,3.114416,0.001843,0.384223,0.700813
BA,US Stock,6599,4619,5,1976,HYGARCH,1.694127,1.676643,1.682798,1.674195,1.673984,1.115063,0.264823,0.858905,0.390393,1.656301,0.097661,1.679066,0.093139,-0.381512,0.702824
BA,US Stock,6599,4619,10,1971,HYGARCH,1.833721,1.834615,1.833881,1.824211,1.823976,-0.026859,0.978572,-0.006616,0.994721,0.396009,0.692099,0.406668,0.684252,-0.907285,0.364256
BA,US Stock,6599,4619,22,1959,HYGARCH,2.292139,2.265673,2.268264,2.262172,2.261594,1.057866,0.290117,1.522534,0.127875,1.283241,0.199408,1.305682,0.191661,-0.561094,0.574734
BA,US Stock,6599,4619,44,1937,HYGARCH,2.501334,2.444300,2.456409,2.444675,2.443588,2.272508,0.023056,2.533531,0.011292,2.120600,0.033955,2.144699,0.031977,0.066238,0.947188
BA,US Stock,6599,4619,66,1915,GMARCH,2.600161,2.550796,2.540446,2.563067,2.562005,1.768207,0.077026,2.574562,0.010037,1.234472,0.217027,1.264191,0.206162,1.382075,0.166949
BA,US Stock,6599,4619,88,1893,GMARCH,2.727599,2.675653,2.656558,2.688188,2.686840,2.161474,0.030659,2.919674,0.003504,1.632832,0.102504,1.690324,0.090966,1.704720,0.088247
BA,US Stock,6599,4619,110,1871,GMARCH,2.802132,2.777792,2.764295,2.771493,2.769657,0.705430,0.480543,1.485195,0.137492,1.006914,0.313976,1.077210,0.281387,-0.652689,0.513957
BA,US Stock,6599,4619,132,1849,GMARCH,2.834981,2.797829,2.781736,2.794578,2.792681,1.123710,0.261136,2.150634,0.031505,1.268766,0.204524,1.334594,0.182009,-0.621956,0.533971
BA,US Stock,6599,4619,154,1827,GMARCH,2.849489,2.816087,2.792096,2.815124,2.813224,1.363709,0.172659,2.695078,0.007037,1.390375,0.164415,1.464719,0.142997,-0.305195,0.760218
BA,US Stock,6599,4619,176,1805,GMARCH,2.894244,2.915034,2.880466,2.906661,2.904396,-0.776057,0.437715,0.848222,0.396315,-0.509642,0.610302,-0.424048,0.671531,-1.622623,0.104670
MMM,US Stock,6599,4619,1,1980,SEARCH,2.003167,1.983252,2.001366,2.003166,2.003167,3.367430,0.000759,2.279272,0.022651,2.266599,0.023415,1.016333,0.309471,3.367427,0.000759
MMM,US Stock,6599,4619,5,1976,SEARCH,2.000492,1.981194,1.999148,2.000491,2.000492,2.577233,0.009959,1.545208,0.122296,2.603289,0.009233,0.978654,0.327751,2.577181,0.009961
MMM,US Stock,6599,4619,10,1971,SEARCH,2.029343,2.012470,2.028503,2.029342,2.029343,2.459853,0.013899,0.865022,0.387027,2.460888,0.013859,1.561057,0.118510,2.459737,0.013904
MMM,US Stock,6599,4619,22,1959,SEARCH,2.060153,2.049588,2.060122,2.060152,2.060153,1.663827,0.096147,0.036821,0.970628,2.129646,0.033201,2.483124,0.013024,1.663691,0.096174
MMM,US Stock,6599,4619,44,1937,SEARCH,2.135078,2.128165,2.136419,2.135077,2.135077,1.089452,0.275954,-1.249117,0.211622,2.332321,0.019684,3.198012,0.001384,1.089339,0.276005
MMM,US Stock,6599,4619,66,1915,SEARCH,2.143938,2.130726,2.144081,2.143936,2.143937,1.815049,0.069516,-0.201208,0.840536,2.622209,0.008736,3.908533,0.000093,1.814960,0.069530
MMM,US Stock,6599,4619,88,1893,SEARCH,2.155344,2.140672,2.155487,2.155342,2.155344,1.905124,0.056764,-0.253373,0.799980,2.838952,0.004526,3.701888,0.000214,1.905029,0.056776
MMM,US Stock,6599,4619,110,1871,SEARCH,2.169662,2.153921,2.169795,2.169660,2.169661,1.415330,0.156972,-0.172583,0.862979,2.316981,0.020505,3.934569,0.000083,1.415252,0.156995
MMM,US Stock,6599,4619,132,1849,FIGARCH,2.179641,2.182779,2.181396,2.179640,2.179641,-0.670599,0.502476,-2.907793,0.003640,1.663600,0.096192,4.150055,0.000033,-0.670811,0.502341
MMM,US Stock,6599,4619,154,1827,FIGARCH,2.188915,2.193338,2.190864,2.188915,2.188915,-1.131896,0.257678,-3.352705,0.000800,1.368301,0.171218,4.130394,0.000036,-1.132136,0.257577
MMM,US Stock,6599,4619,176,1805,HYGARCH,2.186973,2.195604,2.189268,2.186973,2.186973,-2.708995,0.006749,-3.805146,0.000142,0.615324,0.538341,4.027986,0.000056,-2.709155,0.006745
HON,US Stock,6599,4619,1,1980,FIGARCH,1.565336,1.544926,1.547559,1.544925,1.544930,2.936401,0.003320,2.749930,0.005961,3.025094,0.002486,2.952437,0.003153,-0.000545,0.999565
HON,US Stock,6599,4619,5,1976,FIGARCH,1.600719,1.589516,1.594224,1.587798,1.588033,1.288539,0.197558,0.675494,0.499362,2.207764,0.027261,2.140182,0.032340,-0.333989,0.738388
HON,US Stock,6599,4619,10,1971,FIGARCH,1.651523,1.648864,1.653393,1.643459,1.643921,0.171044,0.864189,-0.109745,0.912612,0.903078,0.366485,0.839355,0.401270,-0.563021,0.573421
HON,US Stock,6599,4619,22,1959,GARCH,1.809858,1.830251,1.832899,1.817491,1.819009,-0.689166,0.490719,-0.763208,0.445339,-0.437529,0.661728,-0.504309,0.614044,-0.935057,0.349759
HON,US Stock,6599,4619,44,1937,FIGARCH,1.886270,1.899701,1.910643,1.877929,1.880360,-0.680365,0.496273,-0.887334,0.374899,0.761869,0.446138,0.546034,0.585042,-1.082824,0.278886
HON,US Stock,6599,4619,66,1915,GARCH,1.879299,1.909848,1.910926,1.894397,1.896973,-0.976930,0.328604,-1.029547,0.303223,-0.696513,0.486107,-0.785271,0.432295,-1.350957,0.176709
HON,US Stock,6599,4619,88,1893,GARCH,1.886113,1.914440,1.908911,1.907160,1.909869,-0.902976,0.366539,-0.824378,0.409725,-0.813271,0.416062,-0.894830,0.370878,-0.941233,0.346586
HON,US Stock,6599,4619,110,1871,GARCH,1.818974,1.844911,1.830673,1.852742,1.854732,-0.721758,0.470443,-0.427219,0.669220,-0.899912,0.368167,-0.948365,0.342944,1.567059,0.117101
HON,US Stock,6599,4619,132,1849,GARCH,1.819511,1.847920,1.830180,1.857898,1.860039,-0.699609,0.484171,-0.355522,0.722199,-0.905901,0.364988,-0.952438,0.340875,2.308877,0.020950
HON,US Stock,6599,4619,154,1827,GARCH,1.820403,1.858537,1.839784,1.863856,1.866339,-0.776793,0.437281,-0.503258,0.614783,-0.929671,0.352542,-0.977525,0.328309,1.353928,0.175759
HON,US Stock,6599,4619,176,1805,GARCH,1.861865,1.921577,1.903385,1.913271,1.917208,-0.932242,0.351212,-0.766422,0.443425,-0.983337,0.325442,-1.033515,0.301363,-0.678431,0.497499
TSLA,US Stock,3962,2773,1,1189,GARCH,1.665844,1.683620,1.673868,1.683738,1.683768,-2.245232,0.024753,-1.732364,0.083209,-2.553503,0.010665,-2.556012,0.010588,0.070093,0.944120
TSLA,US Stock,3962,2773,5,1185,GARCH,1.663369,1.674147,1.664694,1.672786,1.672867,-1.203571,0.228755,-0.271840,0.785745,-1.188744,0.234540,-1.196004,0.231695,-0.872951,0.382690
TSLA,US Stock,3962,2773,10,1180,GMARCH,1.666063,1.674739,1.665422,1.674419,1.674537,-0.808273,0.418934,0.108484,0.913611,-0.896012,0.370246,-0.907490,0.364148,-0.178221,0.858550
TSLA,US Stock,3962,2773,22,1168,GMARCH,1.704521,1.706554,1.699310,1.704743,1.704767,-0.175957,0.860328,0.817672,0.413544,-0.022970,0.981674,-0.025471,0.979679,-0.897335,0.369540
TSLA,US Stock,3962,2773,44,1146,GMARCH,1.703715,1.711516,1.703094,1.709717,1.709771,-0.842203,0.399674,0.134633,0.892902,-0.785345,0.432251,-0.792886,0.427844,-1.018456,0.308461
TSLA,US Stock,3962,2773,66,1124,GMARCH,1.676564,1.684514,1.675803,1.683508,1.683612,-0.813251,0.416074,0.154859,0.876932,-0.851763,0.394345,-0.866283,0.386335,-0.572446,0.567020
TSLA,US Stock,3962,2773,88,1102,GMARCH,1.688038,1.697611,1.686490,1.696505,1.696618,-1.133820,0.256870,0.361138,0.717997,-1.179562,0.238174,-1.197349,0.231170,-0.801569,0.422803
TSLA,US Stock,3962,2773,110,1080,GARCH,1.682384,1.704003,1.687198,1.701464,1.701569,-2.886795,0.003892,-1.218288,0.223114,-2.928791,0.003403,-2.943148,0.003249,-2.382593,0.017191
TSLA,US Stock,3962,2773,132,1058,GARCH,1.695947,1.722964,1.701174,1.720326,1.720484,-3.707739,0.000209,-1.503298,0.132762,-3.717975,0.000201,-3.725115,0.000195,-3.190499,0.001420
TSLA,US Stock,3962,2773,154,1036,GARCH,1.699427,1.730212,1.705165,1.727531,1.727723,-4.369969,0.000012,-1.604408,0.108624,-4.309543,0.000016,-4.307189,0.000017,-4.410134,0.000010
TSLA,US Stock,3962,2773,176,1014,GARCH,1.719424,1.750534,1.723586,1.748267,1.748484,-4.527395,0.000006,-1.185324,0.235889,-4.477645,0.000008,-4.478633,0.000008,-4.178104,0.000029
AMD,US Stock,6599,4619,1,1980,SEARCH,1.718251,1.708292,1.709877,1.710773,1.711509,1.181472,0.237415,1.925953,0.054110,1.015828,0.309711,0.911352,0.362110,1.432032,0.152135
AMD,US Stock,6599,4619,5,1976,SEARCH,1.737805,1.733928,1.734918,1.735699,1.736219,0.774013,0.438923,1.543143,0.122796,0.506956,0.612186,0.371324,0.710396,0.771118,0.440637
AMD,US Stock,6599,4619,10,1971,GMARCH,1.750224,1.749332,1.749013,1.750503,1.750894,0.163796,0.869892,0.581377,0.560986,-0.058203,0.953587,-0.136040,0.891790,0.605249,0.545013
AMD,US Stock,6599,4619,22,1959,GARCH,1.765340,1.767999,1.765367,1.767607,1.767875,-0.491418,0.623131,-0.014415,0.988499,-0.567412,0.570434,-0.638233,0.523322,-0.180949,0.856408
AMD,US Stock,6599,4619,44,1937,GARCH,1.778745,1.785722,1.780184,1.784153,1.784480,-1.546468,0.121992,-0.872989,0.382669,-1.664646,0.095983,-1.775144,0.075874,-0.796184,0.425925
AMD,US Stock,6599,4619,66,1915,GARCH,1.781792,1.789576,1.783497,1.788251,1.788590,-1.884435,0.059506,-1.171190,0.241523,-2.249271,0.024495,-2.357234,0.018412,-0.692917,0.488361
AMD,US Stock,6599,4619,88,1893,GARCH,1.785875,1.795314,1.788235,1.794254,1.794541,-2.629846,0.008542,-1.679578,0.093039,-3.149736,0.001634,-3.182564,0.001460,-0.685535,0.493007
AMD,US Stock,6599,4619,110,1871,GARCH,1.791244,1.802229,1.794219,1.801082,1.801301,-3.240787,0.001192,-2.019730,0.043411,-3.696989,0.000218,-3.643133,0.000269,-0.888007,0.374537
AMD,US Stock,6599,4619,132,1849,GARCH,1.776850,1.789116,1.779879,1.788399,1.788535,-3.869087,0.000109,-2.006637,0.044788,-4.184885,0.000029,-4.050455,0.000051,-0.795933,0.426071
AMD,US Stock,6599,4619,154,1827,GARCH,1.776214,1.787813,1.779118,1.788272,1.788351,-3.632595,0.000281,-2.047182,0.040640,-4.294053,0.000018,-4.170138,0.000030,0.530274,0.595922
AMD,US Stock,6599,4619,176,1805,GARCH,1.781297,1.792415,1.783913,1.793350,1.793316,-3.427393,0.000609,-2.005705,0.044888,-4.076669,0.000046,-3.949168,0.000078,1.139269,0.254591
MU,US Stock,6599,4619,1,1980,SEARCH,1.561060,1.553304,1.554561,1.554276,1.554229,2.154301,0.031217,1.870132,0.061465,2.115828,0.034359,2.132231,0.032988,0.831197,0.405862
MU,US Stock,6599,4619,5,1976,SEARCH,1.587052,1.580902,1.583976,1.584549,1.584481,2.190791,0.028467,1.697584,0.089586,2.320401,0.020319,2.364467,0.018056,1.894582,0.058148
MU,US Stock,6599,4619,10,1971,SEARCH,1.622118,1.617464,1.620624,1.620464,1.620375,2.027726,0.042588,1.068199,0.285431,1.592030,0.111378,1.668924,0.095132,1.777812,0.075435
MU,US Stock,6599,4619,22,1959,SEARCH,1.651674,1.646172,1.649337,1.649057,1.648934,2.044917,0.040863,1.261597,0.207094,1.928994,0.053732,1.980450,0.047653,1.998050,0.045711
MU,US Stock,6599,4619,44,1937,SEARCH,1.686719,1.678393,1.682191,1.682302,1.682132,2.559341,0.010487,2.046377,0.040719,2.532270,0.011333,2.579732,0.009888,2.431419,0.015040
MU,US Stock,6599,4619,66,1915,SEARCH,1.670847,1.665838,1.668547,1.668005,1.667868,1.954342,0.050661,1.384744,0.166131,1.798394,0.072115,1.870949,0.061352,2.121605,0.033871
MU,US Stock,6599,4619,88,1893,SEARCH,1.666365,1.662541,1.664439,1.663967,1.663849,1.641328,0.100729,1.269505,0.204261,1.644043,0.100167,1.734885,0.082761,1.567874,0.116911
MU,US Stock,6599,4619,110,1871,SEARCH,1.649636,1.648503,1.649189,1.648818,1.648753,0.479673,0.631460,0.276911,0.781849,0.524602,0.599860,0.568252,0.569864,0.383532,0.701326
MU,US Stock,6599,4619,132,1849,GARCH,1.652795,1.653439,1.653374,1.653062,1.652998,-0.320963,0.748239,-0.408635,0.682807,-0.197878,0.843140,-0.153058,0.878353,-0.561724,0.574304
MU,US Stock,6599,4619,154,1827,GARCH,1.646442,1.648229,1.647687,1.647511,1.647458,-0.926762,0.354050,-0.924485,0.355234,-0.821084,0.411598,-0.793326,0.427588,-1.123981,0.261021
MU,US Stock,6599,4619,176,1805,GARCH,1.653382,1.656172,1.655365,1.655220,1.655163,-1.415772,0.156842,-1.383096,0.166636,-1.369519,0.170837,-1.358497,0.174306,-1.488358,0.136656
F,US Stock,6599,4619,1,1980,SEARCH,1.889898,1.861635,1.873156,1.864514,1.864515,3.046100,0.002318,2.731873,0.006298,2.377028,0.017453,2.376842,0.017462,0.776186,0.437639
F,US Stock,6599,4619,5,1976,SEARCH,1.908427,1.883576,1.895098,1.891023,1.891025,2.399221,0.016430,2.312230,0.020765,1.618081,0.105645,1.617799,0.105706,1.920788,0.054758
F,US Stock,6599,4619,10,1971,SEARCH,1.939993,1.917834,1.927779,1.927039,1.927042,1.424057,0.154430,1.522825,0.127803,0.809069,0.418475,0.808833,0.418611,2.282096,0.022484
F,US Stock,6599,4619,22,1959,SEARCH,1.976870,1.971428,1.971478,1.980268,1.980271,0.225062,0.821931,0.485317,0.627451,-0.148146,0.882227,-0.148299,0.882107,2.290890,0.021970
F,US Stock,6599,4619,44,1937,GMARCH,2.062545,2.052203,2.047888,2.067000,2.067003,1.204675,0.228329,1.889200,0.058865,-0.471718,0.637128,-0.471994,0.636931,1.775784,0.075768
F,US Stock,6599,4619,66,1915,GARCH,2.017746,2.040164,2.019248,2.047004,2.047006,-1.463771,0.143256,-0.328546,0.742499,-1.941311,0.052221,-1.941489,0.052199,1.758348,0.078688
F,US Stock,6599,4619,88,1893,GARCH,2.021398,2.049938,2.025560,2.054000,2.054001,-1.255279,0.209377,-0.557099,0.577460,-1.628024,0.103520,-1.628125,0.103498,1.081597,0.279431
F,US Stock,6599,4619,110,1871,GARCH,2.016761,2.047054,2.021242,2.049282,2.049283,-1.344212,0.178880,-0.640496,0.521850,-1.529098,0.126240,-1.529150,0.126227,0.798605,0.424520
F,US Stock,6599,4619,132,1849,GARCH,1.983817,2.013816,1.989223,2.012120,2.012120,-1.414345,0.157261,-0.787342,0.431082,-1.485777,0.137338,-1.485789,0.137335,-0.576160,0.564507
F,US Stock,6599,4619,154,1827,GARCH,1.964022,2.000314,1.975202,1.995141,1.995139,-1.662485,0.096416,-1.257155,0.208698,-1.670195,0.094881,-1.670193,0.094881,-1.360365,0.173715
F,US Stock,6599,4619,176,1805,GARCH,1.974090,2.008480,1.984234,2.005277,2.005276,-1.571114,0.116156,-1.237790,0.215794,-1.598392,0.109956,-1.598410,0.109952,-1.016954,0.309175
CL,US Stock,6599,4619,1,1980,SEARCH,1.578600,1.560031,1.560349,1.561061,1.562849,0.969390,0.332351,1.521096,0.128236,0.985577,0.324341,0.890488,0.373204,0.572103,0.567252
CL,US Stock,6599,4619,5,1976,GMARCH,1.630948,1.627506,1.624197,1.630329,1.634067,0.391500,0.695428,1.500812,0.133404,0.085050,0.932222,-0.397230,0.691198,0.949957,0.342134
CL,US Stock,6599,4619,10,1971,GMARCH,1.686737,1.688383,1.683145,1.691015,1.694468,-0.150819,0.880118,0.713033,0.475825,-0.398698,0.690116,-0.612198,0.540407,0.949558,0.342337
CL,US Stock,6599,4619,22,1959,SEARCH,1.827464,1.801876,1.810269,1.805380,1.805246,1.071173,0.284092,1.452554,0.146348,1.092849,0.274460,1.087293,0.276907,0.900864,0.367661
CL,US Stock,6599,4619,44,1937,SEARCH,1.823183,1.806897,1.810605,1.808301,1.807430,1.096990,0.272646,1.867715,0.061802,1.184737,0.236122,1.224099,0.220915,0.536394,0.591686
CL,US Stock,6599,4619,66,1915,GMARCH,1.802868,1.804406,1.799759,1.801966,1.799975,-0.190290,0.849082,1.051639,0.292965,0.134672,0.892872,0.415850,0.677520,-1.173709,0.240512
CL,US Stock,6599,4619,88,1893,GARCH,1.761425,1.782168,1.768483,1.775440,1.772386,-2.186535,0.028776,-1.262766,0.206673,-2.132545,0.032962,-2.038821,0.041468,-2.153937,0.031245
CL,US Stock,6599,4619,110,1871,GARCH,1.758727,1.783615,1.767957,1.776119,1.772786,-2.712824,0.006671,-1.610756,0.107233,-2.641683,0.008250,-2.591926,0.009544,-2.742262,0.006102
CL,US Stock,6599,4619,132,1849,GARCH,1.743681,1.772080,1.753916,1.764589,1.761470,-2.937991,0.003303,-1.640724,0.100855,-2.836137,0.004566,-2.855045,0.004303,-3.187847,0.001433
CL,US Stock,6599,4619,154,1827,GARCH,1.747735,1.777607,1.759125,1.770325,1.767517,-3.192677,0.001410,-1.701449,0.088859,-3.045515,0.002323,-3.037274,0.002387,-3.676534,0.000236
CL,US Stock,6599,4619,176,1805,GARCH,1.774808,1.811111,1.787466,1.803573,1.800586,-2.780141,0.005434,-1.686530,0.091694,-2.593398,0.009503,-2.563787,0.010354,-3.700083,0.000216
SO,US Stock,6599,4619,1,1980,SEARCH,1.466515,1.461663,1.463739,1.466793,1.466793,0.925997,0.354448,0.995135,0.319671,-0.050806,0.959480,-0.050797,0.959488,2.035264,0.041824
SO,US Stock,6599,4619,5,1976,GMARCH,1.522692,1.521594,1.519121,1.525681,1.525681,0.098915,0.921205,0.606263,0.544340,-0.208232,0.835048,-0.208227,0.835052,0.911767,0.361891
SO,US Stock,6599,4619,10,1971,GARCH,1.629028,1.641054,1.630012,1.645295,1.645294,-0.460469,0.645180,-0.083068,0.933797,-0.553975,0.579596,-0.553971,0.579599,0.883574,0.376926
SO,US Stock,6599,4619,22,1959,GARCH,2.164034,2.199106,2.167272,2.198715,2.198714,-1.206367,0.227676,-0.377666,0.705679,-1.227034,0.219810,-1.227030,0.219811,-0.088035,0.929849
SO,US Stock,6599,4619,44,1937,GARCH,2.258649,2.326530,2.264747,2.311509,2.311509,-1.813955,0.069685,-1.329426,0.183708,-1.795143,0.072631,-1.795142,0.072631,-1.629575,0.103191
SO,US Stock,6599,4619,66,1915,GARCH,2.227429,2.321921,2.244246,2.296724,2.296724,-1.821258,0.068568,-1.677157,0.093512,-1.832837,0.066827,-1.832835,0.066827,-1.652278,0.098478
SO,US Stock,6599,4619,88,1893,GARCH,2.261807,2.372815,2.283887,2.349368,2.349367,-1.975114,0.048255,-1.991208,0.046458,-2.041619,0.041189,-2.041618,0.041189,-1.662215,0.096470
SO,US Stock,6599,4619,110,1871,GARCH,2.290761,2.407295,2.313942,2.386291,2.386291,-1.939708,0.052415,-1.674907,0.093952,-1.886693,0.059202,-1.886694,0.059202,-2.074179,0.038063
SO,US Stock,6599,4619,132,1849,GARCH,2.272700,2.359461,2.280116,2.324445,2.324445,-2.261628,0.023720,-1.404148,0.160275,-2.360985,0.018226,-2.360985,0.018226,-1.888238,0.058994
SO,US Stock,6599,4619,154,1827,GARCH,2.268090,2.349867,2.272243,2.311107,2.311107,-2.343544,0.019102,-1.288913,0.197428,-2.519068,0.011767,-2.519069,0.011767,-1.959127,0.050098
SO,US Stock,6599,4619,176,1805,GARCH,2.285568,2.398126,2.297024,2.359637,2.359637,-2.000383,0.045459,-1.446143,0.148137,-1.942742,0.052047,-1.942745,0.052047,-2.077820,0.037726
DUK,US Stock,6599,4619,1,1980,SEARCH,1.452653,1.438836,1.442865,1.446173,1.446173,1.870238,0.061451,1.894442,0.058166,1.048259,0.294519,1.048259,0.294519,2.619221,0.008813
DUK,US Stock,6599,4619,5,1976,SEARCH,1.511058,1.507083,1.509154,1.520295,1.520295,0.477099,0.633292,0.302203,0.762498,-0.664959,0.506077,-0.664961,0.506075,1.687979,0.091415
DUK,US Stock,6599,4619,10,1971,GARCH,1.597450,1.602515,1.601335,1.620844,1.620844,-0.293401,0.769216,-0.293681,0.769001,-0.848471,0.396175,-0.848475,0.396173,1.539599,0.123658
DUK,US Stock,6599,4619,22,1959,GMARCH,2.129148,2.123306,2.111341,2.144199,2.144199,0.247352,0.804636,0.989762,0.322291,-0.479531,0.631561,-0.479517,0.631571,1.338541,0.180720
DUK,US Stock,6599,4619,44,1937,GMARCH,2.237253,2.216748,2.195948,2.220112,2.220110,1.587545,0.112389,1.746469,0.080729,1.620288,0.105170,1.620319,0.105164,0.564303,0.572548
DUK,US Stock,6599,4619,66,1915,GARCH,2.004896,2.077006,2.026255,2.049250,2.049248,-1.413165,0.157607,-1.030510,0.302770,-1.318296,0.187404,-1.318291,0.187406,-1.570090,0.116394
DUK,US Stock,6599,4619,88,1893,GARCH,1.954234,2.062141,2.001092,2.040237,2.040236,-1.505828,0.132111,-1.281630,0.199972,-1.416159,0.156729,-1.416158,0.156729,-1.813432,0.069765
DUK,US Stock,6599,4619,110,1871,GARCH,2.040651,2.150455,2.083447,2.136168,2.136166,-1.539134,0.123772,-1.277580,0.201398,-1.459679,0.144378,-1.459679,0.144378,-2.148807,0.031650
DUK,US Stock,6599,4619,132,1849,GARCH,2.036037,2.141829,2.073557,2.123075,2.123073,-1.557122,0.119442,-1.247628,0.212167,-1.469804,0.141615,-1.469806,0.141614,-2.033609,0.041991
DUK,US Stock,6599,4619,154,1827,GARCH,1.985545,2.102380,2.031838,2.075814,2.075813,-1.577002,0.114795,-1.266604,0.205297,-1.496572,0.134505,-1.496572,0.134505,-1.898100,0.057683
DUK,US Stock,6599,4619,176,1805,GARCH,1.965837,2.084308,2.013623,2.056338,2.056337,-1.546125,0.122074,-1.230972,0.218333,-1.461720,0.143818,-1.461720,0.143818,-1.882024,0.059833
PEP,US Stock,6599,4619,1,1980,SEARCH,1.677271,1.673240,1.675750,1.674048,1.674048,0.307092,0.758773,0.254441,0.799155,0.243851,0.807346,0.243855,0.807343,0.393698,0.693804
PEP,US Stock,6599,4619,5,1976,GMARCH,1.727228,1.743205,1.720856,1.740715,1.740714,-0.619215,0.535774,1.042104,0.297364,-0.592410,0.553576,-0.592395,0.553586,-0.570581,0.568284
PEP,US Stock,6599,4619,10,1971,GARCH,1.786476,1.851721,1.787406,1.847535,1.847534,-1.203179,0.228907,-0.092144,0.926584,-1.201434,0.229583,-1.201425,0.229586,-0.939628,0.347408
PEP,US Stock,6599,4619,22,1959,GMARCH,2.244741,2.317591,2.203437,2.306526,2.306526,-1.355507,0.175256,1.395159,0.162968,-1.413135,0.157616,-1.413123,0.157619,-0.922264,0.356391
PEP,US Stock,6599,4619,44,1937,GMARCH,2.174304,2.313345,2.150931,2.309819,2.309818,-1.583804,0.113238,1.369702,0.170780,-1.619485,0.105343,-1.619477,0.105345,-0.690018,0.490183
PEP,US Stock,6599,4619,66,1915,GMARCH,2.159644,2.305511,2.131447,2.306198,2.306197,-1.778093,0.075389,1.338568,0.180711,-1.805624,0.070977,-1.805614,0.070979,0.283473,0.776814
PEP,US Stock,6599,4619,88,1893,GMARCH,2.119289,2.257342,2.090920,2.268120,2.268120,-1.928758,0.053761,1.419235,0.155831,-1.914513,0.055555,-1.914500,0.055556,1.646262,0.099710
PEP,US Stock,6599,4619,110,1871,GMARCH,2.100271,2.228192,2.073676,2.244469,2.244469,-2.089084,0.036700,1.388874,0.164871,-2.033783,0.041974,-2.033765,0.041975,1.638127,0.101395
PEP,US Stock,6599,4619,132,1849,GMARCH,2.109927,2.244650,2.081409,2.261560,2.261560,-2.035159,0.041835,1.358507,0.174303,-2.008129,0.044630,-2.008113,0.044631,1.782997,0.074587
PEP,US Stock,6599,4619,154,1827,GMARCH,2.106531,2.241999,2.077964,2.259489,2.259489,-2.199465,0.027845,1.341688,0.179697,-2.152770,0.031337,-2.152748,0.031338,1.808070,0.070596
PEP,US Stock,6599,4619,176,1805,GMARCH,2.128726,2.311670,2.100426,2.326005,2.326005,-1.899459,0.057504,1.352522,0.176208,-1.909678,0.056175,-1.909667,0.056176,2.026421,0.042722
VNQ,US Stock,5409,3786,1,1623,GMARCH,1.450920,1.445068,1.445016,1.445383,1.445383,1.238144,0.215663,1.707234,0.087779,1.371061,0.170356,1.371055,0.170358,0.156999,0.875245
VNQ,US Stock,5409,3786,5,1619,GARCH,1.515461,1.522138,1.518591,1.523089,1.523089,-0.584662,0.558775,-0.382357,0.702197,-0.761661,0.446262,-0.761661,0.446262,0.341410,0.732795
VNQ,US Stock,5409,3786,10,1614,GARCH,1.619782,1.653399,1.639451,1.649733,1.649733,-1.132976,0.257224,-0.980434,0.326872,-1.227499,0.219635,-1.227498,0.219635,-0.581814,0.560692
VNQ,US Stock,5409,3786,22,1602,GARCH,2.235266,2.370761,2.306664,2.366421,2.366421,-1.278609,0.201035,-1.263582,0.206380,-1.284297,0.199038,-1.284295,0.199039,-0.706041,0.480163
VNQ,US Stock,5409,3786,44,1580,GARCH,2.195649,2.387101,2.290676,2.371754,2.371755,-1.457707,0.144921,-1.408483,0.158988,-1.498750,0.133939,-1.498746,0.133940,-1.041088,0.297835
VNQ,US Stock,5409,3786,66,1558,GARCH,2.115596,2.344607,2.224112,2.320677,2.320679,-1.585556,0.112840,-1.516169,0.129477,-1.623773,0.104424,-1.623769,0.104425,-1.265300,0.205764
VNQ,US Stock,5409,3786,88,1536,GARCH,2.096295,2.354560,2.215956,2.329764,2.329766,-1.697500,0.089602,-1.589976,0.111840,-1.726577,0.084244,-1.726571,0.084245,-1.397710,0.162200
VNQ,US Stock,5409,3786,110,1514,GARCH,1.748073,1.857524,1.793406,1.849190,1.849191,-1.943355,0.051973,-1.689089,0.091202,-2.001990,0.045286,-2.001971,0.045288,-1.065432,0.286681
VNQ,US Stock,5409,3786,132,1492,GARCH,1.613023,1.649090,1.623577,1.648383,1.648383,-1.413265,0.157578,-0.920402,0.357363,-1.450835,0.146826,-1.450786,0.146839,-0.145134,0.884605
VNQ,US Stock,5409,3786,154,1470,GARCH,1.622543,1.651495,1.630824,1.649682,1.649681,-1.196604,0.231461,-0.764595,0.444513,-1.156818,0.247347,-1.156761,0.247370,-0.410921,0.681130
VNQ,US Stock,5409,3786,176,1448,GMARCH,1.613575,1.620413,1.612834,1.619612,1.619611,-0.355350,0.722327,0.084657,0.932534,-0.316368,0.751723,-0.316300,0.751775,-0.215348,0.829496
SPG,US Stock,6599,4619,1,1980,SEARCH,1.568887,1.553988,1.564693,1.557973,1.557973,1.428410,0.153174,1.028428,0.303748,1.130487,0.258271,1.130526,0.258255,0.799341,0.424093
SPG,US Stock,6599,4619,5,1976,SEARCH,1.648995,1.634121,1.651377,1.647921,1.647920,0.669505,0.503173,-0.208691,0.834690,0.042746,0.965904,0.042779,0.965878,1.375484,0.168981
SPG,US Stock,6599,4619,10,1971,GARCH,1.823443,1.855134,1.860514,1.881415,1.881413,-0.550679,0.581854,-0.917536,0.358862,-0.804551,0.421079,-0.804538,0.421086,1.440312,0.149779
SPG,US Stock,6599,4619,22,1959,GARCH,2.340097,2.446343,2.430318,2.448637,2.448633,-0.964494,0.334798,-1.184665,0.236150,-1.081961,0.279270,-1.081948,0.279275,0.198907,0.842336
SPG,US Stock,6599,4619,44,1937,GARCH,2.821931,2.988663,3.005901,3.029161,3.029157,-1.167848,0.242868,-1.360126,0.173790,-1.243376,0.213729,-1.243369,0.213732,1.298003,0.194286
SPG,US Stock,6599,4619,66,1915,GARCH,2.903914,3.122082,3.122208,3.143930,3.143924,-1.397509,0.162261,-1.543519,0.122705,-1.424087,0.154421,-1.424081,0.154423,1.248696,0.211776
SPG,US Stock,6599,4619,88,1893,GARCH,2.948171,3.243073,3.212219,3.253935,3.253926,-1.860566,0.062806,-1.846505,0.064819,-1.867137,0.061882,-1.867137,0.061882,1.256670,0.208873
SPG,US Stock,6599,4619,110,1871,GARCH,2.891927,3.192348,3.165405,3.178439,3.178432,-2.180291,0.029236,-2.019120,0.043475,-2.298266,0.021547,-2.298256,0.021547,-0.806498,0.419956
SPG,US Stock,6599,4619,132,1849,GARCH,2.880532,3.171782,3.148511,3.140792,3.140785,-2.010921,0.044334,-1.944136,0.051879,-2.050690,0.040297,-2.050689,0.040297,-1.586690,0.112583
SPG,US Stock,6599,4619,154,1827,GARCH,2.835730,3.152655,3.127534,3.115206,3.115200,-2.238964,0.025158,-2.031959,0.042158,-2.266733,0.023407,-2.266734,0.023406,-1.960358,0.049954
SPG,US Stock,6599,4619,176,1805,GARCH,2.968742,3.316393,3.300400,3.279031,3.279023,-2.147330,0.031767,-2.140381,0.032324,-2.079997,0.037526,-2.080005,0.037525,-2.265173,0.023502
ORCL,US Stock,6599,4619,1,1980,SEARCH,1.941121,1.928203,1.936294,1.932527,1.932528,0.595673,0.551394,0.395191,0.692702,0.333821,0.738515,0.333762,0.738559,0.957777,0.338175
ORCL,US Stock,6599,4619,5,1976,GARCH,1.972678,1.975658,1.973550,1.985807,1.985812,-0.095613,0.923828,-0.058152,0.953628,-0.342002,0.732349,-0.342105,0.732272,1.305549,0.191706
ORCL,US Stock,6599,4619,10,1971,SEARCH,2.086854,2.071184,2.074293,2.077694,2.077699,0.339286,0.734394,0.624721,0.532154,0.169730,0.865223,0.169634,0.865298,0.788619,0.430334
ORCL,US Stock,6599,4619,22,1959,GMARCH,2.174950,2.160267,2.157301,2.164867,2.164871,0.286459,0.774527,0.777574,0.436820,0.179315,0.857690,0.179225,0.857761,0.793590,0.427434
ORCL,US Stock,6599,4619,44,1937,GMARCH,2.138910,2.144021,2.107316,2.147228,2.147234,-0.092784,0.926075,1.160290,0.245931,-0.137545,0.890600,-0.137640,0.890525,0.551780,0.581099
ORCL,US Stock,6599,4619,66,1915,GMARCH,2.164517,2.176728,2.147113,2.181609,2.181617,-0.196088,0.844541,0.825354,0.409171,-0.254854,0.798836,-0.254959,0.798755,0.947570,0.343348
ORCL,US Stock,6599,4619,88,1893,GMARCH,2.164959,2.154371,2.117681,2.151713,2.151721,0.178558,0.858285,1.582861,0.113453,0.207878,0.835324,0.207756,0.835419,-0.520496,0.602718
ORCL,US Stock,6599,4619,110,1871,GMARCH,2.170832,2.157785,2.121277,2.152484,2.152493,0.258300,0.796176,1.898227,0.057666,0.342135,0.732249,0.341969,0.732374,-1.182820,0.236881
ORCL,US Stock,6599,4619,132,1849,GMARCH,2.188586,2.205464,2.153161,2.202959,2.202970,-0.364271,0.715655,1.601505,0.109265,-0.292944,0.769565,-0.293161,0.769399,-0.580610,0.561504
ORCL,US Stock,6599,4619,154,1827,GMARCH,2.200270,2.205322,2.153677,2.202365,2.202377,-0.102565,0.918308,1.592859,0.111192,-0.040430,0.967751,-0.040656,0.967570,-0.866916,0.385988
ORCL,US Stock,6599,4619,176,1805,GMARCH,2.208504,2.255303,2.180162,2.253846,2.253860,-1.193705,0.232593,2.406890,0.016089,-1.152306,0.249195,-1.152528,0.249104,-1.382002,0.166971
TXN,US Stock,6599,4619,1,1980,SEARCH,1.578438,1.567413,1.570705,1.578432,1.578439,2.684282,0.007269,1.986508,0.046977,0.796238,0.425894,-0.147849,0.882462,2.682066,0.007317
TXN,US Stock,6599,4619,5,1976,SEARCH,1.605167,1.596400,1.601587,1.605162,1.605169,2.284942,0.022316,0.857988,0.390899,0.744221,0.456743,-0.367971,0.712894,2.281295,0.022531
TXN,US Stock,6599,4619,10,1971,SEARCH,1.652801,1.648274,1.652248,1.652798,1.652801,0.918857,0.358171,0.109139,0.913093,0.379528,0.704296,-0.201027,0.840678,0.918168,0.358531
TXN,US Stock,6599,4619,22,1959,SEARCH,1.716598,1.713993,1.718323,1.716591,1.716599,0.472941,0.636255,-0.354684,0.722826,0.887645,0.374732,-0.427599,0.668943,0.471701,0.637141
TXN,US Stock,6599,4619,44,1937,SEARCH,1.794344,1.784045,1.789567,1.794341,1.794340,1.039760,0.298451,0.650350,0.515466,0.405482,0.685123,1.189436,0.234268,1.039199,0.298712
TXN,US Stock,6599,4619,66,1915,SEARCH,1.796900,1.789549,1.793515,1.796901,1.796896,1.619747,0.105287,1.071010,0.284165,-0.097004,0.922723,1.979106,0.047804,1.619752,0.105286
TXN,US Stock,6599,4619,88,1893,GARCH,1.752485,1.756817,1.756818,1.752491,1.752486,-0.562777,0.573587,-0.891571,0.372623,-0.376378,0.706636,-0.186006,0.852440,-0.562845,0.573541
TXN,US Stock,6599,4619,110,1871,FIGARCH,1.754062,1.761374,1.760353,1.754060,1.754065,-1.174840,0.240059,-1.400123,0.161477,0.183014,0.854787,-0.597321,0.550293,-1.175981,0.239602
TXN,US Stock,6599,4619,132,1849,FIGARCH,1.739045,1.747243,1.745810,1.739039,1.739049,-1.047934,0.294669,-1.219737,0.222565,0.519488,0.603421,-0.664902,0.506113,-1.049467,0.293963
TXN,US Stock,6599,4619,154,1827,FIGARCH,1.721853,1.735938,1.732808,1.721842,1.721861,-1.709030,0.087445,-1.723940,0.084719,1.219851,0.222521,-0.954676,0.339741,-1.711161,0.087051
TXN,US Stock,6599,4619,176,1805,FIGARCH,1.720969,1.737788,1.734267,1.720956,1.720976,-1.982638,0.047408,-1.959434,0.050062,1.664276,0.096057,-0.953923,0.340123,-1.985039,0.047140
V,US Stock,4536,3175,1,1361,HYGARCH,1.615871,1.607714,1.614882,1.605931,1.605931,1.163122,0.244780,0.255293,0.798497,1.515931,0.129537,1.515999,0.129520,-0.783027,0.433611
V,US Stock,4536,3175,5,1357,SEARCH,1.645802,1.629701,1.641898,1.630487,1.630487,2.108931,0.034951,1.127979,0.259329,2.144280,0.032010,2.144369,0.032003,0.306806,0.758991
V,US Stock,4536,3175,10,1352,SEARCH,1.686661,1.665814,1.683548,1.668295,1.668294,2.827639,0.004689,1.121685,0.261996,2.471373,0.013460,2.471437,0.013457,0.829102,0.407047
V,US Stock,4536,3175,22,1340,SEARCH,1.721828,1.688124,1.717553,1.689809,1.689808,3.241939,0.001187,1.401767,0.160985,3.029435,0.002450,3.029495,0.002450,0.539664,0.589429
V,US Stock,4536,3175,44,1318,HYGARCH,1.748922,1.706600,1.749102,1.704286,1.704284,3.978964,0.000069,-0.068874,0.945090,3.750377,0.000177,3.750412,0.000177,-0.770837,0.440804
V,US Stock,4536,3175,66,1296,HYGARCH,1.774018,1.731177,1.779394,1.726862,1.726860,4.205198,0.000026,-2.664304,0.007715,3.797169,0.000146,3.797194,0.000146,-1.319392,0.187038
V,US Stock,4536,3175,88,1274,HYGARCH,1.794502,1.755724,1.805444,1.749649,1.749647,4.026914,0.000057,-5.434406,0.000000,3.646347,0.000266,3.646394,0.000266,-1.774591,0.075965
V,US Stock,4536,3175,110,1252,HYGARCH,1.784185,1.745156,1.797352,1.739343,1.739341,4.915824,0.000001,-5.172651,0.000000,4.115960,0.000039,4.116000,0.000039,-1.630685,0.102957
V,US Stock,4536,3175,132,1230,HYGARCH,1.779616,1.742825,1.793637,1.736344,1.736341,5.792989,0.000000,-4.892208,0.000001,4.680275,0.000003,4.680296,0.000003,-1.909145,0.056243
V,US Stock,4536,3175,154,1208,HYGARCH,1.780487,1.752027,1.796591,1.746962,1.746959,4.172599,0.000030,-5.894656,0.000000,3.287655,0.001010,3.287726,0.001010,-1.353909,0.175765
V,US Stock,4536,3175,176,1186,HYGARCH,1.786812,1.762366,1.803451,1.757868,1.757866,4.257216,0.000021,-5.727259,0.000000,3.367747,0.000758,3.367828,0.000758,-1.369758,0.170762
MA,US Stock,4992,3494,1,1498,FIGARCH,1.600242,1.585613,1.595999,1.582459,1.582468,1.417687,0.156282,1.099178,0.271690,2.187657,0.028695,2.185870,0.028825,-0.800852,0.423218
MA,US Stock,4992,3494,5,1494,FIGARCH,1.650951,1.628294,1.644091,1.624723,1.624728,1.811122,0.070122,1.545820,0.122148,2.514912,0.011906,2.513344,0.011959,-0.727630,0.466840
MA,US Stock,4992,3494,10,1489,SEARCH,1.717797,1.683705,1.705051,1.687878,1.687843,2.315644,0.020578,2.335433,0.019521,2.133437,0.032889,2.137067,0.032593,0.642330,0.520659
MA,US Stock,4992,3494,22,1477,HYGARCH,1.728686,1.692352,1.717806,1.692244,1.692230,2.655072,0.007929,3.038705,0.002376,2.768120,0.005638,2.768740,0.005627,-0.023109,0.981563
MA,US Stock,4992,3494,44,1455,HYGARCH,1.782860,1.724711,1.769481,1.724416,1.724403,3.515725,0.000439,3.788900,0.000151,3.397478,0.000680,3.398730,0.000677,-0.064776,0.948352
MA,US Stock,4992,3494,66,1433,FIGARCH,1.853405,1.773690,1.838060,1.767047,1.767051,4.334517,0.000015,4.405050,0.000011,4.455350,0.000008,4.455468,0.000008,-1.561213,0.118473
MA,US Stock,4992,3494,88,1411,FIGARCH,1.883375,1.797047,1.867545,1.786825,1.786833,4.831861,0.000001,5.549712,0.000000,4.858565,0.000001,4.858901,0.000001,-2.342441,0.019158
MA,US Stock,4992,3494,110,1389,FIGARCH,1.921273,1.830486,1.908927,1.811930,1.811949,4.968771,0.000001,4.513234,0.000006,5.332920,0.000000,5.332818,0.000000,-4.338983,0.000014
MA,US Stock,4992,3494,132,1367,FIGARCH,1.944102,1.852261,1.931825,1.831226,1.831248,5.748590,0.000000,5.205435,0.000000,5.815715,0.000000,5.815803,0.000000,-4.500716,0.000007
MA,US Stock,4992,3494,154,1345,FIGARCH,1.943880,1.864805,1.937606,1.837045,1.837073,4.961033,0.000001,3.270737,0.001073,5.472692,0.000000,5.472602,0.000000,-5.509030,0.000000
MA,US Stock,4992,3494,176,1323,FIGARCH,1.964784,1.889790,1.960689,1.858155,1.858188,5.275540,0.000000,2.788600,0.005294,5.863819,0.000000,5.863577,0.000000,-6.381266,0.000000
BRK-B,US Stock,6599,4619,1,1980,SEARCH,1.560861,1.551005,1.553912,1.554834,1.554827,1.990761,0.046507,1.894683,0.058134,1.801142,0.071680,1.801286,0.071658,1.031426,0.302341
BRK-B,US Stock,6599,4619,5,1976,SEARCH,1.610159,1.605324,1.607548,1.605900,1.605886,0.645050,0.518895,0.517609,0.604731,0.852000,0.394214,0.855307,0.392381,0.106487,0.915196
BRK-B,US Stock,6599,4619,10,1971,GARCH,1.670280,1.676540,1.673171,1.673955,1.673932,-0.417017,0.676666,-0.313816,0.753661,-0.376837,0.706295,-0.374605,0.707954,-0.303360,0.761615
BRK-B,US Stock,6599,4619,22,1959,GARCH,1.838752,1.876412,1.858262,1.867929,1.867847,-1.067327,0.285824,-0.974496,0.329810,-1.060265,0.289024,-1.058981,0.289609,-0.808214,0.418967
BRK-B,US Stock,6599,4619,44,1937,GARCH,1.859528,1.919969,1.897083,1.899741,1.899641,-1.111238,0.266466,-1.085920,0.277514,-1.150101,0.250102,-1.148389,0.250808,-0.968485,0.332802
BRK-B,US Stock,6599,4619,66,1915,GARCH,1.849843,1.904798,1.883347,1.892545,1.892450,-1.208981,0.226670,-1.253960,0.209857,-1.233634,0.217339,-1.231074,0.218295,-0.963640,0.335226
BRK-B,US Stock,6599,4619,88,1893,GARCH,1.843945,1.888063,1.869992,1.885495,1.885404,-1.299487,0.193777,-1.427346,0.153480,-1.320100,0.186802,-1.316371,0.188050,-0.416807,0.676820
BRK-B,US Stock,6599,4619,110,1871,GARCH,1.832514,1.860467,1.848269,1.866763,1.866691,-1.309751,0.190280,-1.735503,0.082652,-1.301084,0.193230,-1.296277,0.194880,0.882357,0.377584
BRK-B,US Stock,6599,4619,132,1849,GARCH,1.838731,1.855103,1.847165,1.865997,1.865930,-1.036913,0.299776,-1.518271,0.128946,-1.165840,0.243679,-1.160302,0.245926,1.205414,0.228044
BRK-B,US Stock,6599,4619,154,1827,GARCH,1.831326,1.841672,1.834414,1.853752,1.853692,-0.807442,0.419412,-0.801919,0.422600,-1.088582,0.276338,-1.082262,0.279136,1.391701,0.164013
BRK-B,US Stock,6599,4619,176,1805,GARCH,1.821701,1.841721,1.831530,1.851450,1.851371,-1.069901,0.284664,-1.725564,0.084426,-1.199267,0.230424,-1.193166,0.232804,1.440906,0.149611
DIS,US Stock,6599,4619,1,1980,HYGARCH,1.853000,1.835932,1.841647,1.835228,1.834825,1.917702,0.055149,1.405429,0.159894,2.591254,0.009563,2.614130,0.008946,-0.154403,0.877292
DIS,US Stock,6599,4619,5,1976,HYGARCH,1.873683,1.858522,1.867222,1.852655,1.852623,1.209321,0.226540,0.601321,0.547626,2.449586,0.014302,2.425422,0.015291,-0.990852,0.321758
DIS,US Stock,6599,4619,10,1971,FIGARCH,1.913661,1.912266,1.919819,1.899606,1.899763,0.074066,0.940958,-0.393170,0.694194,1.167841,0.242871,1.138109,0.255075,-1.395754,0.162789
DIS,US Stock,6599,4619,22,1959,GARCH,2.003230,2.030867,2.034352,2.003548,2.003480,-0.892396,0.372181,-1.329562,0.183663,-0.014921,0.988095,-0.011710,0.990657,-2.284432,0.022346
DIS,US Stock,6599,4619,44,1937,GARCH,2.083991,2.126453,2.131484,2.086518,2.085925,-1.266114,0.205472,-1.732355,0.083210,-0.117827,0.906205,-0.091080,0.927429,-2.265611,0.023475
DIS,US Stock,6599,4619,66,1915,GARCH,2.081992,2.135407,2.134932,2.095587,2.094915,-1.563428,0.117952,-2.165473,0.030351,-0.540751,0.588679,-0.518564,0.604065,-3.023149,0.002502
DIS,US Stock,6599,4619,88,1893,GARCH,2.057502,2.110854,2.106282,2.080754,2.080264,-1.522331,0.127926,-1.949499,0.051236,-0.862631,0.388340,-0.850766,0.394900,-2.902266,0.003705
DIS,US Stock,6599,4619,110,1871,GARCH,2.051963,2.088165,2.082874,2.075283,2.075170,-1.192728,0.232976,-1.427248,0.153508,-0.902295,0.366900,-0.900614,0.367794,-1.820438,0.068692
DIS,US Stock,6599,4619,132,1849,GARCH,2.040363,2.071360,2.063812,2.064923,2.064891,-1.143999,0.252624,-1.289297,0.197295,-0.981094,0.326547,-0.981482,0.326355,-1.213349,0.224996
DIS,US Stock,6599,4619,154,1827,GARCH,2.038078,2.075839,2.062043,2.070251,2.070248,-1.173628,0.240544,-1.128583,0.259074,-1.180383,0.237848,-1.184687,0.236141,-0.967474,0.333307
DIS,US Stock,6599,4619,176,1805,GARCH,2.039960,2.092302,2.071785,2.084317,2.084181,-1.495433,0.134802,-1.390747,0.164302,-1.540667,0.123398,-1.545362,0.122259,-1.222559,0.221496
NFLX,US Stock,6001,4200,1,1801,FIGARCH,1.854379,1.854669,1.850670,1.849735,1.850771,-0.066065,0.947326,0.495987,0.619904,0.639553,0.522463,0.526375,0.598627,-0.436303,0.662617
NFLX,US Stock,6001,4200,5,1797,SEARCH,1.858229,1.857080,1.859481,1.859617,1.860371,0.289909,0.771886,-0.266029,0.790217,-0.452709,0.650758,-0.887415,0.374855,0.367103,0.713542
NFLX,US Stock,6001,4200,10,1792,SEARCH,1.879439,1.876313,1.884254,1.883225,1.882428,0.890265,0.373324,-1.323912,0.185532,-1.605332,0.108421,-1.344333,0.178841,1.208941,0.226685
NFLX,US Stock,6001,4200,22,1780,SEARCH,1.889954,1.885048,1.897309,1.894893,1.893009,1.642500,0.100486,-2.278093,0.022721,-2.054214,0.039955,-1.284491,0.198970,1.888525,0.058955
NFLX,US Stock,6001,4200,44,1758,SEARCH,1.906941,1.901742,1.914829,1.912207,1.910170,2.083504,0.037205,-2.586867,0.009685,-2.016707,0.043726,-1.209743,0.226378,2.133702,0.032867
NFLX,US Stock,6001,4200,66,1736,SEARCH,1.986359,1.982750,1.992426,1.991283,1.990170,2.137952,0.032521,-3.404497,0.000663,-2.040759,0.041275,-1.187025,0.235218,2.313111,0.020717
NFLX,US Stock,6001,4200,88,1714,SEARCH,2.003331,2.000127,2.009406,2.008425,2.007218,1.905555,0.056708,-3.482634,0.000497,-2.133688,0.032868,-1.302207,0.192846,2.155418,0.031129
NFLX,US Stock,6001,4200,110,1692,SEARCH,2.015186,2.012668,2.021055,2.020293,2.019066,1.537518,0.124166,-3.619154,0.000296,-2.339301,0.019320,-1.466505,0.142511,2.045669,0.040789
NFLX,US Stock,6001,4200,132,1670,SEARCH,2.035744,2.034066,2.041243,2.040714,2.039476,1.018037,0.308660,-3.573574,0.000352,-2.528024,0.011471,-1.590181,0.111794,1.856235,0.063420
NFLX,US Stock,6001,4200,154,1648,SEARCH,2.042081,2.041023,2.047331,2.046920,2.045746,0.662472,0.507669,-3.805250,0.000142,-2.898207,0.003753,-1.801335,0.071650,1.818344,0.069012
NFLX,US Stock,6001,4200,176,1626,SEARCH,2.041757,2.041050,2.046985,2.046607,2.045334,0.476885,0.633444,-4.299090,0.000017,-3.684818,0.000229,-2.208313,0.027222,2.027695,0.042591
