dgp,innov,alpha,lr,wald2,scaled,mu4,rej_lr,rej_wald,rej_scaled
garch,gauss,1.0753684486939719,0.08450566680585325,0.0885229230482465,0.08521840586908745,2.983272649706001,0,0,0
garch,gauss,1.698945054054381,2.852402931595634,0.9455437383383213,2.7791645921281387,3.0527052911331265,0,0,0
garch,gauss,1.4858112571077493,2.0145408231422834,2.1772822395884837,2.1110010185843686,2.9086118911427423,0,0,0
garch,gauss,1.1360143186534069,0.26501383324125527,0.3466760115631817,0.26656980085374343,2.9883260023640723,0,0,0
garch,gauss,0.673068769458824,1.4064399995937151,1.5968943956741306,1.4226935028145384,2.9771510825224565,0,0,0
garch,gauss,2.4698900011370135,3.639002896740749,0.36616071478791246,3.707570169652002,2.9630122857970407,0,0,0
garch,gauss,1.9624937921657717,3.61477515888555,0.8613865647712569,3.732944715967488,2.9366882897694824,0,0,0
garch,gauss,1.1439874925156408,0.21909616506945895,0.17749596083526534,0.22742358512626618,2.926767313494035,0,0,0
garch,gauss,1.3082931884545497,0.5443763395128371,0.19796056146365723,0.524135898378034,3.077233561743961,0,0,0
garch,gauss,0.8030211784256105,0.8328700587508138,1.3073232195168563,0.765986195686056,3.1746346433955073,0,0,0
garch,gauss,0.7401901303881775,0.8922306657182162,1.0091747733661143,0.90480615542697,2.972202908582514,0,0,0
garch,gauss,3.8364708233163594,7.550544144446121,1.2913467258577875,8.121688121117264,2.8593533836429628,1,0,1
garch,gauss,0.7933606128324687,0.7139201893046447,0.9204221717035895,0.6918423588015564,3.063823297958606,0,0,0
garch,gauss,1.2844100876632523,0.4552902821573923,0.2539227187192552,0.4634656834641946,2.9647205754450043,0,0,0
garch,gauss,0.7422886290006394,0.5464483892230874,0.7259093799317489,0.5760533757854165,2.897214432527318,0,0,0
garch,gauss,0.9597649339657697,0.013440798092688055,0.00897784751187892,0.013205569142240777,3.035625719408768,0,0,0
garch,gauss,0.9289632548927483,0.05258284217370601,0.04275222228163378,0.05382418563589032,2.953874138641623,0,0,0
garch,gauss,1.7814809423768725,1.6288139805219544,0.6583251965379961,1.7109216880382814,2.904019327020782,0,0,0
garch,gauss,1.6440118178241305,2.7147097033800947,1.585586857502588,2.6903395728788118,3.0181167691595197,0,0,0
garch,gauss,1.2002232899069891,0.45257903916547093,0.4633039626408217,0.4534359223861585,2.9962204881511005,0,0,0
garch,gauss,1.3895010609456322,1.01455205329637,0.5208273290559652,1.0576473990555102,2.918507158817533,0,0,0
garch,gauss,0.8930643773925322,0.1639658317149042,0.1948479878779554,0.15271609230533031,3.1473288013038196,0,0,0
garch,gauss,1.1162490911910101,0.18747345234191926,0.14657667700156315,0.18148580954352656,3.0659846939378106,0,0,0
garch,gauss,0.40889980568360457,5.988523372978989,12.454625312467506,5.998996344044782,2.99650842558816,1,1,1
garch,gauss,1.8375144515149795,3.84067381739726,3.188038726722535,3.7711646849512825,3.0368634829040224,0,0,0
garch,gauss,0.8913133421113653,0.12907269357674522,0.11204024692678483,0.12060327997092277,3.1404508004734932,0,0,0
garch,gauss,1.2107038670004018,0.4394837180871036,0.41147215866403386,0.45291424895071103,2.9406928313925977,0,0,0
garch,gauss,1.063448325910815,0.03235484093852392,0.030547883356191994,0.03114870213001305,3.07744392067936,0,0,0
garch,gauss,0.813226905237175,0.5265411017852273,0.9771463187906514,0.556114769390145,2.8936418551251597,0,0,0
garch,gauss,1.0778149817949234,0.06950216717041258,0.5861251283611905,0.0650560586633652,3.1366854555408565,0,0,0
garch,gauss,2.0904239361128485,2.7039762489566783,1.4302618737231756,2.8279280689155764,2.9123373601179114,0,0,0
garch,gauss,1.4363289003620365,0.5385942542300199,0.19063756449141528,0.5115814534431216,3.1056050824559525,0,0,0
garch,gauss,0.8902851939948802,0.164032900849179,0.25865353770700333,0.17170593530798567,2.910625868056993,0,0,0
garch,gauss,0.9596373905082647,0.023092757859785706,0.025195677928928698,0.023866265137631713,2.9351798638467015,0,0,0
garch,gauss,1.0479514111336934,0.016328242563758977,0.010162152751984618,0.016592774687095316,2.9681147814847297,0,0,0
garch,gauss,1.2586639253953273,0.7790765838458356,0.7785752212631946,0.8153841308799377,2.9109436996402662,0,0,0
garch,gauss,0.8584661280467205,0.32426567226809766,0.6075438474625579,0.33655613292758146,2.926963383180253,0,0,0
garch,gauss,1.557288123322912,1.3221325113738658,0.5957794828697264,1.3666769769031977,2.93481346904626,0,0,0
garch,gauss,1.0887535156367851,0.10916546742714672,0.11870518975812651,0.10272252172362806,3.125443682561712,0,0,0
garch,gauss,1.048764007620642,0.03151384362922727,0.04196747507884519,0.03118159833057829,3.0213103443336427,0,0,0
garch,gauss,0.7963888327061683,0.6472035907040663,0.8762364410909811,0.68412396014891,2.892065264205021,0,0,0
garch,gauss,0.8551344001700338,0.39318927168278606,0.5633163924217206,0.40035001334446485,2.964227593740492,0,0,0
garch,gauss,0.7992178145658133,0.8116264837568679,1.174289114829934,0.8017042622758368,3.024752822076471,0,0,0
garch,gauss,1.617524588312364,3.713782321293138,3.3790078326891253,3.622869736897775,3.050188160766283,0,0,0
garch,gauss,3.3571623963043087,8.002818505470032,1.2677319312373094,8.125747338616069,2.969743377926153,1,0,1
garch,gauss,0.7276386903482318,1.0547166368917829,1.3759745267966461,1.0252299071369377,3.0575221802438244,0,0,0
garch,gauss,1.1449353553030415,0.25374073920511364,0.18935309949448642,0.2443444785834661,3.076909948414798,0,0,0
garch,gauss,0.9482069395087338,0.0294851233479676,0.03698813179132924,0.03137639055597163,2.879446477144639,0,0,0
garch,gauss,0.6938334551989151,2.06436629124903,4.818134418581198,2.045328378189508,3.0186159965925605,0,1,0
garch,gauss,0.7691262213891173,1.005397720181918,1.256313445900366,1.0019576770954293,3.0068666435022706,0,0,0
garch,gauss,0.9730550371314346,0.007580097099435079,0.007890346076554904,0.007775849540756793,2.949651175657223,0,0,0
garch,gauss,1.0302417134366464,0.010114939105335452,0.011141247968736395,0.010032360223974314,3.0164625032430155,0,0,0
garch,gauss,1.0064266925847087,0.0003518849839565519,0.00041244683011449284,0.0003529779551661519,2.9938071418137966,0,0,0
garch,gauss,1.0816609306154261,0.08728516700489308,0.07710344661442631,0.08199910125244025,3.1289298461011,0,0,0
garch,gauss,1.9205641785420968,1.6053622057422672,0.1300771930880314,1.6257241080072726,2.974950359455561,0,0,0
garch,gauss,1.241814711462453,0.6605668234210498,0.5569114278824582,0.6688721641099585,2.9751661344736617,0,0,0
garch,gauss,1.0873208734849906,0.07023260049840019,0.08174540566186356,0.07466711565899735,2.8812190581768427,0,0,0
garch,gauss,0.736675112886577,1.7255438255808713,4.214262448914073,1.7810849797622164,2.9376322243885746,0,1,0
garch,gauss,1.241632991001865,0.422539158782854,0.3467905272531632,0.39821333926023006,3.1221748099539535,0,0,0
garch,gauss,2.2835080132607377,3.359197528312052,1.675954553362759,3.549313019219681,2.8928719502178897,0,0,0
garch,gauss,0.7866323929498263,0.6440441336235381,0.6632765039495397,0.6146812319659796,3.095538630856338,0,0,0
garch,gauss,1.4042423771584733,1.3749343756226153,0.7880257154819481,1.3404375080176758,3.051471056872999,0,0,0
garch,gauss,1.1225932313034146,0.18921734644794697,0.23128649615141794,0.18858740656042305,3.006680614565025,0,0,0
garch,gauss,1.2589229521815792,0.45704060357343224,0.36191906964739484,0.47460850780346014,2.925968860898284,0,0,0
garch,gauss,0.6863067669551257,1.1928038138739794,1.2933746194965716,1.1230774773084495,3.124170127127177,0,0,0
garch,gauss,1.4385426236323606,1.4392070664073344,1.0786632674484473,1.4746981009593412,2.9518667115270323,0,0,0
garch,gauss,2.041490772945619,3.6483717571895795,1.436277126207552,3.7820814155097566,2.9292930830246786,0,0,0
garch,gauss,0.9866205223261402,0.0036983554632570304,0.006114995559498238,0.0036265229082010596,3.039615111705776,0,0,0
garch,gauss,1.2219290699558214,0.3720288517283734,0.2794356259966634,0.37691766885762884,2.974058965481387,0,0,0
garch,gauss,1.7094047751473485,1.811660356651032,0.4205909301122859,1.8138007956211377,2.997639830156351,0,0,0
garch,gauss,1.8468357641931166,3.0756497632885385,1.0501365153455722,2.8713338438352394,3.1423142905461625,0,0,0
garch,gauss,0.8139212517433654,0.4114076887858573,0.5337030975675666,0.43608490770479735,2.8868237882901235,0,0,0
garch,gauss,0.9791908804520868,0.004793623894784105,0.004709003548424151,0.004645215741817278,3.063897205733987,0,0,0
garch,gauss,1.476213210608968,1.410206100085702,0.6458475185202711,1.4359485630725806,2.96414570319734,0,0,0
garch,gauss,0.6880492923899232,1.558416334036309,2.6818886108893607,1.7004332148029444,2.8329638829325114,0,0,0
garch,gauss,0.9198141932113273,0.050993330529763625,0.04959205863202944,0.051994421618214624,2.961492365630997,0,0,0
garch,gauss,0.9187180568675235,0.12459010983548069,0.18361442314021773,0.12402171835082855,3.009165999184825,0,0,0
garch,gauss,1.7358430093034174,1.9509118215647732,0.6273807869167921,1.9190973007189802,3.0331557142348893,0,0,0
garch,gauss,0.9152418551358803,0.07823851542809734,0.05939343298235119,0.07544116979781484,3.074159656796932,0,0,0
garch,gauss,0.7350166967633831,1.553014964260683,3.0897350648553994,1.5521045070546864,3.001173190596198,0,0,0
garch,gauss,0.7699116507116319,0.7886798915276358,1.1552327153799105,0.7769127851396491,3.030291962271857,0,0,0
garch,gauss,0.6618727492012315,2.7030553302904536,5.0843176008788395,2.5909157597939556,3.0865636561687486,0,1,0
garch,gauss,0.7605335196944616,0.9245479441560747,1.1735342422628428,0.9003616274257421,3.053725783048939,0,0,0
garch,gauss,1.2458179931542317,0.4548406822475499,0.258396648756364,0.43288359029861195,3.101445711692566,0,0,0
garch,gauss,0.704824488868777,1.754001979137911,2.973719294386372,1.7203075799091314,3.03917252893876,0,0,0
garch,gauss,1.2674188940180071,0.39457968973260904,0.25722790678291774,0.4380699867646564,2.8014458951947714,0,0,0
garch,gauss,1.7387158541896355,3.849153708567883,2.2591368567245596,4.20182588535368,2.8321338454241487,1,0,1
garch,gauss,1.5495171597367043,1.436789980809806,0.987568080736253,1.4066219533570958,3.042894293496145,0,0,0
garch,gauss,1.061920674984106,0.05362837385837338,0.04836122456083057,0.05129406811268602,3.0910165963268583,0,0,0
garch,gauss,1.2385737771608976,0.6650852123675577,0.8935104104593449,0.6634931379487566,3.004799068227663,0,0,0
garch,gauss,1.0509688291502126,0.03479804777634854,0.03857371999724369,0.036364362418383145,2.913854414714402,0,0,0
garch,gauss,1.2648098593214763,0.7318408362284572,0.6750436864843727,0.7485081276077995,2.955465302874906,0,0,0
garch,gauss,0.7833757466468019,0.5392950690005591,0.4897098724526798,0.5498239413245983,2.96170093176127,0,0,0
garch,gauss,0.8131665974353441,0.5348913120448628,0.7209096792572866,0.5039135530027481,3.1229487036318937,0,0,0
garch,gauss,3.219484893496006,9.395891538165188,2.653241984685274,8.273450133044763,3.271335751607981,1,0,1
garch,gauss,0.733647543667134,0.9551388635688909,1.107727086397262,0.9704933387193676,2.9683573816781927,0,0,0
garch,gauss,0.8253432723070337,0.45554446011237815,0.6308299142961418,0.46990858621438536,2.9388641683791072,0,0,0
garch,gauss,0.6807918248949905,1.8684294662477328,4.286126031344448,1.907472439027282,2.959063132991364,0,1,0
garch,gauss,0.8906054198595208,0.12226981877802245,0.134442258278765,0.13197234863614205,2.852961170148298,0,0,0
garch,gauss,0.8151484387130548,0.456761422913587,0.5543241863132695,0.47321950597724527,2.9304420766440273,0,0,0
garch,gauss,0.8045942061062478,0.625159891482781,0.7972670563373293,0.6209604422941721,3.0135256576831004,0,0,0
garch,gauss,0.6989476188087318,0.8360432108288478,0.8644960455236915,0.8046548863591336,3.07801686164298,0,0,0
garch,gauss,0.736952643821976,1.00836337658302,1.1610326265227662,0.9439049457956135,3.136578224480167,0,0,0
garch,gauss,1.361595270563563,0.6699316537567483,0.27426424142831907,0.6380028624242785,3.100089805901958,0,0,0
garch,gauss,1.047384968835214,0.029068823356567464,0.03303031902268304,0.028463530754956355,3.0425310975523097,0,0,0
garch,gauss,1.3529203155584075,1.0560203211466614,1.1179557859239377,1.1032566826654584,2.9143692265617203,0,0,0
garch,gauss,0.6966790612554387,2.0308339481266273,5.590584871517352,2.2000969663713685,2.8461313107268107,0,1,0
garch,gauss,4.839098447118202,10.632904952673698,1.5547379280778595,10.865329538974379,2.9572172044175993,1,0,1
garch,gauss,1.0065213931104138,0.0006685467933493783,0.0008130792615230687,0.0006763566344911705,2.9769061446475864,0,0,0
garch,gauss,0.6057424307311245,3.17914883505955,6.602878280634094,3.3821709964968507,2.8799456552329348,0,1,0
garch,gauss,1.0908681569857508,0.04790595984150059,0.022559757493038946,0.050023452317957025,2.9153400104016285,0,0,0
garch,gauss,0.8158275895622071,0.37900070446835343,0.3692328520429451,0.3954588527123818,2.916764294787461,0,0,0
garch,gauss,0.8376656545338617,0.38245030439941274,0.6142287800555628,0.39936558074615464,2.9152892629598264,0,0,0
garch,gauss,1.6678218080571132,1.1033167918676554,0.07570684010258442,1.0718122749039924,3.0587873785388116,0,0,0
garch,gauss,1.0321992631972838,0.014097358593971876,0.015570695486175233,0.01444262311818932,2.9521881141130644,0,0,0
garch,gauss,1.032554905242491,0.012116387367768766,0.014081722343427,0.011991483813522231,3.0208320431714526,0,0,0
garch,gauss,1.155107336225749,0.29276570929687296,0.2340529400942859,0.2985864189101663,2.961011558164375,0,0,0
garch,gauss,1.94940805547012,3.8565050667734795,1.03527151188572,3.950395521223632,2.9524652891358736,1,0,1
garch,gauss,0.5940060273153058,2.468092014257536,2.560319063319022,2.430370141818394,3.031042080208341,0,0,0
garch,gauss,0.964768981571356,0.011798296944562026,0.012440552495652759,0.011466300683342253,3.0579081728952184,0,0,0
garch,gauss,0.7662128733990625,0.5397819021811756,0.46228537379579,0.5219433394145854,3.068354403321242,0,0,0
garch,gauss,0.848558385205868,0.21849207938134896,0.1906249073567535,0.22650161148251194,2.929276157915712,0,0,0
garch,gauss,1.639390335756909,1.678585578423963,0.722123340575441,1.6110896288124326,3.0837891926115657,0,0,0
garch,gauss,1.262175421530309,0.37036420032779915,0.11986024221286225,0.3785216784850409,2.956898224746913,0,0,0
garch,gauss,1.493617510298906,1.3659908329889277,0.6778944384662863,1.2974785620273712,3.1056083282863693,0,0,0
garch,gauss,0.8786987153478302,0.1232828883691468,0.10892043099491677,0.125334842050431,2.9672564524323004,0,0,0
garch,gauss,1.168212270502725,0.2552282486691979,0.20656363185864984,0.2621663696835721,2.947070854108799,0,0,0
garch,gauss,2.35594733291058,5.479403790698598,0.4541102141085437,5.640839355631682,2.942761864057727,1,0,1
garch,gauss,0.7041500596222754,0.789279735636228,0.7588493314682004,0.800423033137778,2.972156479660845,0,0,0
garch,gauss,0.9308950098572824,0.049734498726138554,0.043703558804923145,0.053191702648566534,2.870009653751095,0,0,0
garch,gauss,1.0411694247218422,0.022538686246207362,0.026855428716886075,0.0234093890368404,2.925610806051984,0,0,0
garch,gauss,0.9814746995674595,0.006219403773684462,0.01543513852112445,0.006426933327575412,2.935418793594599,0,0,0
garch,gauss,0.7626082629738282,0.9199884100275995,1.5459884967065107,0.9572578054290258,2.9221330028544967,0,0,0
garch,gauss,1.3875660136555528,1.249833119178902,0.8539774082786787,1.105454676593745,3.2612109671108955,0,0,0
garch,gauss,1.1047078407828081,0.061427083650414716,0.03213993487001488,0.061845731550142204,2.98646154264056,0,0,0
garch,gauss,1.0569525728591702,0.020062826061121086,0.014923294557148775,0.019721677380678235,3.034596314893284,0,0,0
garch,gauss,1.603328050585084,2.1454683572328577,0.870924891070129,2.1029569268117116,3.040430148501042,0,0,0
garch,gauss,1.595475906675859,1.497348514618352,0.36615643256471403,1.4453182965082838,3.0719982833342208,0,0,0
garch,gauss,0.9006626761641356,0.13628815415813733,0.23053609496605104,0.15061933652954826,2.809703286422332,0,0,0
garch,gauss,0.9979485902083307,4.335416201683984e-05,3.802744930499759e-05,4.3241052207088216e-05,3.0052315937738943,0,0,0
garch,gauss,1.2713529061428352,0.550043513220885,0.35081279292444884,0.5364308429262002,3.050752750234973,0,0,0
garch,gauss,1.087532313981494,0.06453462820877576,0.04188218411863745,0.06382346841583411,3.02228521296612,0,0,0
garch,gauss,0.7815539073758182,0.9304756034778165,1.6073849710039882,0.9552912920501146,2.948045818529253,0,0,0
garch,gauss,1.1762502868611093,0.3334082949108961,0.3565214781958522,0.3340963246340401,2.9958812493738285,0,0,0
garch,gauss,0.9433012309613893,0.046347777453661365,0.06986807584851645,0.05030083648680704,2.842823328229045,0,0,0
garch,gauss,0.9855829771725826,0.0037655686170410263,0.004810890333896769,0.003725344327715704,3.0215949376953226,0,0,0
garch,gauss,1.1834366378939014,0.2668431453623725,0.280164914440401,0.2687695554682952,2.9856649678750546,0,0,0
garch,gauss,1.071588693525817,0.06522071842118748,0.06420395359462447,0.06672490514703447,2.9549137845147215,0,0,0
garch,gauss,0.5934835445688664,4.520570908694026,10.179957062923885,4.591598060774025,2.9690621212310444,1,1,1
garch,gauss,0.8551457384705264,0.2774302136404003,0.21128194901507916,0.251622809424121,3.2051277010644914,0,0,0
garch,gauss,1.06463432335247,0.03995393627315025,0.032062008985784034,0.04055579522449001,2.9703194599929175,0,0,0
garch,gauss,0.8692830813768887,0.20131116568211382,0.2975711628500428,0.20903580332382016,2.926092683464947,0,0,0
garch,gauss,0.8058468987442567,0.3996220426281525,0.31267517354091073,0.3843967872508026,3.0792163508245767,0,0,0
garch,gauss,0.7353628592559848,1.3926918245444995,2.4151702455832313,1.4448702307667007,2.927774266351223,0,0,0
garch,gauss,0.9916603838936597,0.00040957108626571426,0.00031570805097696483,0.00040447056466900874,3.025220730714382,0,0,0
garch,gauss,0.664000084631996,2.95636643385933,6.486297696100048,2.8306782336904237,3.088804300448549,0,1,0
garch,gauss,1.3444336489753046,1.036160464252589,0.7013799119997128,0.9931925804539574,3.086524778062664,0,0,0
garch,gauss,0.8032662890365058,0.7496987669420605,1.0729930452645444,0.7754195086668836,2.9336598023718987,0,0,0
garch,gauss,2.249745294132954,2.9825827092552117,0.2750260048485685,2.8013499229780554,3.1293896094811973,0,0,0
garch,gauss,0.9727010200413284,0.010292434444636456,0.014379238629669224,0.010869428365733772,2.8938317818228034,0,0,0
garch,gauss,1.2801035015314732,0.7225570187561061,0.3979066089925391,0.734258168351849,2.968127968880461,0,0,0
garch,gauss,1.5877850900474886,2.0534230844599506,1.5444701154111753,2.1472358431441783,2.9126199769962313,0,0,0
garch,gauss,1.0490455514822783,0.038135311193627786,0.046549505700372834,0.035554323886344476,3.1451855653638012,0,0,0
garch,gauss,0.9751499769117296,0.008528589657544217,0.010594282056360897,0.008294034602625533,3.056559941248481,0,0,0
garch,gauss,0.9947117292363281,0.00017993762708101713,0.00015839628852747114,0.00018704944417894317,2.9239578911432376,0,0,0
garch,gauss,1.1143035430108355,0.09362229324642612,0.0585456891626531,0.09537344520912289,2.9632779971645764,0,0,0
garch,gauss,0.7945946081771571,0.7324967560843163,1.2563866774880967,0.7322528040109431,3.0006663056038487,0,0,0
garch,gauss,1.0112399872067992,0.0022220256716849462,0.0032426450919877006,0.0021972819288530116,3.0225221374708626,0,0,0
garch,gauss,1.6333210446012363,3.0352011943955404,1.532317861092569,3.118341510406234,2.946676580654655,0,0,0
garch,gauss,0.9895950553594152,0.0007742491146132124,0.0007643508176984748,0.0007648793457626083,3.0244999918026605,0,0,0
garch,gauss,1.0286170726304698,0.01067456028658853,0.014454119778047236,0.010499067543199202,3.033430157995889,0,0,0
garch,gauss,0.8925371215574358,0.16377444631189064,0.2049796124856204,0.16512100184375272,2.9836900755588163,0,0,0
garch,gauss,0.965148428386514,0.013778977595848119,0.014456634591852214,0.01461615835748316,2.8854444866894284,0,0,0
garch,gauss,0.9594907134130992,0.02819925392532241,0.03276583091486349,0.028398893187995378,2.9859403490585783,0,0,0
garch,gauss,0.879833359039171,0.275012660104494,0.31826746361233876,0.26605266495900665,3.0673550490228534,0,0,0
garch,gauss,0.7515077457673577,1.054845130805461,1.68193766905317,1.0402929327913462,3.0279771159745703,0,0,0
garch,gauss,1.4047273309551616,0.9158867758023916,0.5988952633410743,0.9429397660911353,2.942619897343201,0,0,0
garch,gauss,0.7651185724750527,1.134500271858542,1.9609538539527187,1.175003203871275,2.931059027108542,0,0,0
garch,gauss,1.0464751325151858,0.03747153399581293,0.06217699331929238,0.03666574482503086,3.0439532416225172,0,0,0
garch,gauss,0.9935943663946143,0.0006789742710680002,0.0009953694479166678,0.0007020372960378397,2.934296866847381,0,0,0
garch,gauss,1.0050134100647803,0.00018569493613540544,0.00012194831125324372,0.00019123910191181262,2.942018491814882,0,0,0
garch,gauss,0.6036513618387694,2.736754566983336,4.668794371099936,2.7072386862054287,3.0218051558795342,0,1,0
garch,gauss,1.117050835144967,0.10801502295407772,0.07358517888125603,0.09942579726713838,3.172776601707537,0,0,0
garch,gauss,1.1309939262078417,0.26111760818821494,0.9928320088348164,0.25257174415519856,3.0676707844862108,0,0,0
garch,gauss,0.8975475513836244,0.13921682425939252,0.19507323565591686,0.14105362948309047,2.97395593108197,0,0,0
garch,gauss,0.78831962137957,0.32474071777075153,0.31582006661669554,0.35610690313316057,2.823838375013583,0,0,0
garch,gauss,1.1310525324519833,0.23156225234890826,0.29693611775463435,0.22995329466836695,3.0139937780222867,0,0,0
garch,gauss,1.2270605330298037,0.6931207593447652,0.6653083989495621,0.7135921723910146,2.942624334071221,0,0,0
garch,gauss,0.5688968923507877,3.256714611600728,5.618863751583397,3.2676543511546527,2.9933042247567836,0,1,0
garch,gauss,0.8789041208462083,0.13580463014568522,0.12021107780731222,0.13573668806536376,3.001001086460703,0,0,0
garch,gauss,1.3263657438845002,0.45285102198909044,0.18359985223047817,0.4525936364468648,3.001137380296578,0,0,0
garch,gauss,1.6221086892936214,2.8427430139014405,1.9917564844180529,2.6169117998702998,3.172593676288466,0,0,0
garch,gauss,1.4446336884169875,1.1495623406335653,0.6005191882526573,1.137142147407428,3.021844574584548,0,0,0
garch,gauss,1.664739491485287,3.9037424047528475,3.090581735042139,3.678392349370943,3.1225263832556864,1,0,0
garch,gauss,1.6334247159713953,1.8071781066023505,1.2983013964806969,1.9496220491347267,2.85387532666078,0,0,0
garch,gauss,0.6911975364955912,1.612150701311748,2.6171045741917434,1.5658883741946845,3.0590876436398036,0,0,0
garch,gauss,1.3367886395000401,1.1811204518771774,0.998859888865263,1.202960884661543,2.963688872908764,0,0,0
garch,gauss,0.7741191828924465,0.798981934825747,1.2730452490792639,0.7972647801846722,3.004307614443164,0,0,0
garch,gauss,1.113277953250138,0.11041611579184973,0.12825929624063448,0.11991679744721412,2.8415454405452003,0,0,0
garch,gauss,1.323468303515376,0.7602947628963648,0.42355682559086144,0.7806696091060166,2.9478016155054787,0,0,0
garch,gauss,65.05931089865385,10.81654813985881,0.15222555684186995,10.923117277182307,2.9804874131405485,1,0,1
garch,gauss,0.675368067883567,1.7053015167150534,3.310468606507843,1.717669694125815,2.98559888731453,0,0,0
garch,gauss,1.250887801727462,0.4296001371528746,0.437041408277467,0.436883892610698,2.9666558754807935,0,0,0
garch,gauss,1.9250990522222096,3.2640877184792316,1.220570360473764,3.2944512333921545,2.9815668754752465,0,0,0
garch,gauss,0.863217071723504,0.28017327192037556,0.40283621486522686,0.28631285731497913,2.957112751050161,0,0,0
garch,gauss,1.2704369386203513,0.6510791717001894,0.46236253183820136,0.6498676545571904,3.003728504210059,0,0,0
garch,gauss,1.2933977543183612,0.5866230845854261,0.43056814232644214,0.6215247419500737,2.8876902076170246,0,0,0
garch,gauss,0.7977956286173806,0.4042249917024492,0.45718007293394275,0.42583855011729593,2.898489423238486,0,0,0
garch,gauss,1.6297063185728882,2.708998834240674,1.7229009355184481,2.7280851899630454,2.9860075075422188,0,0,0
garch,gauss,0.7417763769586679,0.9026693818698277,0.8862141209844939,0.8900361055893609,3.028388233243867,0,0,0
garch,gauss,0.6496574048116598,1.0045609999702378,1.834944594572909,1.0561794386848062,2.90225441468763,0,0,0
garch,gauss,1.1757867418923167,0.388056808576664,0.42480586291406924,0.38942353738807794,2.992980759095453,0,0,0
garch,gauss,0.7051645956675182,1.879416739331873,3.978325618876931,1.970866345891582,2.9071985710747534,0,1,0
garch,gauss,0.7448692668223287,1.3368428536257397,2.0720658748377088,1.358371561769648,2.968302180714294,0,0,0
garch,gauss,2.070484341002888,4.754547822893187,1.9095385935134739,4.651884583893482,3.0441383431373867,1,0,1
garch,gauss,1.3070988995645758,0.6755015118242227,0.41173523264705647,0.6142587211612989,3.1994038946557897,0,0,0
garch,gauss,0.9581174522559033,0.015026497387680138,0.009259989398421075,0.013739254210875575,3.1873818122945305,0,0,0
garch,gauss,0.9980368721510993,5.067094230071234e-05,3.369902723929359e-05,5.031623529832673e-05,3.014099107386812,0,0,0
garch,gauss,0.9795699852698354,0.005353252268378128,0.005859818395821485,0.005412785884506858,2.978002597036349,0,0,0
garch,gauss,0.7571787667408572,0.9027060752939633,1.2678783358927044,0.9135463203249846,2.9762677714531978,0,0,0
garch,gauss,0.9302576238420424,0.04500356679545803,0.03902020708935384,0.04466831137038073,3.01501088421711,0,0,0
garch,gauss,0.8418698436030774,0.4038162372288525,0.6350447660726759,0.41144786372118225,2.962903555151273,0,0,0
garch,gauss,0.9823838049662446,0.004856547549252355,0.008099818118632633,0.005159358716145872,2.8826167422916766,0,0,0
garch,gauss,0.8195182077088197,0.5664588502947936,0.9267427281495375,0.5345201144213713,3.1195043367376236,0,0,0
garch,gauss,0.6768153676697005,2.2568121443332814,3.4524395562429118,2.209451678273673,3.0428707869244853,0,0,0
garch,gauss,1.3885274286233484,1.1450326957365178,0.9135984829008054,1.1543788030213153,2.983807555612878,0,0,0
garch,gauss,1.0113160729244688,0.001614532224039067,0.0021493725417447533,0.001713147492098654,2.884872413479378,0,0,0
garch,gauss,1.5037779743580637,1.617567901036864,0.8077012586294614,1.4790004300410196,3.187379892772582,0,0,0
garch,gauss,0.9077653921036842,0.1253687178709697,0.12659180675826898,0.13312372108080348,2.883491790240349,0,0,0
garch,gauss,1.148157636261287,0.2022792953437147,0.21734443007633664,0.1996492308823108,3.0263468529258124,0,0,0
garch,gauss,1.1575080358363605,0.22620623811508267,0.1993731760609847,0.2345727553858856,2.928665907879715,0,0,0
garch,gauss,1.0704402516311444,0.08243632653284294,0.09159543981889047,0.08723769275502684,2.8899245023440345,0,0,0
garch,gauss,1.102500205941344,0.13328640807822012,0.1760772460477443,0.1444350546873825,2.845624088511024,0,0,0
garch,gauss,1.3397963760909115,1.1773428398300894,1.1050648390272981,1.1613443397203955,3.0275516908508733,0,0,0
garch,gauss,1.187001978191367,0.40388707545616853,0.44957394776514464,0.4028526219987765,3.0051356421723634,0,0,0
garch,gauss,0.9256447825983232,0.07800451463708669,0.08182382184388139,0.07901805032342298,2.9743467300904576,0,0,0
garch,gauss,0.871708286392298,0.3420616670446748,0.49532665779311874,0.3369094679494559,3.030585065635447,0,0,0
garch,gauss,1.2875643587978143,0.7286857595570382,0.46845622760460043,0.7537186869779801,2.933574879186528,0,0,0
garch,gauss,1.0925856865121437,0.0762491839956283,0.05462041842019729,0.07410763012365154,3.0577957726728946,0,0,0
garch,gauss,1.0270936253413971,0.008134990415328502,0.005252200237331856,0.007637428591595967,3.1302956401530326,0,0,0
garch,gauss,1.302450203307079,0.8638684744076954,0.627567826071689,0.875346365697993,2.9737752009031415,0,0,0
garch,gauss,0.8284871108177608,0.45257098064985257,0.7799425940543198,0.44414911149052133,3.0379236114244077,0,0,0
garch,gauss,1.3099672059360996,0.8828247708129311,0.7344038052010661,0.8838305523453599,2.9977240399084195,0,0,0
garch,gauss,1.2874364351494352,0.8338805714242881,0.783322608291622,0.8335220473107313,3.0008602630601398,0,0,0
garch,gauss,0.9525796086752918,0.017448127749958076,0.010654889808832836,0.01707387405177079,3.043839341563899,0,0,0
garch,gauss,0.9196745881955306,0.07344575326078484,0.11611205723933798,0.07265447217659093,3.021782033796093,0,0,0
garch,gauss,0.8900098933421691,0.11006886522136483,0.17641849781879618,0.10142031751388268,3.170548622198867,0,0,0
garch,gauss,1.1400390295605343,0.22318924636510928,0.21471485404292495,0.2173030940797763,3.054174583295828,0,0,0
garch,gauss,0.9162628699840369,0.11358595697669216,0.18382521946223962,0.11899839583223151,2.9090334148172885,0,0,0
garch,gauss,1.160345898145361,0.20381012000666487,0.1823181390953793,0.20028175139061294,3.035234049947671,0,0,0
garch,gauss,59.57332799185963,14.488547578666385,0.3375418025350471,14.929872960149376,2.9408802228041764,1,0,1
garch,gauss,1.0089724243600817,0.0005692293671017978,0.0003919744820533555,0.0006113834012105215,2.8621027851745406,0,0,0
garch,gauss,1.4402277940583912,1.1105393008322153,0.5783033102742865,1.1610792352313084,2.9129431775790486,0,0,0
garch,gauss,1.2263263045229238,0.5126330093830802,0.5202732132837167,0.5099238541083022,3.0106257248134254,0,0,0
garch,gauss,0.8836138482903315,0.16495925440449355,0.1477285543853758,0.15845596500240636,3.0820832387343504,0,0,0
garch,gauss,0.7579725571775722,0.849439277174497,1.0238911619319626,0.7789767217865027,3.180910554621955,0,0,0
garch,gauss,0.6357999427334423,3.387264599628736,6.388964951873052,3.3503570181185127,3.0220320290110156,0,1,0
garch,gauss,1.7943997652573902,1.9057163701143054,0.518547146398957,2.037476604085988,2.870663315880586,0,0,0
garch,gauss,1.595717415501884,2.392385880317306,1.6637762801076785,2.3529048740803242,3.0335593730727544,0,0,0
garch,gauss,0.6637761430765898,2.345985326826394,3.944084125585638,2.409480300560978,2.9472957104319955,0,1,0
garch,gauss,0.8223049361133133,0.22807362741463066,0.1665837849573902,0.24271877323823826,2.8793241608119633,0,0,0
garch,gauss,0.8254038466163933,0.33988290088518625,0.2752900813241719,0.32920064055922543,3.064898174607525,0,0,0
garch,gauss,1.0755805914694254,0.04244827574893861,0.034636140642600136,0.0420148070557267,3.0206340918161056,0,0,0
garch,gauss,1.3398029466753207,0.9075466163714054,0.4842556409593318,0.8960966430526188,3.0255552197579525,0,0,0
garch,gauss,1.424714661101284,1.3019779651937142,0.6673051204787364,1.2328571160873794,3.112131159733576,0,0,0
garch,gauss,1.033299731899548,0.009509461794323215,0.00529692856987499,0.009517077199307541,2.9983996336638143,0,0,0
garch,gauss,0.9487278262812429,0.03332819948036558,0.03833734268828165,0.03541956084839644,2.8819092434837152,0,0,0
garch,gauss,1.1866287397167727,0.3494660905719229,0.31253983285703185,0.37151583012897343,2.88129851936917,0,0,0
garch,gauss,0.8141633721179685,0.45910950660095295,0.46074793846193596,0.433727474481998,3.1170413847970724,0,0,0
garch,gauss,1.204893545960266,0.3437724999823786,0.2937575492058236,0.3448944815604657,2.9934937690332952,0,0,0
garch,gauss,0.999088154455454,1.1187346899532713e-05,1.2533429496344672e-05,1.1446943182382014e-05,2.9546435622658027,0,0,0
garch,gauss,1.1499962377801543,0.2910076689755101,0.4056737326968919,0.29761588844018605,2.9555922938166383,0,0,0
garch,gauss,1.368352048627252,1.113363989926711,0.9734934109595152,1.1700126448958061,2.903165738906796,0,0,0
garch,gauss,0.8625545192070452,0.2069331695151959,0.22023705371476526,0.20555090965330824,3.0134493188497102,0,0,0
garch,gauss,1.0959578955235496,0.10067130935226487,0.07484866705225034,0.10263774549811858,2.961682008186944,0,0,0
garch,gauss,0.7101057866986954,1.2893331773535124,2.2319379563754724,1.3499933780540112,2.9101325951865937,0,0,0
garch,gauss,1.2621657687479868,0.35567426275110847,0.291905190889381,0.35315551724129135,3.014264228572684,0,0,0
garch,gauss,1.2895087337868487,0.6574218764017132,0.6936790048163566,0.6488156598586043,3.0265290037696824,0,0,0
garch,gauss,0.7469941056081761,1.0120200241121893,1.806005089797996,1.048112869178086,2.9311279421763032,0,0,0
garch,gauss,0.8825923962094608,0.21333938029965793,0.3152021385947801,0.21770211029789413,2.9599201864211016,0,0,0
garch,gauss,1.1799071129670238,0.36559515383351027,0.2496034902057419,0.38160359849834796,2.9160990895901784,0,0,0
garch,gauss,0.8946073818604018,0.20456180804376345,0.29575119837115527,0.21311193747953427,2.919759263259554,0,0,0
garch,gauss,1.7680763288876151,2.736967727742922,1.7014497091473173,2.9703422977964054,2.8428635176312063,0,0,0
garch,gauss,1.1215116294935283,0.1860190192552409,0.205106136651592,0.18204811501035836,3.0436247773799425,0,0,0
garch,gauss,1.8229648175079498,2.722129775640269,0.5730560098367274,2.5930544686477424,3.0995546438018624,0,0,0
garch,gauss,1.1996621973242378,0.38507689786229093,0.4259660131694169,0.3886978959124088,2.9813685739583535,0,0,0
garch,gauss,1.5198786185423978,1.9827890593860502,1.1601747202478019,2.107550829969298,2.8816049712214387,0,0,0
garch,gauss,0.9351863672612291,0.04568310660550878,0.06027477206955581,0.04904423791945239,2.8629347113329096,0,0,0
garch,gauss,0.9708585862161858,0.007458359688143901,0.007273327249563317,0.0073137106906586225,3.039555569970803,0,0,0
garch,gauss,0.8202864102964759,0.2884309825633977,0.3057062724262294,0.2796091420286592,3.06310123103081,0,0,0
garch,gauss,1.0466944844876394,0.0249969358483213,0.019935676530336306,0.023002250863010963,3.1734338954208967,0,0,0
garch,gauss,0.715997631871586,1.9340438308033754,3.7804191113515864,1.9300309640547069,3.004158344423903,0,0,0
garch,gauss,0.6947521718838396,1.7643884750841607,3.313572481690059,1.8074836845069915,2.9523146905366557,0,0,0
garch,gauss,3.0288809594968527,4.604921459114053,0.5097064959923552,4.627184749046641,2.9903771769920464,1,0,1
garch,gauss,1.376767029915402,1.0775659558203188,0.8616283758613026,1.107794455728267,2.9454257967231365,0,0,0
garch,gauss,1.1448691168467042,0.2262915757103201,0.1724040938475549,0.22127363819462012,3.0453550414467943,0,0,0
garch,gauss,0.9876243818200746,0.002652462419746371,0.004658278712371813,0.0027786152756345017,2.909197320698294,0,0,0
garch,gauss,1.1858958360603706,0.3506787248784349,0.319382084168971,0.37175349811758907,2.886619637228064,0,0,0
garch,gauss,0.8254367794154309,0.5232101463045638,0.8698916658057962,0.5297718278178578,2.9752282731215747,0,0,0
garch,gauss,1.1159995651350048,0.12605560078441158,0.09831886307665454,0.12899191938063587,2.9544728288357405,0,0,0
garch,gauss,0.8489856018440378,0.30566627340010655,0.38722928410982743,0.3191271796790349,2.9156392364168617,0,0,0
garch,gauss,0.8672293122242908,0.20732893064587188,0.2352497204483018,0.228818324692898,2.8121706897743657,0,0,0
garch,gauss,0.9064681624992403,0.1167466812028124,0.1608006695790929,0.11851641877836362,2.970135149310227,0,0,0
garch,gauss,0.966806935827462,0.016715553348831236,0.01812640251851597,0.015570953764847068,3.1470172734785473,0,0,0
garch,gauss,1.2234296860023075,0.5141599674375357,0.4643301349916688,0.5420229210167665,2.8971890209847087,0,0,0
garch,gauss,0.8539970120489985,0.44693093051091637,0.6836925883814589,0.45685571201350517,2.9565517898031866,0,0,0
garch,gauss,1.1198497526660094,0.22559167710278416,0.3031582417118731,0.22436139909090327,3.0109669311821543,0,0,0
garch,gauss,2.6565676352497714,6.262684505551988,0.7175796070532268,6.0780395420175575,3.06075806590529,1,0,1
garch,gauss,0.611959058472079,2.551453391424616,5.528439648171977,2.4515234420816996,3.0815247756783113,0,1,0
garch,gauss,1.938781807246909,3.8980208782681984,1.6223832280206163,3.7529380033241146,3.077316957975633,1,0,0
garch,gauss,1.1132092404388874,0.11539701070364572,0.07457853251878178,0.1149460541078124,3.0078464041124953,0,0,0
garch,gauss,1.104589904124248,0.08487760350658391,0.07916694085041436,0.08936932516610566,2.8994795663685893,0,0,0
garch,gauss,1.0454426925450206,0.0175168816061273,0.009460713329547215,0.017084841731046418,3.0505758123934834,0,0,0
garch,gauss,1.4235206262878948,0.9346203941649947,0.44555182709568,0.8910916478307884,3.0976975745203528,0,0,0
garch,gauss,9.081719568092637,10.668353569416695,3.336453570812615,11.538921074122532,2.849107642020675,1,0,1
garch,gauss,1.7864293269519513,3.700015860770691,1.4545106150293214,3.599690024330448,3.0557413753751774,0,0,0
garch,gauss,0.922959201941285,0.06044728955031076,0.06826023342816323,0.06377400822029673,2.8956716454611295,0,0,0
garch,gauss,0.7731786980814416,0.8012640270535485,1.0209832298481951,0.7837864138810277,3.0445978977511947,0,0,0
garch,gauss,1.5027219411418984,0.45576549036945835,0.0690175794658898,0.48185449584750517,2.8917141763628855,0,0,0
garch,gauss,0.9281127993532181,0.04702103035128857,0.036303770731522855,0.04507391100248263,3.0863967339642966,0,0,0
garch,gauss,1.5176327445480104,2.207213769569762,1.8753159927014829,2.3788962896340973,2.8556620388938923,0,0,0
garch,gauss,0.8515925086481169,0.4235253060536479,0.618518215087867,0.4127744916448791,3.0520904979662262,0,0,0
garch,gauss,0.8747090878602711,0.3012444125870388,0.4046671833550679,0.2934243521541524,3.053302054689572,0,0,0
garch,gauss,0.7110329262403555,1.3401234613533006,2.0019513176033814,1.2889496758481818,3.0794038533295636,0,0,0
garch,gauss,1.5181378651742186,0.6544250266701965,0.1023822723344855,0.61971451209148,3.1120209835382804,0,0,0
garch,gauss,1.2826926698040375,0.9142098199101838,1.041428389361857,0.8951790400026127,3.0425183768992525,0,0,0
garch,gauss,1.0517226435621445,0.011531992933214497,0.003959030132378022,0.011790117445524754,2.9562134111890064,0,0,0
garch,gauss,1.440818140683538,1.5130157823710135,1.0412614028283331,1.5032131770734998,3.013042202459398,0,0,0
garch,gauss,0.9472041942569214,0.024807904473846065,0.02073760929287664,0.026034393831607057,2.9057793036631434,0,0,0
garch,gauss,1.113267377819551,0.11358634721773342,0.0653932200037878,0.11262578959883753,3.0170575073847172,0,0,0
garch,gauss,3.06134559699501,7.307079013884106,0.5484658864662538,7.190484861280798,3.032430122544626,1,0,1
garch,gauss,1.1333960433932275,0.13922108368376485,0.0886511007062254,0.1382443942584031,3.0141298955462332,0,0,0
garch,gauss,1.065936145214417,0.04616358075691096,0.06822046938257428,0.04712586853067737,2.9591609532611587,0,0,0
garch,gauss,1.2374454485405089,0.5902306509331083,0.4429750004381109,0.5662385530783991,3.0847420145600273,0,0,0
garch,gauss,0.7583288802129464,1.1227629113977855,2.0533920064965576,1.1967510023860983,2.876351737594881,0,0,0
garch,gauss,0.8621380653120948,0.4287767871542201,0.6789018528452996,0.4274420721293986,3.006245127056269,0,0,0
garch,gauss,1.3275252239458346,0.8647008376453869,0.5609906478157317,0.8934589383904723,2.935625243624756,0,0,0
garch,gauss,1.175576131661542,0.32092028456020216,0.26484257237806097,0.30133020634564045,3.130023992298276,0,0,0
garch,gauss,1.2072070249004396,0.1651711582644566,0.051449625081924716,0.17223695938806002,2.917952556191105,0,0,0
garch,gauss,1.3096576662685486,1.0963946673095961,1.103253210304414,1.061436248381647,3.0658700303127002,0,0,0
garch,gauss,0.6259621166084454,4.048834698282462,6.717264365097776,3.887070243363579,3.083232071864441,1,1,1
garch,gauss,1.4764396503823725,1.8297516880675175,1.3339592742834208,1.8738843769549927,2.952897105680352,0,0,0
garch,gauss,0.721334587515868,1.4821484581193545,2.196058144259015,1.5497843348311546,2.912715756390493,0,0,0
garch,gauss,0.9231820421430504,0.09678828881828849,0.12329058591553602,0.09465003651973451,3.0451822815326257,0,0,0
garch,gauss,1.2272265173176815,0.19148489569261073,0.051988430361024,0.20072574550671765,2.9079256147159493,0,0,0
garch,gauss,2.643478080387609,6.184512350506793,2.076027244497742,6.724915229593942,2.839283363243293,1,0,1
garch,gauss,1.00090357737937,1.0273208317812532e-05,1.4947454646777421e-05,1.1137820301703236e-05,2.8447430537627754,0,0,0
garch,gauss,1.690913264626082,0.8896012916021618,0.3381128985909405,0.8730433906110839,3.0379314503016586,0,0,0
garch,gauss,0.9839338816723493,0.002341721640959804,0.001975189331684007,0.002526575903122077,2.853672108616369,0,0,0
garch,gauss,0.7017632427887646,1.7326435238960585,3.1169424840879896,1.8345351050045147,2.888918363207658,0,0,0
garch,gauss,1.0213366379988944,0.004588785430769349,0.004664912379364218,0.004492857499226186,3.042702414469938,0,0,0
garch,gauss,1.2938802126635283,0.623797808526291,0.49718018571887695,0.6468355929626542,2.928767728037831,0,0,0
garch,gauss,4.341271885968914,11.377614091475834,6.322909479986235,10.889541327464997,3.089640646806647,1,1,1
garch,gauss,1.469699684301289,2.0570625077418754,2.083418558780193,2.003991792016171,3.0529650030874738,0,0,0
garch,gauss,3.5588662926744057,6.55394031761216,1.0036056184314028,6.898951471204911,2.8999815682041623,1,0,1
garch,gauss,1.0792474038991382,0.044326759053092246,0.03494126216923336,0.04812402634270734,2.8421882964416367,0,0,0
garch,gauss,1.1932996717023374,0.2760639355103649,0.183428973170136,0.2823096474167414,2.9557527561418637,0,0,0
garch,gauss,1.2869852592895643,0.7481334128301569,2.7689310115951242,0.7034537300306535,3.1270294857845347,0,0,0
garch,gauss,1.0547346194773084,0.031261883121942446,0.0217684086817242,0.0289552150377882,3.15932660704774,0,0,0
garch,gauss,0.9764342056525865,0.0038758353684897884,0.002437261315538733,0.004167257271457262,2.860137311433347,0,0,0
garch,gauss,0.9753430607577867,0.003813724807912422,0.0023282768980114003,0.0036076238257133327,3.1142585769226296,0,0,0
garch,gauss,1.114195655865356,0.10067529687671595,0.0677018537384941,0.09649433426675688,3.086657162655807,0,0,0
garch,gauss,1.5630576184399334,1.6436977398013823,0.9644785305187681,1.676971321160924,2.9603170537985024,0,0,0
garch,gauss,1.0667219267036359,0.045293534348729736,0.03785260745927402,0.04743198650272328,2.909830799354323,0,0,0
garch,gauss,1.4758143570490447,1.3053451688128916,0.4882198142443216,1.3302000252631931,2.9626298962888926,0,0,0
garch,gauss,1.4408329953135206,1.3971934474712953,0.9507517141664962,1.3077817032895402,3.1367380258599007,0,0,0
garch,gauss,0.9821852469156315,0.005441620002784475,0.007127102982246398,0.005295238314093904,3.0552880456016336,0,0,0
garch,gauss,0.8503496001062165,0.3536418373582819,0.4850691405507725,0.34513600748018936,3.0492897274914488,0,0,0
garch,gauss,1.8373344764905413,3.232160043679869,1.2745759900728137,3.0575771881522584,3.114196859005946,0,0,0
garch,gauss,2.992448994071829,5.527618981080423,0.20005611990682126,5.253618926207958,3.104309071031247,1,0,1
garch,gauss,1.194474003009514,0.2959217743186855,0.21500311430991115,0.30352367075252534,2.9499090373084083,0,0,0
garch,gauss,0.9753789373077565,0.007497554757264879,0.00799682591912886,0.007067194064522113,3.1217911065731765,0,0,0
garch,gauss,1.2077601726519274,0.6194631083099011,0.664428842198194,0.6412348639932351,2.932094285866641,0,0,0
garch,gauss,0.8714412647568556,0.025967738938390994,0.007808892728078628,0.026009833379215256,2.9967631902741907,0,0,0
garch,gauss,0.8948476442896963,0.11752252233674199,0.0992098039734789,0.10711408876700954,3.1943429419891247,0,0,0
garch,gauss,0.9292094003433593,0.053243693257627456,0.05207128071303241,0.05250179605914075,3.0282617835645467,0,0,0
garch,gauss,1.5470786171074549,0.8139050718791907,0.33194801253779116,0.8270925774459491,2.9681111741868578,0,0,0
garch,gauss,1.1158957108740273,0.12990425850631482,0.12879867781063548,0.1317014239875692,2.9727084882328376,0,0,0
garch,gauss,0.9309550385996376,0.05172355330432765,0.03950415314383047,0.050867449854095255,3.033660167855396,0,0,0
garch,gauss,1.293448149137463,0.6009931693072872,0.4455682016837403,0.5682563588942214,3.115218456954072,0,0,0
garch,gauss,0.7146632035761803,1.4422179932132622,2.0154970629715954,1.3311719454549489,3.1668395253332378,0,0,0
garch,gauss,1.2181273671844708,0.29063892621707055,0.1677975845726149,0.2982127287764583,2.9492053703377286,0,0,0
garch,gauss,1.519662349616103,1.3429893983734473,0.4240166093149096,1.380958101756752,2.945011071175869,0,0,0
garch,gauss,0.7871669577044136,0.7618532438914372,1.3588181490819036,0.827624058245274,2.8410611347058135,0,0,0
garch,gauss,0.9105310653897156,0.11733750292023615,0.16892774962298807,0.11940988216152566,2.96528965268576,0,0,0
garch,gauss,0.8600597917812414,0.1765183817617526,0.1863927197178297,0.18197460318684314,2.940033154851962,0,0,0
garch,gauss,1.5464351124006133,2.6838824699671022,1.8857415399034,2.6935311473252743,2.9928356667657225,0,0,0
garch,gauss,0.8937057970641307,0.18693136326578497,0.27108968353935897,0.18641229839264728,3.005568998157454,0,0,0
garch,gauss,1.1261859275896304,0.13288349348442807,0.11690436227839578,0.1396270924097106,2.903405581124691,0,0,0
garch,gauss,1.4048342308605295,0.9345334066073292,0.3351015806542253,0.9050502921666513,3.065152433397036,0,0,0
garch,gauss,1.3566066415730238,0.9017078459064578,0.5451338722617954,0.933919605802637,2.9310181311195507,0,0,0
garch,gauss,1.1048587977135358,0.1167787653821506,0.09594775908969501,0.11210094375432558,3.08345731036978,0,0,0
garch,gauss,0.7495940096095963,1.051573598389524,2.1950121504978672,1.1174863136869484,2.882033964102957,0,0,0
garch,gauss,0.8141143298698854,0.43673350607923567,0.5006852893971688,0.43529676340477125,3.0066012100031556,0,0,0
garch,gauss,0.7771360621789478,1.0473300179596663,1.564756488001497,1.066246125647113,2.964518309173754,0,0,0
garch,gauss,1.7689324768448502,2.650579570152672,2.105157727218809,2.5810189828226897,3.0539016472121476,0,0,0
garch,gauss,0.7923240230044784,0.8462621377566393,1.273124815811497,0.8295049002497645,3.0404029861712187,0,0,0
garch,gauss,1.865700237708547,5.2822269408382,2.712971078787933,4.901620772765551,3.1552980884149084,1,0,1
garch,gauss,2.920838769042875,7.209967125779713,1.2718122423646636,7.4825368204869545,2.927145111010759,1,0,1
garch,gauss,0.8184617416161474,0.7452757270215216,1.190562793674741,0.7430025214079952,3.0061189714651806,0,0,0
search05,gauss,0.6137995352715946,3.950028984483197,8.994255306532715,3.9853823407034232,2.98225848704193,1,1,1
search05,gauss,0.8748450934083607,0.19077003773531942,0.18265790458928294,0.18633957369446114,3.047552583200849,0,0,0
search05,gauss,0.794102684874226,0.5059004663127098,0.5879171188183278,0.5302322952880312,2.9082220031048696,0,0,0
search05,gauss,0.6721621162735508,2.2173216729675005,3.643654788799284,2.233801811089266,2.985244762503143,0,0,0
search05,gauss,0.32474210691242206,11.003552737464133,31.1922904011806,11.146568383154266,2.9743390717619835,1,1,1
search05,gauss,0.7184751190444004,0.713661429016156,0.6978585745244713,0.7248057352816972,2.9692488463513333,0,0,0
search05,gauss,0.8046328165565169,0.3308856123130681,0.28843312394942466,0.3412136045760557,2.939463185966341,0,0,0
search05,gauss,0.5748486264033741,3.8894491181224566,7.793809179745361,4.034451765392311,2.928117793592828,1,1,1
search05,gauss,0.5825168928843608,3.932926527857944,8.413352700330677,3.7860283394962555,3.0776001525552417,1,1,0
search05,gauss,0.47011227774241865,9.104524392085295,22.869478511277993,8.366812725642264,3.1763423398212614,1,1,1
search05,gauss,0.3889382522247248,10.339239490178898,27.41985201035245,10.47194281456327,2.9746554528162963,1,1,1
search05,gauss,1.4626199597479268,0.6526390311611294,0.3325472237623075,0.7027920949390293,2.857274820991688,0,0,0
search05,gauss,0.4262019011247411,9.899298515611463,24.730414750930247,9.5971655640542,3.0629629549559696,1,1,1
search05,gauss,0.622511350040096,1.425076401599,1.7448876553052588,1.4511008803163856,2.9641313997249985,0,0,0
search05,gauss,0.3159462581301758,7.097688526925822,18.850746811807124,7.475281348548664,2.898975622717892,1,1,1
search05,gauss,0.4036493136800262,7.921633437273613,14.71915389101416,7.771955521127868,3.0385174402346613,1,1,1
search05,gauss,0.43747866542680336,6.743392331435416,14.733693487077904,6.917461252304643,2.9496725996661755,1,1,1
search05,gauss,0.6141102875799311,1.282362782379323,1.8210837211083082,1.3487746570656762,2.9015226534121936,0,0,0
search05,gauss,0.891003021321459,0.1484061733617068,0.2003319303603293,0.1473414609030975,3.0144523130432317,0,0,0
search05,gauss,0.6853028788154059,1.6323134600106641,2.4812712628360174,1.6383739782840772,2.9926017889032144,0,0,0
search05,gauss,0.6862240728621225,1.1329153506765124,1.1237759777876266,1.1847240415612579,2.9125388038610733,0,0,0
search05,gauss,0.42996443060567074,7.906267638714695,15.516626518512487,7.359131808577897,3.1486957549799692,1,1,1
search05,gauss,0.6317299373649921,3.384248483553165,5.684270025188067,3.2794813332556645,3.0638925120476257,0,1,0
search05,gauss,0.12486961974980634,24.772146641891595,77.35556708287216,24.852621507826964,2.993523832814979,1,1,1
search05,gauss,0.945876662540796,0.020817830260853043,0.014340152987751577,0.020442402216777646,3.036730325535545,0,0,0
search05,gauss,0.4333225424774065,6.8921790546605735,14.447432094725475,6.429010555996008,3.1440870238524004,1,1,1
search05,gauss,0.6847975111141736,1.772387076081941,3.5622078817941567,1.836364528909486,2.9303216198958735,0,0,0
search05,gauss,0.5123595917942143,3.9596373598807304,8.707285822281113,3.812975481994371,3.0769277843924914,1,1,0
search05,gauss,0.5017852292580766,4.0297806929442,11.522613476393753,4.262493664574125,2.89080900057916,1,1,1
search05,gauss,0.5845970880044317,3.766796330332454,20.132658525126192,3.5026135800701446,3.1508489270786297,0,1,0
search05,gauss,0.5638469946605609,1.4754638990825697,2.093178435423126,1.5422560069022853,2.913383890196192,0,0,0
search05,gauss,0.45377505825838066,5.319865335191253,10.063670592550148,5.054123719322425,3.105158334313373,1,1,1
search05,gauss,0.4295952715789081,7.230397664643988,19.46135463839022,7.570487307590578,2.9101538304923653,1,1,1
search05,gauss,0.5315993926595893,6.6242060317304094,15.68199562175676,6.833501365809468,2.938744335334082,1,1,1
search05,gauss,0.44646393470534673,4.75390584500542,6.8067422015713035,4.828492638701706,2.969105557664745,1,1,1
search05,gauss,0.7544023841759826,1.2022087940704296,2.3068718262017827,1.258303126495146,2.9108413048595683,0,0,0
search05,gauss,0.5014238287191277,5.846572271028322,15.776396912256143,6.070033587322986,2.9263722966010093,1,1,1
search05,gauss,0.48720752500508235,3.415222189090514,6.278111572020453,3.5363808311025946,2.931478736143751,0,1,0
search05,gauss,0.5824159731039371,4.2232230219738085,8.170242949599823,3.9717733884229816,3.1266183182976945,1,1,1
search05,gauss,0.5696487341946171,3.4230041737886268,6.2729985431986774,3.3906006995440117,3.0191137070484135,0,1,0
search05,gauss,0.407988870717691,10.373266600606712,30.988104824619626,10.982217512963267,2.889102376339249,1,1,1
search05,gauss,0.44902962037278193,9.491998469852206,21.93402273578877,9.639032896990273,2.969491871495951,1,1,1
search05,gauss,0.46752447841450717,8.90330200804101,21.0068090971034,8.790640191456438,3.0256322211194737,1,1,1
search05,gauss,0.9572752581460895,0.024127871865630368,0.028060328627423005,0.02363394783971659,3.0417978434465143,0,0,0
search05,gauss,1.1531192621555477,0.16062209970937147,0.12142462805541976,0.16338315082149768,2.9662015195784446,0,0,0
search05,gauss,0.3467954820672731,10.400961374901783,25.432890981656836,10.108764029444377,3.0578106966601073,1,1,1
search05,gauss,0.6691430736278751,2.2737288375406024,4.697433076084295,2.1967616672798136,3.070073300537964,0,1,0
search05,gauss,0.4762426790405652,5.904129305538845,17.033815019097144,6.289771422268531,2.877374838976073,1,1,1
search05,gauss,0.3769351777131576,12.527469839085256,40.58566219050856,12.444604776493458,3.013317427765697,1,1,1
search05,gauss,0.3770800560089252,11.504107962067337,23.572784041901237,11.508301837311944,2.9992711565435295,1,1,1
search05,gauss,0.5209171820448745,4.75515638328352,11.25940068798325,4.878031677296448,2.94962095281799,1,1,1
search05,gauss,0.5325951704324985,3.8372774681097326,8.069042381817505,3.805749761352214,3.016568460216531,0,1,0
search05,gauss,0.48297972170757547,4.018826649978337,9.119152786062054,4.035136804511001,2.991915934788416,1,1,1
search05,gauss,0.5563362129390291,4.79079558487274,8.966554160602795,4.499190030772152,3.12962580024678,1,1,1
search05,gauss,0.6015324681852694,1.5655831954256882,1.7725027339023907,1.5911508433794022,2.9678626975436075,0,0,0
search05,gauss,0.6986511300225832,1.8598242506268434,3.051862544542527,1.8830530993723098,2.9753285249861414,0,0,0
search05,gauss,0.5340304107648415,3.650067616044396,8.615519657043102,3.881330046913742,2.880833411189427,0,1,1
search05,gauss,0.453299505865322,10.150006204952206,31.98582950598738,10.466982929883956,2.9394330291632063,1,1,1
search05,gauss,0.6850411343460284,1.050476670914918,1.3411994709226993,0.989505313092312,3.123236039293339,0,0,0
search05,gauss,0.5811522709793265,1.832008633550231,2.7602318417752314,1.9296996343895747,2.898750044723674,0,0,0
search05,gauss,0.35670306474138913,11.307484302130433,26.12323531259775,10.810770295597402,3.0918924355899624,1,1,1
search05,gauss,0.7056444488742019,1.5961032082941529,2.3427090026594057,1.560064778935697,3.046201196059361,0,0,0
search05,gauss,0.6833461128328061,1.930050745131524,3.8744051344137795,1.9253929191205068,3.004838312185281,0,1,0
search05,gauss,0.6682712100201667,1.4334190016329558,3.148287560571014,1.4917142235401006,2.9218413004485537,0,0,0
search05,gauss,0.3102520155554677,13.995824144098151,40.64737853053143,13.154310714382389,3.1279448916765644,1,1,1
search05,gauss,0.642284933418143,1.6049482980804441,1.8265665533659114,1.6441695465803818,2.9522905060715767,0,0,0
search05,gauss,0.9006434966685497,0.06805125463824879,0.06613692491982072,0.0703631455993276,2.934286878695176,0,0,0
search05,gauss,0.6462826089134837,3.8075651279616523,10.854076064818853,3.7402398493704654,3.0360005140325526,0,1,0
search05,gauss,0.4892029928558147,5.028000777403577,10.364035858908325,5.087705110869598,2.9765299551900264,1,1,1
search05,gauss,0.7107304609202916,0.9705839346576113,1.1942110420200438,0.9712604944224115,2.9986068417923195,0,0,0
search05,gauss,0.7639032352463393,0.7672660635602142,0.8724839456938259,0.7181539158845552,3.136773320006665,0,0,0
search05,gauss,0.38730390535203374,6.239402515753454,15.814392072045246,6.610881777117006,2.8876158207368356,1,1,1
search05,gauss,0.5270469048139286,4.911616454663999,11.111687291530487,4.767732575583913,3.060357361407782,1,1,1
search05,gauss,0.7761486929086964,0.4927576784102712,0.5036828608624647,0.5028788310344606,2.9597471518004865,0,0,0
search05,gauss,0.3666258642534001,9.597216749194217,26.644369630283087,10.486108123474212,2.830463053820679,1,1,1
search05,gauss,0.4240463845263299,6.131539835051399,13.899849889327033,6.2696481547012946,2.95594383728014,1,1,1
search05,gauss,0.5215632830979999,6.459244539863221,15.508769869249132,6.430077842139175,3.0090719578954093,1,1,1
search05,gauss,0.5516029558952995,1.0831791621015157,0.9881142546318474,1.0683604726186313,3.027740991664663,0,0,0
search05,gauss,0.4879262643237688,6.789690659710232,13.694012272812458,6.545340249769185,3.0746639290294078,1,1,1
search05,gauss,0.3900425398383318,11.96024402769126,32.625934239857244,11.936102316051624,3.0040451582937875,1,1,1
search05,gauss,0.4168956815444646,9.227716142010877,28.211788015127667,9.08809045877855,3.030727177258113,1,1,1
search05,gauss,0.34270753876988097,15.41215153665462,42.541643644540684,14.719268190517235,3.0941464395062477,1,1,1
search05,gauss,0.3735903067790413,10.502868406282687,23.309594909131448,10.223477639398928,3.0546566983835426,1,1,1
search05,gauss,0.5667403947221352,3.5742589052542826,5.7999797412380465,3.3980780099225067,3.103694438336802,0,1,0
search05,gauss,0.37211279078556275,11.315312736498072,30.359199973240063,11.060987744678512,3.045985945864901,1,1,1
search05,gauss,0.5895120559931175,2.27280268012737,4.680090912045996,2.526387560114764,2.799251006464048,0,1,0
search05,gauss,0.9985276824981504,2.4196197500714334e-05,2.8392127306676938e-05,2.6473646250437325e-05,2.8279459710099157,0,0,0
search05,gauss,0.7095099348897433,0.4946965011801012,0.3011420424545064,0.484181762596234,3.043433022043152,0,0,0
search05,gauss,0.5949402390649108,4.030414251782986,8.194050461417882,3.8603019710309834,3.0881341832989144,1,1,1
search05,gauss,0.6881979896358941,1.4725821676775013,2.164716650083601,1.4695931991272684,3.004067749567714,0,0,0
search05,gauss,0.5358359809132744,5.46456783936992,14.021318666019388,5.710736950522991,2.9137872700893617,1,1,1
search05,gauss,0.6912526783984942,1.7329319187188048,2.9380108379041454,1.771872150782282,2.9560462282266977,0,0,0
search05,gauss,0.33536207905502613,11.561747702322918,26.65148185174772,11.800464528670293,2.959541113696433,1,1,1
search05,gauss,0.44919222405267467,8.015480274160666,20.188777966917673,7.550171261714015,3.1232578696078526,1,1,1
search05,gauss,1.6530061438440413,1.1983450788560503,0.529391481246943,1.0602364384741452,3.2605242290685013,0,0,0
search05,gauss,0.29560380481854404,14.561140924177835,38.53641251954445,14.793535193487616,2.968581645121298,1,1,1
search05,gauss,0.426696285904617,7.53398882798956,18.451143973913165,7.775475954541944,2.937884927440018,1,1,1
search05,gauss,0.3828163370352843,9.347591294457061,29.82240692714216,9.542360741751207,2.9591779324707437,1,1,1
search05,gauss,0.44495142973096113,7.187161654737338,20.808800665434422,7.757885761630788,2.852866070878188,1,1,1
search05,gauss,0.4431801407759876,8.546809486325401,12.343873092260118,8.808958930549368,2.9404811746108077,1,1,1
search05,gauss,0.44601323528353365,9.110728827155071,20.210175096289017,9.029905559094766,3.0179012432702357,1,1,1
search05,gauss,0.21701137712619006,12.169679041619247,31.100611716924835,11.730746839167065,3.07483448555665,1,1,1
search05,gauss,0.3935140184634802,10.11202305716074,24.011420766425164,9.517845738715042,3.124855421017974,1,1,1
search05,gauss,0.609710180515333,2.1429437324725313,3.580485360644954,2.042771520355058,3.098074807798439,0,0,0
search05,gauss,0.5912701215313849,3.6133260917745247,7.320575492201251,3.541619201211846,3.040493845604938,0,1,0
search05,gauss,0.725801620364215,0.9254611686214957,1.3227579771888731,0.9660634760558238,2.9159427751060494,0,0,0
search05,gauss,0.4282356977467797,9.53378317625851,37.605790134075995,10.300832601631232,2.8510704027456475,1,1,1
search05,gauss,1.413653582174876,0.41294219307792446,0.05115442162196476,0.42108677439305786,2.961316375576636,0,0,0
search05,gauss,0.5811377334879249,4.807230273342611,11.303129301407811,4.87091319764294,2.9738517515232483,1,1,1
search05,gauss,0.3260230238390283,14.004601015362141,43.032503543497356,14.940058312084723,2.8747719349976153,1,1,1
search05,gauss,0.42419759971714366,7.173436154097544,17.390159240145064,7.516216359343306,2.9087891596362425,1,1,1
search05,gauss,0.3461699466136749,9.813808230188442,24.176522631883476,10.256321239153458,2.9137092143183416,1,1,1
search05,gauss,0.38049350751858513,9.352020040874777,23.45308913719866,9.776506571703472,2.9131619198094127,1,1,1
search05,gauss,0.6013955645368966,2.75429035581692,4.494290066997591,2.6716639097414014,3.06185392239963,0,1,0
search05,gauss,0.5542459132011475,4.164124239831835,8.864437872426487,4.273073700080789,2.949006514796647,1,1,1
search05,gauss,0.5685977400120593,3.5958399002431634,7.993958148725385,3.5520453287295775,3.024658790899636,0,1,0
search05,gauss,0.6015731170634918,3.197882482845216,4.087428100199979,3.2642305009991257,2.959348447890796,0,1,0
search05,gauss,0.9115506266690521,0.06555177097789056,0.05480470629475444,0.06706863059774705,2.9547669422698055,0,0,0
search05,gauss,0.21843431836993993,19.0688895909243,54.8587289083764,18.82663055690694,3.0257357824370206,1,1,1
search05,gauss,0.42443844607627323,6.551674950013876,17.14695529620956,6.3542135355778155,3.0621513310279727,1,1,1
search05,gauss,0.36788064613496607,10.117568140507956,24.10423941943273,9.791487975869233,3.066604823586024,1,1,1
search05,gauss,0.4075926596833037,8.40430343333992,21.48517773832486,8.709768025424045,2.9298570085466187,1,1,1
search05,gauss,0.6634652015989566,1.8109304794442096,2.5919092817630154,1.738868470170205,3.082883795422377,0,0,0
search05,gauss,0.6929489290920692,1.0080931763361605,1.638472416165285,1.0310582755430253,2.9554533439057655,0,0,0
search05,gauss,0.6386090164301969,1.7106845039807013,2.3434386099640445,1.6221664636399487,3.10913558173571,0,0,0
search05,gauss,0.398877529512457,6.923927448410041,16.710940760067604,7.0402695806681965,2.966949523473471,1,1,1
search05,gauss,0.5156077163501851,3.8874681003047726,6.5665691356262155,3.993804466595018,2.9467493377907386,1,1,1
search05,gauss,0.9617369367909872,0.014073660483518324,0.012662005617113295,0.01449919532276949,2.941302281984862,0,0,0
search05,gauss,0.2754117713518467,11.144955016232416,21.45245933250003,11.309480791227276,2.9709048049097917,1,1,1
search05,gauss,0.49486682852927516,6.280503092858908,16.790013570319438,6.7168574082423715,2.870071883661545,1,1,1
search05,gauss,0.6316825891583588,2.7028511366843304,5.582095970099207,2.808984896777946,2.9244326587762317,0,1,0
search05,gauss,0.5787887565885983,5.6321816945633145,13.903385940725833,5.882452578091638,2.914909340889403,1,1,1
search05,gauss,0.38251026290463436,10.553133301342314,31.362658227955535,10.963435927449789,2.9251507230356175,1,1,1
search05,gauss,0.7079169758191742,1.258963053960997,1.6180185862931782,1.1162487608650975,3.255703384584804,0,0,0
search05,gauss,0.39851641377917346,7.502049045537888,21.128209777148363,7.555087135331805,2.985959635185177,1,1,1
search05,gauss,0.41724786368899197,5.806389669060081,14.438550064438235,5.708699019715125,3.0342251882635884,1,1,1
search05,gauss,0.8647054925834047,0.2779294641102297,0.444974974107401,0.2729059430707189,3.0368150358543784,0,0,0
search05,gauss,0.6279725603487302,2.091691062345035,3.5184156531836597,2.020975876911502,3.0699812266355213,0,0,0
search05,gauss,0.5291043133800839,5.2795122512079615,16.253179125531034,5.833959760928428,2.8099241227429275,1,1,1
search05,gauss,0.4393947936204732,7.228474143169592,16.49405358974691,7.217980357193762,3.0029076792832696,1,1,1
search05,gauss,0.5356944405365801,3.4742778799400185,5.521309259899039,3.387494722142197,3.05123736856655,0,1,0
search05,gauss,0.4744120771014375,4.491653216964551,7.172402677535147,4.440142621092843,3.023202225814553,1,1,1
search05,gauss,0.4226198945692113,10.638563203964623,29.662568340068997,10.932411940148434,2.946242652071191,1,1,1
search05,gauss,0.6910848568374602,1.538772600958282,3.2193600459021177,1.551050438749079,2.9841683577992484,0,0,0
search05,gauss,0.5291051026965727,5.225647421255417,13.83118225110595,5.674679826220672,2.841741765626869,1,1,1
search05,gauss,0.5919258861849134,4.293201556984968,8.635750378413988,4.233854003711185,3.0280347660650375,1,1,1
search05,gauss,0.5908558129744117,1.9793776024573617,2.7955804827888175,1.9917435493204834,2.9875827921045954,0,0,0
search05,gauss,0.5013142257731892,6.174359335081135,12.706289455194508,6.316992850959194,2.954841324268271,1,1,1
search05,gauss,0.307404782105512,19.082861929428873,59.59266015897367,19.371909628968915,2.9701580582321325,1,1,1
search05,gauss,0.36212612857120596,11.090606722349548,20.822325084963424,10.07835789355693,3.200875745728329,1,1,1
search05,gauss,0.49214019051402863,5.67504370170991,12.67909102472135,5.763199645947772,2.9694072912085057,1,1,1
search05,gauss,0.5176349370289718,4.555876985690787,12.392164198555433,4.729204617253738,2.926699034788813,1,1,1
search05,gauss,0.3705880285974378,10.144203433707276,27.23644088718222,9.723844914913148,3.086459321898365,1,1,1
search05,gauss,0.4132216206967175,11.680335011227271,32.18424580052496,12.124218519404007,2.9267773823993144,1,1,1
search05,gauss,0.3626328263447267,6.128658623780666,16.315808549461902,6.053624316984208,3.024789878878324,1,1,1
search05,gauss,0.3888641019565413,14.299033821725743,43.47628887240468,13.70956892466904,3.0859932066858815,1,1,1
search05,gauss,0.49797508781669203,5.39420469632978,9.581639949601483,5.144011564980351,3.0972754933339206,1,1,1
search05,gauss,0.4320119723658218,9.788227139148319,21.797827972778098,10.135766099959728,2.931423247659042,1,1,1
search05,gauss,0.7443281982806705,0.5856273880385743,0.6698460996734221,0.5524742124554991,3.120017097035984,0,0,0
search05,gauss,0.5440362599761687,4.390281195630905,10.171251440665532,4.637005228069374,2.893584751233419,1,1,1
search05,gauss,0.6921591172599257,1.4046045122145188,1.6329708617554737,1.426328690016584,2.9695383287819688,0,0,0
search05,gauss,0.7649133067016414,0.6329013691116643,0.8198471784016756,0.6617568102368456,2.912791404096457,0,0,0
search05,gauss,0.6293397973862417,3.23665594873637,5.890923598079435,3.0223979256313034,3.141780154947872,0,1,0
search05,gauss,0.5531677264750725,4.087507130189806,8.885197058814104,3.9791829379423316,3.0544454446738705,1,1,1
search05,gauss,0.5282694550107228,2.420251878272211,4.928016555793224,2.5173299448144904,2.922872195007847,0,1,0
search05,gauss,0.4312244160720358,6.5386450214664364,14.326453255837624,6.640370355696492,2.9693615479917352,1,1,1
search05,gauss,0.40816069637163865,9.993391605727084,28.612745647235247,9.999710107526887,2.998736263005255,1,1,1
search05,gauss,0.589183821021883,3.7806445059654834,6.834771013570234,3.7339200623619413,3.0250270186951917,0,1,0
search05,gauss,0.8975935465979067,0.13027065918322478,0.11783541198903269,0.1336111732599749,2.9499964861434114,0,0,0
search05,gauss,0.44630138804909203,4.197773686364485,10.451859038890898,4.145750309212974,3.0250972071501274,1,1,1
search05,gauss,0.5574392111702801,3.778939516466835,8.080329608372306,3.710055519464434,3.037133674491397,0,1,0
search05,gauss,0.4000216912239776,9.15394890779703,21.221382141189086,9.25169309977057,2.9788699882455107,1,1,1
search05,gauss,0.471316546211721,6.5214273952854,14.941001878411505,6.9211080638340094,2.8845038497124107,1,1,1
search05,gauss,0.5223510585416453,7.11732086720076,15.452004729768579,7.18702821090786,2.9806019006294413,1,1,1
search05,gauss,0.45884731178660026,9.708131493092424,21.49513702766025,9.412658806590144,3.062781981706467,1,1,1
search05,gauss,0.3941735124198892,9.97250643631105,31.44797475026195,9.862011359088438,3.022408223474775,1,1,1
search05,gauss,0.6895333386210134,1.02601456287789,1.2909756601095699,1.0544353608676569,2.946092858709935,0,0,0
search05,gauss,0.4103229304298262,11.649782939942725,33.33536135182901,12.054229014437333,2.9328955715027143,1,1,1
search05,gauss,0.6105401171433087,4.055994154723976,10.338071865017612,3.9680577256833343,3.044322152105536,1,1,1
search05,gauss,0.5462864637444659,5.2470412077143465,11.207798035594799,5.418857362502367,2.936585835981969,1,1,1
search05,gauss,0.36008318244205617,8.295626263033682,20.82181124532218,8.54602100806425,2.941400858997588,1,1,1
search05,gauss,0.2635027638465626,16.12721757322356,42.23936631240823,15.953688785098164,3.021754064588183,1,1,1
search05,gauss,0.5826489919702141,3.0897959117296523,7.313365765937116,2.8519304409480313,3.1668101489197262,0,1,0
search05,gauss,0.6408122244925972,3.22453945453708,9.258475624914581,3.1252002691161684,3.0635730045223664,0,1,0
search05,gauss,0.5418441661984839,3.5595832067916717,9.092799896352942,3.6146196018785717,2.9695478909823336,0,1,0
search05,gauss,0.3224607366824879,8.466520900624744,25.134187736866092,9.28963498518897,2.8227887132537357,1,1,1
search05,gauss,0.5860911122241437,3.0389343171061682,4.408873896553342,3.021171548874365,3.0117588610540316,0,1,0
search05,gauss,0.701405032531423,2.1299047707825594,4.334209725736393,2.1984487117392084,2.9376433567991462,0,1,0
search05,gauss,0.222286151339727,19.458378858214473,58.712641491743355,19.55010828899746,2.9906159669883148,1,1,1
search05,gauss,0.36667880493572885,8.963033712724155,20.76850268374882,8.966401652417437,2.9992487644823775,1,1,1
search05,gauss,0.5167573032810776,3.934025983570791,7.977654933699961,3.9385170012506365,2.9977194372001343,1,1,1
search05,gauss,0.8858509719251637,0.1273277540659592,0.10977014561392898,0.11735350430580789,3.1699863982614396,0,0,0
search05,gauss,0.7118173607940482,1.0042505414430707,1.7893598897547223,0.9962745703807514,3.0160115921844137,0,0,0
search05,gauss,0.9892139101492201,0.001580432457558345,0.002026100298545176,0.0014943345968165408,3.1152323728905467,0,0,0
search05,gauss,0.6699155235642608,1.1146377124423452,1.8438123964767206,1.2027271012747278,2.8535172463661627,0,0,0
search05,gauss,0.37110841153870916,10.860232113192069,31.90179632960679,10.539993910747775,3.060766297429782,1,1,1
search05,gauss,0.7922981381734939,0.7420586282350996,1.3364589743240354,0.7598392890645682,2.9531988906460516,0,0,0
search05,gauss,0.4309980191623067,8.09590649918158,22.196042014801527,8.066826627306947,3.0072097426207716,1,1,1
search05,gauss,0.600121285062735,2.5225649478667265,6.566011009961082,2.742449798014958,2.8396434820375647,0,1,0
search05,gauss,0.6640446333027581,2.0546539170898086,3.4881678795710878,2.1077764771473486,2.949593744276494,0,0,0
search05,gauss,1.0053904467646337,0.0001341267881684871,8.27916938465411e-05,0.0001351853597438552,2.984338961299155,0,0,0
search05,gauss,0.34393904660405045,11.595360043305845,37.96505760874167,11.688028659402017,2.984142986161892,1,1,1
search05,gauss,0.45795592544486846,3.175071920337018,5.994716227972915,3.2259107412269175,2.968480950052224,0,1,0
search05,gauss,0.7923521609546103,0.40587864950634867,0.39067870973177377,0.4086963298776739,2.986211374238821,0,0,0
search05,gauss,0.47598031540068464,6.45037864967162,14.837712428467352,6.586737249115742,2.958596010653855,1,1,1
search05,gauss,0.630344475349579,2.1203503767561642,2.878146134241709,2.116384664798172,3.00374762870281,0,0,0
search05,gauss,0.5041274755593512,3.5153495086030944,6.078887947801474,3.7186815838752723,2.890642922398167,0,1,0
search05,gauss,0.35867805757004095,8.869509668854334,23.901605986510862,9.345414615119168,2.8981522027936766,1,1,1
search05,gauss,0.8134577114899069,0.443736207523898,0.5498581708593997,0.4474673772843486,2.9833231652189043,0,0,0
search05,gauss,0.38857362470310103,10.703992056247216,26.38287170050234,10.550920976438869,3.0290156812187616,1,1,1
search05,gauss,0.1920382804343615,9.731950139383798,25.156501240632917,10.227306219606458,2.90313068376245,1,1,1
search05,gauss,0.6876846174478327,1.7651776649232715,2.8683838796173133,1.7704846920914195,2.994005000786673,0,0,0
search05,gauss,0.4343357108972436,10.156023344954747,30.274278714983147,10.634063948254044,2.9100925844295333,1,1,1
search05,gauss,0.40029933352819513,11.510195691135323,30.647911587130245,11.72184923702516,2.9638873454844825,1,1,1
search05,gauss,0.9859962839955405,0.0015844015424590907,0.0013243495613858537,0.001549762285888647,3.0447026707074385,0,0,0
search05,gauss,0.5882008018532007,3.4522926320062197,6.665679714885217,3.1508914498668266,3.191311688729951,0,1,0
search05,gauss,0.44072359705205244,8.578257841272716,21.117985341976823,7.849336713403442,3.185728082380407,1,1,1
search05,gauss,0.5387678663647958,5.811568722398988,11.245928988599772,5.757495882704852,3.0187834575293637,1,1,1
search05,gauss,0.45120423128710124,6.330569454852821,13.004071066366228,6.396247078134249,2.97946370036081,1,1,1
search05,gauss,0.35662042070842315,11.062270318037463,28.32002892241585,11.171969286115255,2.980361749076033,1,1,1
search05,gauss,0.4244841110836684,6.84161545333609,14.6426639836666,6.787746386104434,3.0158724454826227,1,1,1
search05,gauss,0.506380122601791,6.500900012218494,16.433171504433748,6.627706308637166,2.9617344853517666,1,1,1
search05,gauss,0.591431961459211,3.9404948636708923,11.710774266896063,4.197285291619218,2.8776397551717237,1,1,1
search05,gauss,0.5155133259143851,7.204323382571374,18.632788892758207,6.8111669958339345,3.115444647584743,1,1,1
search05,gauss,0.35025514014383263,13.643340043394062,32.878667784881614,13.323129694162454,3.048068337782812,1,1,1
search05,gauss,0.7375780963009324,0.7908722294457675,1.017552281795199,0.797133173580642,2.9842913471866916,0,0,0
search05,gauss,0.5683946677229275,3.4015491171435315,6.767254224672158,3.606852823249768,2.8861590887308464,0,1,0
search05,gauss,0.6832294130233165,1.2341105351260921,1.2447181604341857,1.128132769399295,3.1878817256292056,0,0,0
search05,gauss,0.5160679401569821,6.193560481664122,14.306324718718667,6.578613446879158,2.882937956964867,1,1,1
search05,gauss,0.5698935536261133,3.0678369044514966,6.609168639396339,3.0307337547461293,3.0244845985875624,0,1,0
search05,gauss,0.5474542588948832,3.461295064204023,6.104852945306233,3.5837326272791805,2.9316703695230113,0,1,0
search05,gauss,0.5596252496492514,5.428315452415518,10.847581822932147,5.740144965050085,2.891351345816805,1,1,1
search05,gauss,0.6413953821275791,2.749555901439635,6.610642588759781,2.9789399851575933,2.845996169871933,0,1,0
search05,gauss,0.8026249398954338,0.6811334553854067,1.2665932774608435,0.6744677609132391,3.0197657912162983,0,0,0
search05,gauss,0.6627664652466958,2.0522645403602837,3.953811926621396,2.047302085105801,3.004847799736624,0,1,0
search05,gauss,0.4745702344735059,6.5577902005561555,13.32898110892776,6.642378516659694,2.9745307148963636,1,1,1
search05,gauss,0.5030454679696563,7.523891419758684,15.928949646724329,7.398092593592155,3.0340084486845944,1,1,1
search05,gauss,0.602435038111147,3.2586483881175354,5.208970914955829,3.367073004642191,2.935597109789321,0,1,0
search05,gauss,0.5275329144281798,4.753844357727758,9.691222635587962,4.618844454083531,3.058456137670916,1,1,1
search05,gauss,0.4720239505233838,7.520432535019154,14.189687992104108,7.062878345489052,3.129565926849734,1,1,1
search05,gauss,0.5827739807337478,2.819765712601111,3.4796709186959753,2.8529646757383977,2.9767266917676123,0,0,0
search05,gauss,0.508597933316524,4.9272599530731895,13.841679800316628,4.841146400566361,3.035575686162581,1,1,1
search05,gauss,0.6494242804878644,1.891459971450331,3.0955901382108006,1.8928416705177098,2.998540079617963,0,0,0
search05,gauss,0.6932669571733215,1.683382428896266,2.7786280681743736,1.6852159793754922,2.9978239578764194,0,0,0
search05,gauss,0.4149610859698142,7.685561104935914,16.834613823031567,7.530743358173233,3.04111619249238,1,1,1
search05,gauss,0.480834089234788,6.51199797761592,7.070468995666723,6.415701670713954,3.0300189478390287,1,1,1
search05,gauss,0.46577630905817663,8.140805409843779,5.866015869747529,7.523865392254644,3.163995495779134,1,1,1
search05,gauss,0.6461277310004216,2.401176164443541,4.750441774781401,2.34640923608093,3.0466814803832643,0,1,0
search05,gauss,0.5476931205100759,5.186548785618356,12.80012859897264,5.4298863487772895,2.91037102895764,1,1,1
search05,gauss,0.6162681158261839,2.194865607454858,4.9784344119236055,2.1566442661969063,3.0354451977611983,0,1,0
search05,gauss,1.2457851629238654,0.16732354263194793,0.036415955384039994,0.17150925482784588,2.9511896637869555,0,0,0
search05,gauss,0.398615824109312,6.444474866457995,12.960205551000678,6.919843448594563,2.8626071281329013,1,1,1
search05,gauss,0.728565450968886,0.994935089105411,1.5981323504033627,1.040273642792316,2.912833408784237,0,0,0
search05,gauss,0.6688903342204412,1.9236888248137802,3.9879230861758628,1.913140001053442,3.0110277593427868,0,1,0
search05,gauss,0.40523566614194173,8.781652652945468,19.86579254420723,8.438440152618096,3.081345010243602,1,1,1
search05,gauss,0.3888423456721736,10.371382397735943,25.9119840950709,9.5185276812418,3.1791988729884912,1,1,1
search05,gauss,0.31360237646309536,19.197935953726642,59.48762861704021,18.975069688962027,3.023490429117555,1,1,1
search05,gauss,0.6732337678484142,1.463934378898557,2.6013889350941652,1.5659865359101017,2.8696640684049877,0,0,0
search05,gauss,0.7917008019523019,0.44308462946105465,0.41367887005436554,0.43495716599441553,3.0373713280389705,0,0,0
search05,gauss,0.3797238628655852,13.994141443590934,41.08977201454906,14.377847643231396,2.9466253629664663,1,1,1
search05,gauss,0.30682494578391817,9.45582341768602,28.57347945393069,10.010057843694959,2.889264490842471,1,1,1
search05,gauss,0.38209313630395103,9.796029191164962,26.276991341574597,9.481187638737275,3.0664139482149557,1,1,1
search05,gauss,0.45452855772558604,4.103125259072385,8.36646606251876,4.062833650313455,3.0198342399550726,1,1,1
search05,gauss,0.6619028604025435,2.29955209955574,4.102757469525536,2.2741351717562877,3.0223530492955026,0,1,0
search05,gauss,0.7562647058570472,0.8412270149867709,1.1329143416742116,0.7944045054309881,3.117880775437899,0,0,0
search05,gauss,0.40626679143935673,8.552298953943591,18.285797265121783,8.56955081018358,2.995973684823833,1,1,1
search05,gauss,0.5223093168083958,4.919459173368068,12.131586198193189,5.238023716967905,2.8783646043572166,1,1,1
search05,gauss,0.6618669824840605,2.1433477356911226,4.1478535061124315,2.277568223427271,2.882137021095092,0,1,0
search05,gauss,0.3779033967699099,9.838848141005428,22.80053464339658,9.296990543609205,3.116566236107167,1,1,1
search05,gauss,0.5865117662229183,2.330934311436522,3.652509525368383,2.3325471559542565,2.9986170958956886,0,0,0
search05,gauss,0.5057297578097484,4.798183979701662,9.822173006180993,4.914530070900136,2.952652200914435,1,1,1
search05,gauss,0.6830731642508442,1.8416507034702931,4.263615726644052,1.888683910854686,2.950194728600077,0,1,0
search05,gauss,0.803699012739572,0.5140540590302862,1.0649121291640011,0.5408424371343526,2.9009383278205596,0,0,0
search05,gauss,0.387017759278995,8.294522736031013,18.966109674606646,8.233310632332831,3.0148693779286786,1,1,1
search05,gauss,0.49983175008151975,5.533728469645439,10.21333646937054,5.645627571324965,2.960359021112948,1,1,1
search05,gauss,0.38213698614493863,9.290104276526165,25.267451200371006,9.727611120588147,2.910048451024936,1,1,1
search05,gauss,0.45758261216487106,2.5871428881052907,4.5014073835386155,2.5625650662867248,3.019182203130694,0,1,0
search05,gauss,0.63898158071141,1.6875189978400158,3.5633593014834566,1.6662368728124763,3.0255451375189133,0,0,0
search05,gauss,0.39454894171454025,10.32577298666979,32.734897703897076,10.695767520885541,2.930814776313478,1,1,1
search05,gauss,0.48320600616869613,6.598498263893134,15.041418866158834,6.730217434921617,2.9608573802251854,1,1,1
search05,gauss,0.6047835782520825,3.360554568777843,5.257692920943326,3.5102384178165082,2.914715850479596,0,1,0
search05,gauss,0.5086537113240671,6.810978659316106,15.76904951024156,7.0989841951863655,2.918860071257646,1,1,1
search05,gauss,0.8792666839627363,0.15781351643238395,0.2162148062953878,0.17161927408072827,2.8391118046350643,0,0,0
search05,gauss,0.6562517308498801,2.3717041607797,4.2849179086786595,2.3138416310050816,3.050014252487526,0,1,0
search05,gauss,0.7358212091481295,0.9655856782767387,1.076671298215318,0.9156543203580858,3.109061589747376,0,0,0
search05,gauss,0.6407674245422147,1.526681380282355,2.271022920491674,1.5446942740703906,2.9766777231062425,0,0,0
search05,gauss,0.7658319870083548,0.79648959629003,1.1397166462527646,0.8463233219235631,2.8822347810993354,0,0,0
search05,gauss,0.5020487012324277,4.1862356372399745,10.976937357425005,4.4841649110790645,2.867119394693539,1,1,1
search05,gauss,0.4696101890039434,6.120730520410007,16.841552409935296,5.992746070547582,3.0427131229509046,1,1,1
search05,gauss,0.32507949973288847,6.763097015813486,12.444817910124382,6.5426241774288645,3.067395843748819,1,1,1
search05,gauss,0.5787827343778144,4.038356489983471,7.028046093747272,3.714451789287379,3.174402425483214,1,1,0
search05,gauss,0.3875400417780365,13.1935090883253,36.95774246500824,13.150991845330216,3.006466013133478,1,1,1
search05,gauss,0.3641430845380296,12.675816331379337,38.52926197936247,12.983805574505423,2.9525579397567623,1,1,1
search05,gauss,0.6508526810511258,0.44834902698642054,0.20887735888316444,0.4488072988796462,2.997957823349265,0,0,0
search05,gauss,0.7049124841069452,1.203504873543352,2.0641849935162555,1.23808501465853,2.9441393107811495,0,0,0
search05,gauss,0.5638081739907979,4.248620670256514,8.077311015987407,4.156377503445167,3.044386327630196,1,1,1
search05,gauss,0.5418087339153539,5.303146962996607,13.034606328316935,5.559018162018048,2.9079437441778193,1,1,1
search05,gauss,0.6304642086352918,2.5533961504006584,4.698901236750389,2.7093613757709174,2.884869381570865,0,1,0
search05,gauss,0.4554082399059688,8.713850364485097,25.249764744617476,8.806953081062773,2.978856997256436,1,1,1
search05,gauss,0.5503117069307488,4.122820594445784,8.91160564238152,4.229699786631487,2.949462516217577,1,1,1
search05,gauss,0.43871081432037407,7.948545768023791,19.421071720535725,8.307462527758709,2.9135917234569217,1,1,1
search05,gauss,0.44746222082489795,8.087161863126312,23.55055525968413,8.914807380945387,2.8143211664700476,1,1,1
search05,gauss,0.43203000732413355,7.310142466054913,17.90261500788301,7.411813618773533,2.9725651080968643,1,1,1
search05,gauss,0.5080801677584994,6.776930694651128,13.69594817123895,6.3081612787179004,3.148623155059378,1,1,1
search05,gauss,0.6426971434110154,1.868302008765795,2.4831408202234253,1.9682577543840878,2.898432260311789,0,0,0
search05,gauss,0.4721267594936624,9.254036538475702,22.30396959755233,9.46291909958312,2.9558524047581427,1,1,1
search05,gauss,0.5980517575678034,4.560761276979065,10.45143357514043,4.553853541114788,3.003033797991925,1,1,1
search05,gauss,1.0549098747219317,0.018050638649810935,0.00975933015267818,0.01765439465592525,3.044888992413308,0,0,0
search05,gauss,0.2949111560979982,12.794314187844066,40.259057171655634,12.264391983394749,3.0864163841414722,1,1,1
search05,gauss,0.8557341790706476,0.20176506682628315,0.22647882031021996,0.19453812735381018,3.074298437748701,0,0,0
search05,gauss,0.44072839872256403,7.996613338296356,15.911481072598734,8.00071586288058,2.9989744606221405,1,1,1
search05,gauss,0.483852394392296,3.0797723129082897,4.916778060200856,3.246236306221031,2.897441851048408,0,1,0
search05,gauss,0.5362624710969409,4.320064876909157,8.35502564014593,4.21061140897209,3.051989346584603,1,1,1
search05,gauss,0.46982436622984114,6.233803116304443,10.11197266620497,5.949063539673419,3.095725848188421,1,1,1
search05,gauss,9.54403581521483,1.872993672423945,1.7032416236419283,2.014070910394842,2.859908370412599,0,0,0
search05,gauss,0.8672503083512368,0.22778070302570086,0.21817862575286803,0.2215834602393083,3.0559359690447976,0,0,0
search05,gauss,0.4289292608859224,7.017694658822592,13.578090257426096,7.4157857753576835,2.8926368348293097,1,1,1
search05,gauss,0.38808543543681046,10.520604335862572,27.81280713127843,10.288341742851046,3.04515063725851,1,1,1
search05,gauss,0.5645690687791661,2.1709513633272763,6.009147528354317,2.3023009999179833,2.885897077232398,0,1,0
search05,gauss,0.476226977623367,5.970529708172762,11.840535794269973,5.711111042414605,3.090847004665655,1,1,1
search05,gauss,0.8130381892127012,0.3967117923898513,0.49512353557306105,0.4277923006080669,2.854693466086054,0,0,0
search05,gauss,0.45588834263784767,8.530914762283828,18.254785143312645,8.300995294662671,3.055395638585409,1,1,1
search05,gauss,0.47314782047184056,8.183142028392467,18.30651581299265,7.9676123657712745,3.054101442873176,1,1,1
search05,gauss,0.33627168276355135,12.16471781876021,36.10480054375299,11.692953020882575,3.080692156555338,1,1,1
search05,gauss,0.502628744592585,2.9639347285854,4.699038121866997,2.8057378693998962,3.112766670693538,0,1,0
search05,gauss,0.7971871004159786,0.7019663204300741,1.315737765837553,0.6881246241289355,3.0402302019598855,0,0,0
search05,gauss,0.3929831317303231,7.4446862449758555,20.857422732652996,7.612399548262258,2.955936810141636,1,1,1
search05,gauss,0.7647847144519493,0.7424329303917148,0.9556134499568407,0.7373093878877224,3.01389794457567,0,0,0
search05,gauss,0.4092112850625005,7.694684413365394,20.14207989348303,8.081882834572298,2.9041811347349493,1,1,1
search05,gauss,0.5064721805441681,5.693509312159222,10.25168236868978,5.6485682043327206,3.0159123891934345,1,1,1
search05,gauss,1.2585966893125509,0.4495830351326049,0.3068859599432154,0.44360591253677717,3.026947894186745,0,0,0
search05,gauss,0.4823912323589784,4.537838212505221,8.137922951957467,4.503281751462411,3.015347234727913,1,1,1
search05,gauss,0.5319142628223029,3.6013562613759404,8.639359102353238,3.6699195791165837,2.962634975365238,0,1,0
search05,gauss,0.648545793651412,2.549920808074603,4.276842226673237,2.4500171607766354,3.08155342656155,0,1,0
search05,gauss,0.4085276985838241,10.536627224083986,29.871433049956384,11.203772907700445,2.880906960697512,1,1,1
search05,gauss,0.5118129333940621,8.15436026604766,20.74411156447892,8.131700873988747,3.0055731002431227,1,1,1
search05,gauss,0.6029751900268676,2.373894508747526,2.956484264168733,2.4472105694263315,2.940081935249248,0,0,0
search05,gauss,0.6944972008482975,1.722272085837858,3.973338205092776,1.6198742652956457,3.1264268748951616,0,1,0
search05,gauss,0.4850479047661805,4.414399834295409,8.688551503930169,4.588140105471692,2.9242654900755602,1,1,1
search05,gauss,0.7163903392653062,1.3738290087721907,1.6524975987483332,1.3319132572200247,3.0629406627270197,0,0,0
search05,gauss,0.35563219827240283,18.19664875555054,47.27971063659989,17.48315492183873,3.08162071856042,1,1,1
search05,gauss,0.7367166446318478,1.1865046811344655,1.837146339155785,1.2131712551117664,2.956038236374395,0,0,0
search05,gauss,0.4058769851705648,11.474295826426896,18.375972180901655,11.950463197904098,2.9203098049687792,1,1,1
search05,gauss,0.49833694848910226,6.623966704466511,14.63114885752075,6.476883611618912,3.045417858855375,1,1,1
search05,gauss,0.4708318470646645,6.091764756696648,15.364639392676835,6.3934449488503375,2.9056282819146078,1,1,1
search05,gauss,1.5601835979008123,0.9695285313475779,0.7093348797745668,1.0543974033783179,2.8390191937900875,0,0,0
search05,gauss,0.6139927310399329,2.8812546370689915,8.786671146139287,3.1238786098554683,2.8446649162223996,0,1,0
search05,gauss,0.4247324974570867,3.449805280609894,6.7369662320452655,3.383494623015658,3.039196549711159,0,1,0
search05,gauss,0.4890094628389136,5.914078716933773,14.446981037274188,6.380792932677835,2.8537127843927084,1,1,1
search05,gauss,0.3942651992736689,12.124419483480324,36.26656338855484,12.835701611344083,2.8891712896729955,1,1,1
search05,gauss,0.5318581766362916,3.2275834744923486,8.229701278650445,3.174264173317485,3.0335947471688463,0,1,0
search05,gauss,0.6733918728633803,1.5364037513664925,3.3819859090879847,1.594578497162387,2.927034328006531,0,0,0
search05,gauss,1.3874933535942684,0.6569589818622035,0.14319893379129436,0.6319289511489011,3.0792178635518934,0,0,0
search05,gauss,0.8385914206394358,0.2972954257102174,0.2955219901264692,0.29088169752656007,3.044098533790162,0,0,0
search05,gauss,1.1263618161891966,0.04678994985351892,0.01556864182176144,0.04884447832325265,2.9158746887974987,0,0,0
search05,gauss,0.48474763564412726,4.472832249186922,10.990875573226035,4.854537739358884,2.8427428065592206,1,1,1
search05,gauss,0.5794533309111256,2.539702807814365,4.381588633244709,2.5982978691123075,2.9548973487647423,0,1,0
search05,gauss,0.6669153235402339,2.017767130017546,7.144756711797204,1.8945083665308198,3.130122163263322,0,1,0
search05,gauss,0.46121412829872654,6.121905908713643,11.430121011352766,5.661384265986564,3.162688706892369,1,1,1
search05,gauss,0.4954083789733916,5.60805291789984,15.779258410939628,6.034825662950489,2.858563355799745,1,1,1
search05,gauss,0.39853707966923574,6.997731606527623,20.2224417470294,6.621198340987924,3.113735685339255,1,1,1
search05,gauss,0.546303392251717,3.359562143040421,7.323463585618775,3.2190529941461117,3.0872984378634505,0,1,0
search05,gauss,0.8063259819448352,0.4227746862395634,0.6139010616904779,0.4310030633657779,2.9618175469011394,0,0,0
search05,gauss,0.5371920605017378,4.406256251862942,8.986095876471062,4.612233487096937,2.910682216843431,1,1,1
search05,gauss,0.6840165872885181,1.3365379763299643,1.9576652261058194,1.3612052742197494,2.9637566818804393,0,0,0
search05,gauss,0.8155351659000406,0.3776975283169577,0.511984809292185,0.3545086667546986,3.130822536862291,0,0,0
search05,gauss,0.5499259947430662,5.328887825165111,10.994524024341452,5.179893804217939,3.0575278283990484,1,1,1
search05,gauss,0.431171114496494,8.1145509632031,20.57244656881936,7.917730848615233,3.0497162933044866,1,1,1
search05,gauss,0.9357838574288642,0.039220518353431544,0.04127130227611731,0.037054399094467935,3.1169156327938943,0,0,0
search05,gauss,0.9849410284573397,0.0020156805447868464,0.001283044301425612,0.0019190269132845041,3.100731918696143,0,0,0
search05,gauss,0.5641282237897092,3.2152706340307304,6.549795171770517,3.2975916188868863,2.950072055991006,0,1,0
search05,gauss,0.46888413246142574,6.164410320237721,13.46240451122447,5.800429938866583,3.12550117326036,1,1,1
search05,gauss,0.7255328094477618,1.6955234145743816,3.153119322152911,1.75699504429995,2.930026405111392,0,0,0
search05,gauss,0.2944079882920411,7.429950852418415,24.99230456392969,7.428639574380023,3.000353033156411,1,1,1
search05,gauss,0.44612285328112256,7.626920213767789,17.941001005508117,6.9468524408621795,3.1957916275593745,1,1,1
search05,gauss,0.44165179941031923,7.170309629990697,18.632912932639893,7.087676233714943,3.0233174861692134,1,1,1
search05,gauss,0.525942465599392,1.9730687562302478,4.109461899946602,2.004275843361625,2.968859488842578,0,1,0
search05,gauss,0.5396123976774091,2.9734436266438706,5.186717972171311,3.001251448973742,2.981469181904515,0,1,0
search05,gauss,0.46346209483003276,7.738226794797811,15.47301181080592,7.583196098824949,3.0408879564638673,1,1,1
search05,gauss,0.6594637218575865,1.4362804228985624,2.2804337963730226,1.355858956089238,3.1186280718184545,0,0,0
search05,gauss,0.3781014573456575,11.57474832705202,25.611334691460787,10.658238698599279,3.1719814416566203,1,1,1
search05,gauss,0.5522377491778044,3.578131888139069,7.5659155193959995,3.6744468419677228,2.947575807749568,0,1,0
search05,gauss,0.6709522676600825,1.8430924127001163,2.926245438529252,1.894421676467827,2.9458100966587177,0,0,0
search05,gauss,0.38775157906650753,10.45608189948507,31.21164995014078,11.369757294870162,2.839279701107195,1,1,1
search05,gauss,0.4710473136915053,6.796862190901265,17.138073243888666,6.907814785212162,2.9678762104194174,1,1,1
search05,gauss,0.35311141488798375,7.302171256884549,20.29865548344436,7.523564899902632,2.941146611755566,1,1,1
search05,gauss,0.8406071505688132,0.45325388186665805,0.6611029544506208,0.45653807823919285,2.9856126070131914,0,0,0
search05,gauss,0.4561461424417583,8.605286061937022,22.821578201417683,8.585360125078534,3.0046418406608906,1,1,1
search05,gauss,0.5910767381015888,2.754205256539535,5.787123817054926,2.894333424761445,2.9031706803210073,0,1,0
search05,gauss,0.584567241646899,2.8754536097274013,5.407390590428756,2.7877464425576575,3.062923346134217,0,1,0
search05,gauss,0.6051781224498415,2.1186050929095472,2.8545389843985074,2.189516690733518,2.935226255068908,0,0,0
search05,gauss,0.5535438386327842,3.685092332603517,7.038845154660587,3.5374498920189055,3.0834739403193914,0,1,0
search05,gauss,0.4614944748466083,7.310932714384023,24.653983299063512,7.758817135632023,2.884548272392937,1,1,1
search05,gauss,0.3882542118669742,9.339677499358686,24.405902626205922,9.30907281027359,3.006575238954264,1,1,1
search05,gauss,0.44534081181221896,10.42936792837736,26.656690590451714,10.611165416688072,2.9657346801841764,1,1,1
search05,gauss,0.9729082769709498,0.00486794581979666,0.005383006362305648,0.004739473945877253,3.054213558460918,0,0,0
search05,gauss,0.4664053086422531,8.424177699654479,20.082458195690883,8.26395020448234,3.0387774590135432,1,1,1
search05,gauss,1.0892157034769097,0.08393922579796254,0.08210228789123074,0.07789830399165816,3.155097646463555,0,0,0
search05,gauss,1.4162563712941603,0.9767080047590753,0.4101707678598348,1.0176073209108911,2.919616702216321,0,0,0
search05,gauss,0.5111784359018607,7.786619766033482,18.19829671247357,7.752440115254365,3.0088177787305606,1,1,1
search07,gauss,0.8561994471550485,0.48697493913300605,0.4625872652890962,0.48395459655690115,3.012481925360739,0,0,0
search07,gauss,0.9624950812733054,0.027587314031165988,0.029374300000281253,0.027091902747814582,3.0365726459276745,0,0,0
search07,gauss,0.95358373558068,0.04317157360162582,0.04631407965393393,0.045259484290473176,2.9077359929491355,0,0,0
search07,gauss,0.6252783372355116,4.8228505789332985,12.284201193777365,4.8717602759225125,2.979921139703471,1,1,1
search07,gauss,0.6113676800492039,4.3193061044878505,7.387267721893286,4.365379538497996,2.978891441807601,1,1,1
search07,gauss,0.7510110691487142,2.2370412066466088,3.8534600699795805,2.269513665290898,2.9713837734128585,0,1,0
search07,gauss,0.8732627336552099,0.519229476739838,0.8519726815922816,0.5361465785624218,2.9368937432448274,0,0,0
search07,gauss,0.7547979755449875,1.7713534009234309,2.5039124707172635,1.8356801907013771,2.9299150362859576,0,0,0
search07,gauss,0.8181627635555146,0.83019068675992,0.8292427130477713,0.8011426652792888,3.0725164761272694,0,0,0
search07,gauss,0.7593105564598038,1.4539755386072102,1.5106485169434354,1.3362855225815924,3.1761450139761305,0,0,0
search07,gauss,0.6271053087471888,4.619331931280044,7.390290335521868,4.676048425726282,2.975741699280016,1,1,1
search07,gauss,0.7588092513786856,1.771400035965371,3.863971598233923,1.895553727663328,2.869005357235637,0,1,0
search07,gauss,0.5147787375054587,10.46194459449049,23.321584412954145,10.106471700327416,3.070345597297137,1,1,1
search07,gauss,0.928388448882069,0.11947295737013519,0.15973756657657406,0.12161510212142695,2.9647717312418496,0,0,0
search07,gauss,0.5791272453093943,3.0235910590141657,4.647598036468083,3.1836948443233135,2.8994226562921876,0,1,0
search07,gauss,0.5726589725300499,5.669900604167367,8.32806740332118,5.5638330774264215,3.038127501405922,1,1,1
search07,gauss,0.7750862639240129,1.3978773663016,1.9079490208212941,1.4337143013628675,2.9500082617196446,0,0,0
search07,gauss,0.5781481755887712,5.342846622479101,12.419501086809221,5.621381126835959,2.9009017541873616,1,1,1
search07,gauss,0.9548455502944702,0.03720873558955873,0.04327622191920296,0.03695729247054076,3.0136072261905222,0,0,0
search07,gauss,0.6585486932828203,3.463864248995094,6.479301175972625,3.466261636511149,2.9986167302024738,0,1,0
search07,gauss,0.8191549167998327,1.0616693590624209,1.7000710469692426,1.1069299756311302,2.9182231621419352,0,0,0
search07,gauss,0.5895044166521807,3.883509969052284,5.897696144459103,3.6201314056992016,3.145507736508373,1,1,0
search07,gauss,0.6250304628940085,7.178264665739448,16.125655067947612,6.991551682681618,3.053411028490378,1,1,1
search07,gauss,0.3887013464052899,18.280771424527188,37.64060881718731,18.43711218343624,2.983040645698353,1,1,1
search07,gauss,0.8900871073966576,0.2857868824480221,0.3923802549323274,0.2792844068963904,3.046565260294278,0,0,0
search07,gauss,0.5908142529827922,5.709764751971306,10.709496387389276,5.3366219745946015,3.1398423119168193,1,1,1
search07,gauss,0.6941403857442343,2.8292669921079323,5.889349246315232,2.90106798711369,2.9505003017339186,0,1,0
search07,gauss,0.6858655041302124,2.7720187625888,4.3056477948281415,2.670151299263184,3.0763008922780712,0,1,0
search07,gauss,0.7308741391708264,1.8345322711113567,3.288697874190666,1.9265911212139128,2.9044334326169308,0,0,0
search07,gauss,0.5909648782948872,4.3739201687039895,6.150250734661303,4.233595954337302,3.066290791979299,1,1,1
search07,gauss,0.9995084015176094,3.7542230302278767e-06,3.818623259363706e-06,3.927938685007568e-06,2.9115486932406855,0,0,0
search07,gauss,0.7172372163764544,2.310705656049663,2.779433676636436,2.1917458226890463,3.108552581352399,0,0,0
search07,gauss,0.6090769900102522,5.179113127641131,14.208229030022048,5.415814845230458,2.9125886964921692,1,1,1
search07,gauss,0.6789747021865213,3.829120040277303,7.000995136378538,3.9420521516077422,2.9427038978749276,0,1,1
search07,gauss,0.5301490927114312,5.266327925022097,9.237374350292756,5.348569119766405,2.969247403220284,1,1,1
search07,gauss,0.6735042802281671,2.8146178764603746,5.0783072432293945,2.945819767830033,2.9109233410662423,0,1,0
search07,gauss,0.7119515032111021,1.5874294226716756,2.0067797137618717,1.645608039713768,2.9292922547313127,0,0,0
search07,gauss,1.1726352926287023,0.3609832435610656,0.28629055459269825,0.37545994744852146,2.9228854955857004,0,0,0
search07,gauss,0.8679039832620108,0.30812272217337977,0.2766499388678547,0.2894437470868839,3.1290680850734627,0,0,0
search07,gauss,0.7754037178268858,0.9114136085518112,1.1395864499770865,0.9007711386425147,3.0236296867267196,0,0,0
search07,gauss,0.5681222979441979,7.902760062381503,17.79980093495214,8.365282153052656,2.889418651467155,1,1,1
search07,gauss,0.6016459082806089,5.84900595166323,10.751365390923702,5.964452847616158,2.9612883532144716,1,1,1
search07,gauss,0.7241226088886767,2.05087099600604,2.790927971038007,2.0280346527525333,3.0225206637593813,0,0,0
search07,gauss,0.9819573468270058,0.006841918070676911,0.007378825265878007,0.0066558262065223965,3.055918486565095,0,0,0
search07,gauss,1.0665480458429433,0.07074376828887807,0.06158980328222522,0.07206748194086769,2.9632646065509616,0,0,0
search07,gauss,0.7011131898709202,2.0449450190502034,3.010513883376362,1.9919645229993348,3.0531942165025057,0,0,0
search07,gauss,0.8505933594226462,0.5033468851056568,0.535916294175316,0.4830717815258449,3.083942405063572,0,0,0
search07,gauss,0.7843502678526537,1.1001051282237313,1.0961045271707686,1.1683117566077086,2.883238993362489,0,0,0
search07,gauss,0.48349976676768186,10.118089184333883,32.365905244076856,10.029506297618726,3.0176644560732147,1,1,1
search07,gauss,0.5455567810231451,9.24460997932647,20.63909250723576,9.22335179834289,3.004609643315871,1,1,1
search07,gauss,0.9796451138363853,0.005687404347611391,0.003953136864311502,0.005816933503394463,2.9554647974890944,0,0,0
search07,gauss,0.7170114510706154,1.8897346637745613,2.588943744712636,1.8710103578616566,3.020015181459823,0,0,0
search07,gauss,0.6273348249393904,2.412223978690349,3.3229014173514813,2.413793362739591,2.998699653356027,0,0,0
search07,gauss,0.893176033257904,0.3444542531187835,0.42623935050640904,0.3231214454544919,3.1320420415567627,0,0,0
search07,gauss,0.6863271811140172,3.0458064820005006,5.486605752901966,3.093447075674876,2.9691990245774726,0,1,0
search07,gauss,0.7609999194419154,1.6636208742665985,2.288020912825419,1.6877998553926048,2.9713485209176276,0,0,0
search07,gauss,0.7652701077983842,1.2198370896517758,2.0044453781923393,1.2925882399837416,2.8874333711516966,0,0,0
search07,gauss,0.5697800923289125,5.347972767817282,9.94094934654698,5.504385861095446,2.943167831171256,1,1,1
search07,gauss,0.564591563795091,2.9234888197988766,4.191722945798105,2.768572793274363,3.1119103871141465,0,1,0
search07,gauss,0.7555979368194792,1.743820914661228,2.5858897155857403,1.8385943287083366,2.896906661173387,0,0,0
search07,gauss,0.5611862056375969,7.644829121391467,16.554977025214544,7.290497262069901,3.0972037562279984,1,1,1
search07,gauss,0.7927138417581532,1.2804161996061794,1.7150183283590048,1.2498645520274443,3.0488879335431607,0,0,0
search07,gauss,0.7538752002003295,1.2859828044516917,1.7051539402982998,1.280397415272762,3.0087244618152247,0,0,0
search07,gauss,0.8205611650015427,0.8308514915833598,1.340011172401089,0.8626269864548715,2.92632853975019,0,0,0
search07,gauss,0.5583715714445621,6.63255557694356,11.552735827403648,6.236894898974816,3.1268774556498555,1,1,1
search07,gauss,0.9310820275024732,0.10051287390683683,0.11909231600013713,0.1026644832975079,2.9580846399540923,0,0,0
search07,gauss,0.8845369285129987,0.3189126467519827,0.47834271469228884,0.32971934486268656,2.934449110863032,0,0,0
search07,gauss,0.850237850653403,0.36103278891056334,0.2780820700174667,0.353739883941174,3.0412331506876513,0,0,0
search07,gauss,0.7914133270927051,1.1203379651933574,1.5487649049896544,1.1328635310150674,2.9778868937364646,0,0,0
search07,gauss,0.7505786113884207,1.3754762772207414,1.8746012387245534,1.3770855195586358,2.997662828756764,0,0,0
search07,gauss,1.1386011775882048,0.33420622666480426,0.21189007835981422,0.3146014039124244,3.1246327734623667,0,0,0
search07,gauss,0.7531081480259432,1.0428911382732906,1.309798882548097,1.101307584518147,2.893914384925597,0,0,0
search07,gauss,0.7632655547669841,1.2106457383435725,1.593889311707589,1.1746734016115021,3.0612465331771723,0,0,0
search07,gauss,1.6763168216533784,3.0738829428566135,1.2795096343064318,3.1409410692092594,2.9573006147679632,0,0,0
search07,gauss,0.5687146344210045,6.087847634863692,13.616617281806,6.647822395499514,2.831531371531551,1,1,1
search07,gauss,0.5868061190993172,4.015999735550963,5.452017282344592,4.113865302982108,2.9524215985583178,1,1,1
search07,gauss,0.583993655925296,7.951418680125357,22.363668840078745,7.926316954773638,3.006333767749876,1,1,1
search07,gauss,0.7141880205319152,2.5949284320264496,4.665289770373291,2.556201020283901,3.030300756032284,0,1,0
search07,gauss,0.7072027709750238,2.8628087305361873,3.7245761500392573,2.751541633217036,3.080876186626375,0,0,0
search07,gauss,0.4929531709850753,6.376378017910383,13.410310705775393,6.363604677489828,3.0040144984070865,1,1,1
search07,gauss,0.6474995765945402,4.163833088729348,7.184293936835935,4.1085431921097015,3.02691459918242,1,1,1
search07,gauss,0.47627718009170505,7.569970026576414,13.548955334827571,7.2430076654607,3.0902835883150805,1,1,1
search07,gauss,0.47494970666694614,10.818195457121249,30.187011592081603,10.531696470286372,3.0544069965637903,1,1,1
search07,gauss,0.6520339773034365,4.0565527851958905,6.607949315921948,3.862395171416738,3.1005374153406136,1,1,1
search07,gauss,0.5004643682144404,7.539404093166013,22.546419767327148,7.399449073396637,3.037828497333013,1,1,1
search07,gauss,0.7173713292856383,2.1779981499372525,3.8358223948846146,2.418398149199171,2.8011907184583937,0,0,0
search07,gauss,0.9551451139310507,0.052391861725936906,0.07426816342803548,0.05704288524624313,2.8369288825336008,0,0,0
search07,gauss,1.0744618094607394,0.08285097992143164,0.07572252318891837,0.08148431456515556,3.033544256058834,0,0,0
search07,gauss,0.6709876678698597,4.732503001765053,9.847069810283292,4.495026185809576,3.1056620389465905,1,1,1
search07,gauss,0.7917953015996848,0.9761060854423249,1.4264229432325464,0.9745935198186924,3.0031039927782692,0,0,0
search07,gauss,0.7172012417501579,3.0362383161864273,5.889149271433527,3.1746790252777206,2.9127844371106573,0,1,0
search07,gauss,0.8232364949818821,0.746739642672253,0.9936982602852593,0.7621818216019579,2.9594790153949133,0,0,0
search07,gauss,0.5310155076707206,10.204234438033211,24.519015056237322,10.417028388558908,2.9591449802019527,1,1,1
search07,gauss,0.7107186979608974,1.945952275444256,2.170936453160569,1.8305240744829432,3.1261149225736538,0,0,0
search07,gauss,0.7801312127418876,1.1682714922789614,1.5711537845596437,1.029548984188657,3.26948209404456,0,0,0
search07,gauss,0.5177094533489105,8.632166933143935,20.15898101942152,8.752662661324411,2.972466497832045,1,1,1
search07,gauss,0.7373865691655688,1.3923202569336581,1.8772754292148193,1.4402432920967854,2.9334514725031515,0,0,0
search07,gauss,0.5335046765697485,4.182449788569215,6.709597743665895,4.2664211807047305,2.960636145106684,1,1,1
search07,gauss,0.6797600275259154,2.5933309411437904,3.720298972804292,2.8010705678699295,2.8516712651876426,0,0,0
search07,gauss,0.6372861908473414,4.1709382340698085,6.08898636507199,4.3139044625389715,2.9337184076695944,1,1,1
search07,gauss,0.605350807866771,6.356197491941884,12.346051182321697,6.302556150660297,3.0170220907198004,1,1,1
search07,gauss,0.5604406672135117,5.190170085198304,10.117783510693826,4.975493763078523,3.0862934745141564,1,1,1
search07,gauss,0.6092095249284344,4.4830010924652015,5.943200075432532,4.207462412841444,3.1309761811693413,1,1,1
search07,gauss,0.654515200574162,3.4010753899594874,6.259582012068223,3.2417916088555208,3.098268982292912,0,1,0
search07,gauss,0.7295146543225522,1.9384708194746736,3.065330118235556,1.8952541565670633,3.0456051371873945,0,0,0
search07,gauss,0.8466033869890006,0.3738864810660516,0.485035651917064,0.3899753051389718,2.9174879852087723,0,0,0
search07,gauss,0.5678958998385542,4.850901087516036,10.373823058205874,5.232090879613611,2.854287778684102,1,1,1
search07,gauss,0.9181123236780011,0.20965058743627196,0.28398542446694297,0.21376142212526122,2.961538104975926,0,0,0
search07,gauss,0.6356103262246381,4.972697638755562,8.716466354754855,5.017209062180227,2.982256500427621,1,1,1
search07,gauss,0.39757992468648423,10.357248408795158,20.48190418485167,10.960375096481997,2.889944152024427,1,1,1
search07,gauss,0.6778100030534046,3.5884319061452175,5.5474235664142775,3.7545314211474743,2.911520508755528,0,1,0
search07,gauss,0.6050883437843817,5.01811663446631,7.582378492868469,5.245238671200511,2.9133987789797873,1,1,1
search07,gauss,0.5741036100295118,4.890853998173611,9.018932064195521,5.128751425590064,2.907229885921374,1,1,1
search07,gauss,0.6172263688745161,5.427672632476174,8.51970643578898,5.265424896127921,3.0616275949420784,1,1,1
search07,gauss,0.8748997490256776,0.37591669095309044,0.36143376618944034,0.3842943495386794,2.9563997826372113,0,0,0
search07,gauss,0.539406979980381,8.302159880283398,21.657881426881936,8.223413072763021,3.0191518550323577,1,1,1
search07,gauss,0.7754073528889949,2.035132424753556,2.916912648353786,2.0760758626451734,2.9605568961825406,0,0,0
search07,gauss,1.1839321485230037,0.5543477620335011,0.5013882011473944,0.5662964621587918,2.957800548215538,0,0,0
search07,gauss,0.6564200930293177,4.175187949945212,8.559027948022,4.114061524317892,3.029715853915167,1,1,1
search07,gauss,0.7352079305381116,1.824997690603368,2.8505250193521587,1.7719107412001642,3.0599205684223647,0,0,0
search07,gauss,0.46442745763731164,13.553081448108628,28.477079033653652,13.139826091009407,3.062901191269492,1,1,1
search07,gauss,0.6314906654865436,3.6562414236928475,4.287410919224885,3.792357660616074,2.928215506497816,0,1,0
search07,gauss,0.9695976201950296,0.015249779424607368,0.012516481373855524,0.014645140375673318,3.082571970418037,0,0,0
search07,gauss,0.9782206620403784,0.008976540700530222,0.008052093293302644,0.00917145224999873,2.957496033527616,0,0,0
search07,gauss,0.7091607176890815,2.953502810001112,5.267255727506808,2.799589086255637,3.1099545104680555,0,1,0
search07,gauss,0.6393646753316188,3.2366197494444577,5.185328725165903,3.288634860591699,2.9683667458673826,0,1,0
search07,gauss,0.7198344317314557,2.289237132047589,3.4754666065538102,2.3549216424290926,2.944215120199286,0,0,0
search07,gauss,0.9479746185255342,0.05714479689277141,0.0605079171233914,0.05881886369914272,2.943077213632207,0,0,0
search07,gauss,0.38355527347009355,13.55586785426749,28.092522256753313,13.81963768813073,2.9618268090935866,1,1,1
search07,gauss,0.5196746719737178,11.095459309712567,31.082573323715074,11.880705254435828,2.8678115603566416,1,1,1
search07,gauss,0.7720080187824605,1.1799648333702066,1.7801020925038358,1.2241430911710773,2.9278217422138004,0,0,0
search07,gauss,0.6173314501192684,5.76747429497982,2.35380715176236,5.834893963273423,2.9768908676942676,1,0,1
search07,gauss,0.592269292932104,5.276587403279336,11.883839629877182,5.489580282530071,2.922401033125043,1,1,1
search07,gauss,0.7164519452586731,2.725831749545705,4.27837294517533,2.4190222639120633,3.253664044528029,0,1,0
search07,gauss,0.8798787868588676,0.3053227225586852,0.3993046602226869,0.30824728934477785,2.9810245417417347,0,0,0
search07,gauss,0.7664297262800294,1.2213853371815446,1.731853605674341,1.20404457044145,3.0288041940735413,0,0,0
search07,gauss,0.9965423129751045,0.0001869058002625934,0.00014089273886288604,0.0001829896724697984,3.0428016263425066,0,0,0
search07,gauss,0.6789541224699682,3.541412991626885,4.981263399976071,3.4178295206140725,3.0723169311210166,0,1,0
search07,gauss,0.6741686659113257,2.0882657305451175,2.81829067051409,2.3077494201222573,2.809785509931566,0,0,0
search07,gauss,0.6566689588326039,4.222115468572042,9.490338666474932,4.2073816223513845,3.007003807851603,1,1,1
search07,gauss,0.7852138810907391,1.2579820053521757,1.8937311221889908,1.2296072413204724,3.046152564946237,0,0,0
search07,gauss,0.4658340864588165,11.060227402075839,21.58700939615299,10.959857371501297,3.018315937365304,1,1,1
search07,gauss,0.6095575207380713,5.794581974727407,13.40974527090159,5.953991452606117,2.9464529033514366,1,1,1
search07,gauss,0.8412742090382634,0.5171720291789939,0.6308357935473049,0.5171152419316128,3.000219630916965,0,0,0
search07,gauss,0.6830663869758342,2.70655381966705,5.164555485635632,2.9366016438488702,2.843323778924058,0,1,0
search07,gauss,0.9175613564064604,0.130896369007246,0.1310456690831996,0.12950942428595413,3.021418436981536,0,0,0
search07,gauss,0.8451662979911672,0.5961668067176333,0.9444938461551121,0.5996603875431995,2.9883481353841654,0,0,0
search07,gauss,0.7751009441491534,1.2407269051359435,1.6964985102564747,1.269373812170241,2.9548645060113223,0,0,0
search07,gauss,0.4645322752754215,12.449929376611067,31.024349089310366,12.599953034664802,2.9761866321817245,1,1,1
search07,gauss,0.5789588318434913,7.926799232637222,11.679673186657176,7.195525567248387,3.203257888129075,1,1,1
search07,gauss,0.7480049075552673,1.8621719974357802,2.915544950728715,1.8915616541980396,2.968925510096873,0,0,0
search07,gauss,0.9245566916769831,0.06688013034465712,0.054533919524286205,0.06934170032294835,2.9290017416121366,0,0,0
search07,gauss,0.9450498039413655,0.06449668608314596,0.07304300908726374,0.06201550817945518,3.0800179818412827,0,0,0
search07,gauss,0.5954634871873,4.710779468873909,7.014277202934937,4.893300900216441,2.925399465487823,1,1,1
search07,gauss,0.6938209630089732,2.4545164399502255,3.8510814259884754,2.422585255621057,3.0263612471470958,0,1,0
search07,gauss,0.47235609729035155,13.019161284605275,33.92849294126988,12.44555231458067,3.09217894964012,1,1,1
search07,gauss,0.8288468767397076,0.9037911281698143,1.3125393206902387,0.8624177329104835,3.0959474595210468,0,0,0
search07,gauss,0.5272567851505959,6.9224875169906,19.2685228482993,7.131268379244493,2.941446359567241,1,1,1
search07,gauss,0.7144116621276811,2.555570177035804,4.404627094983482,2.416631681387452,3.1149852472086965,0,1,0
search07,gauss,0.7947065807537692,0.9169071342423649,1.2446938163949213,0.9707539432837772,2.889061879348614,0,0,0
search07,gauss,0.8992160485079757,0.2217443811919111,0.22687850029366244,0.22521587891213932,2.9691718209480022,0,0,0
search07,gauss,0.6669275152177669,2.7801410004506693,4.634497195848016,2.9029553450392465,2.9153866801303367,0,1,0
search07,gauss,0.5847006854479088,7.136221820664332,18.46393596858439,6.66012591159574,3.1429690415430964,1,1,1
search07,gauss,0.7486327847246325,1.3738874644911903,1.5364847568790172,1.335526600884365,3.057446798261335,0,0,0
search07,gauss,0.7696105652572456,1.4175458429510286,2.4577397617759407,1.4606634904270979,2.9409615592384504,0,0,0
search07,gauss,0.5941462863665081,5.926003046873461,12.09892885279953,6.011191214580002,2.9716568098848963,1,1,1
search07,gauss,0.5052253271525099,9.127663238177433,27.984954020496648,9.132027834997466,2.999044112239057,1,1,1
search07,gauss,0.8947052799412288,0.27837411396762946,0.3532337322125403,0.27536958512341847,3.021821791559619,0,0,0
search07,gauss,1.110785839396464,0.22200899847302935,0.21426716210455848,0.22668164140913113,2.9587735212516106,0,0,0
search07,gauss,0.7006672457194281,2.1079250242101466,3.5120399683779797,2.081591550172189,3.025301288368296,0,0,0
search07,gauss,0.7360051420913695,1.3007675716432914,1.7362277386122051,1.2778777609823295,3.0358247265268408,0,0,0
search07,gauss,0.7376233152577034,1.8245200598851739,2.9256489952421703,1.8433094642320456,2.97961340218616,0,0,0
search07,gauss,0.518285644503962,10.21121521138761,31.71664258412594,10.862022447158049,2.8801683132332845,1,1,1
search07,gauss,0.6049110032530902,6.114484123787179,12.912761850632995,6.157231058683929,2.9861148836256644,1,1,1
search07,gauss,0.55620533018356,10.276501466530817,25.325971379729506,9.974143827587946,3.0606282893387933,1,1,1
search07,gauss,0.6300827850724794,5.7165557675212995,12.416470015917065,5.647144257034433,3.024582871386862,1,1,1
search07,gauss,0.5006984353052086,6.78484159505274,15.781700316535039,6.991960985633839,2.9407549924816054,1,1,1
search07,gauss,0.6601799930411323,3.7911604334206004,7.016703023812804,3.9187881748042526,2.9348636692311,0,1,1
search07,gauss,0.7744048058724402,1.6534052304898523,2.71343961785523,1.618857654937852,3.0426814247029355,0,0,0
search07,gauss,0.8092089129775613,0.5809203847317121,0.5472741634525489,0.5994779105081801,2.938087707816501,0,0,0
search07,gauss,0.7087280463945621,2.3919500113169647,3.9952223278081007,2.4658727684537594,2.940043332257448,0,1,0
search07,gauss,0.4960181089205774,7.820938273703689,13.567755926685988,7.730248360531452,3.0234636479819392,1,1,1
search07,gauss,0.7610454811932887,1.3933611099199084,1.7200458280844853,1.2855359258099226,3.167751335369415,0,0,0
search07,gauss,0.5611023377733639,6.961425237749154,13.538956885698987,6.842962527964304,3.0346232232898376,1,1,1
search07,gauss,0.8180060431385815,0.6813821609016486,0.8250422734836488,0.6918578736356837,2.9697171539611578,0,0,0
search07,gauss,0.6313613776411564,3.4775559529930433,5.509644683506952,3.822310740780654,2.8196092305581626,0,1,0
search07,gauss,1.3359740910883249,0.9863591080269316,0.6032142925651538,0.9880536183991827,2.996570003204894,0,0,0
search07,gauss,0.6605152183086507,4.416916529414834,8.62924013190893,4.558437731164274,2.937908024592762,1,1,1
search07,gauss,0.5606635584295416,6.710899174481995,10.11991943828552,6.732958717830488,2.9934472958255114,1,1,1
search07,gauss,0.588959970020586,5.858896114351637,10.248354044435123,5.863766616274783,2.9983387804318036,1,1,1
search07,gauss,0.6706624583037556,2.642855792863145,4.098357862490012,2.6448697762383317,2.9984770642446894,0,1,0
search07,gauss,1.0031343910062733,0.00019604682822205177,0.0002553686939405274,0.00018086830580650313,3.1678405992455856,0,0,0
search07,gauss,0.8454510086881258,0.6211855238242379,0.9245027522963495,0.6156684354341859,3.0179222713802476,0,0,0
search07,gauss,1.0651178952189047,0.08004916996060274,0.07714868615159547,0.07587355356888317,3.1100677692110112,0,0,0
search07,gauss,0.8587781334124923,0.4303244945735969,0.7665181843314574,0.46545909530834767,2.849032488186849,0,0,0
search07,gauss,0.592495063183279,5.891360344278837,10.62003041225784,5.715154043248233,3.0616628352262074,1,1,1
search07,gauss,0.9951206403702357,0.0005485704018610704,0.0006937320433376606,0.0005567295348502633,2.9706890600248563,0,0,0
search07,gauss,0.5996507818739529,4.305524226281591,6.203132182395998,4.2829057024568264,3.01056223293069,1,1,1
search07,gauss,0.7359014188903225,1.5330167154501027,2.6561690838060286,1.6654068378164206,2.8410116743126865,0,0,0
search07,gauss,0.7547662521908206,1.6801132853794343,2.584224989945721,1.7242139887015586,2.948845440750269,0,0,0
search07,gauss,0.912373241197564,0.13902749537390946,0.16249400378277293,0.1396237323290593,2.991459375205002,0,0,0
search07,gauss,0.6089345770029561,3.7783592214287864,5.673433871966223,3.8070172483992373,2.9849446298240436,0,1,0
search07,gauss,0.8535047064796089,0.357094554434525,0.4619520970115902,0.3607120908572954,2.979942250262958,0,0,0
search07,gauss,0.7331027831525331,2.2755876054102373,3.4722964595003485,2.278620080908723,2.997338322852596,0,0,0
search07,gauss,0.5100616190432371,9.901395042945296,22.253661695504917,10.12652496352097,2.9555365890299656,1,1,1
search07,gauss,0.8053215143395143,0.9927492161441194,1.3278105829864821,0.9928189574478407,2.9998595085172415,0,0,0
search07,gauss,0.7664687474134186,1.4417166325745825,2.480588599701777,1.5244355517626678,2.8914760035707125,0,0,0
search07,gauss,0.546596196961539,6.961950459543523,14.669528175442048,7.315353383539076,2.903380491558815,1,1,1
search07,gauss,0.8653164744523836,0.5237602005867075,0.6346292705361802,0.5271761439774855,2.9870405995043514,0,0,0
search07,gauss,0.5833476969319038,7.274166914332,11.496569968204977,7.166707323553969,3.029988552881141,1,1,1
search07,gauss,0.7068030106277783,0.900046410230857,0.9481975680715551,0.9458311769358733,2.9031861756696555,0,0,0
search07,gauss,0.7397898619965932,1.8185851314877084,3.0490726826245367,1.8255309765540815,2.9923903289995284,0,0,0
search07,gauss,0.7039687839040445,1.5227787586326826,1.4390666641427186,1.5940546075537518,2.910572889305907,0,0,0
search07,gauss,0.6213083220003053,5.907829768215947,12.978458498591788,6.009201045886686,2.966261312644839,1,1,1
search07,gauss,1.2892775601560293,1.0249547013590359,0.6480142527004021,1.002268521786008,3.0452696639271917,0,0,0
search07,gauss,0.9102508009883279,0.2003084499287695,0.24094838241333758,0.18200001864447482,3.2011915319641697,0,0,0
search07,gauss,0.7483736451899857,1.42730093297655,1.121470242323977,1.303632508648261,3.189728966572828,0,0,0
search07,gauss,0.6762832239787662,3.1567646059737626,3.260291443981779,3.147421618045334,3.0059369153944053,0,0,0
search07,gauss,0.6672651596590875,3.9364560055607853,8.661413001578351,3.9812201999412964,2.9775123242963697,1,1,1
search07,gauss,0.49268723690350336,8.730878892895731,22.017555769945922,8.786863293148091,2.987257250196207,1,1,1
search07,gauss,0.7019117266066563,1.7395928997884766,2.080408284670314,1.727260101449593,3.0142801866708244,0,0,0
search07,gauss,0.5979992270930656,4.074792477664715,6.630010359411121,4.1517379321161805,2.962933375993583,1,1,1
search07,gauss,0.8305456672019675,0.514306831483168,0.5927895983860445,0.5462698057154649,2.8829773350169554,0,0,0
search07,gauss,0.6897613199719522,2.011674935813062,1.6742089989518605,1.9101745094918072,3.106273459117888,0,0,0
search07,gauss,0.5494018718512671,7.963891726620773,18.172474427217544,7.778379922944295,3.0476993424117182,1,1,1
search07,gauss,0.7660646647168773,1.2833303304737456,1.5817419478729273,1.2978747644363455,2.9775873075567247,0,0,0
search07,gauss,0.8386206891508543,0.3645046418301945,0.29641324478527514,0.3869062654257639,2.884201288025574,0,0,0
search07,gauss,0.9223644240893718,0.14837092474178348,0.1763088198546411,0.13580465518579588,3.185063899890553,0,0,0
search07,gauss,1.0561947676286252,0.04429076406972854,0.03318896755625765,0.04717823740492559,2.8775929965159914,0,0,0
search07,gauss,0.7115651534653786,2.774365023370592,5.4279339919652525,2.7402763495773437,3.0248797343366527,0,1,0
search07,gauss,0.8076684453984537,1.102432377086643,1.9598148808020468,1.145000060393799,2.9256459719442884,0,0,0
search07,gauss,0.8342272791132623,0.8403164452347482,1.301776938388099,0.8890172364189279,2.8904390394491055,0,0,0
search07,gauss,0.7154540143835448,2.3249708345507543,4.0290299293088845,2.522940977159166,2.8430639920626866,0,1,0
search07,gauss,0.8040938305496045,0.6916381548782624,0.8615122189521254,0.6829569184064881,3.025422501003518,0,0,0
search07,gauss,0.7069789673177012,1.8936045469970395,3.2829829962620445,1.892580857327187,3.0010817922688897,0,0,0
search07,gauss,0.6669155958651948,4.163950389505942,6.878745076957062,4.217510632644244,2.9746010157158884,1,1,1
search07,gauss,0.7369084443748146,1.2727324740938002,1.2143587837278755,1.249128140225765,3.0377932945514603,0,0,0
search07,gauss,0.9267898073707781,0.12087948211637922,0.14462510630034633,0.1254252002541123,2.9275150746656426,0,0,0
search07,gauss,0.6849526401172196,3.8267359116208013,6.0868430100932285,3.6927633785048632,3.0725595005061934,0,1,0
search07,gauss,0.703933075042272,3.5679760574248576,4.442591682448082,3.3512226675634493,3.1293577964600017,0,1,0
search07,gauss,0.9046295668717199,0.24143654241518675,0.28398430518530365,0.24485542915105543,2.9720742419498527,0,0,0
search07,gauss,0.7742278850908435,1.0424482016807701,1.4816932656317179,1.0219394333940919,3.0401369545327435,0,0,0
search07,gauss,0.7753520970046125,1.5238284507026947,2.9921451747093544,1.533387327634027,2.9875323386869495,0,0,0
search07,gauss,0.8749485180620744,0.29789615439960926,0.3176242894763913,0.2975388168885201,3.002401955582307,0,0,0
search07,gauss,0.4684470453071494,13.62376317816188,26.810861987125573,13.334291043265399,3.0434177016171673,1,1,1
search07,gauss,0.6282734911658231,3.908341345283361,4.762839740183557,3.8780713213923548,3.015610864980244,1,1,1
search07,gauss,0.6688014067914695,3.205766790636517,2.742059344298739,2.9623501240001224,3.164340240989275,0,0,0
search07,gauss,0.8802405116155203,0.30494390441026553,0.35908277348822315,0.2968213750788072,3.0547300835682862,0,0,0
search07,gauss,0.857247569451147,0.2260572461693755,0.14608493250558838,0.23643291102381073,2.9122316363698597,0,0,0
search07,gauss,0.7045748909527151,1.6219112360053884,2.167721231549425,1.5879557860448426,3.0427662410489646,0,0,0
search07,gauss,0.9757259811874135,0.016537699058972066,0.021935667209086088,0.016988993763174025,2.946872109026233,0,0,0
search07,gauss,0.3938960254349671,16.432620609689025,46.86686425716505,17.78899261421294,2.847504349016345,1,1,1
search07,gauss,0.6219065164318532,4.96290842865659,8.471307684789608,5.197842664696512,2.909603175319029,1,1,1
search07,gauss,0.7200653657398044,2.501431093375686,4.415050129713074,2.489824914338162,3.0093228877024143,0,1,0
search07,gauss,0.6652496958441384,3.84658314413889,5.7310107154154535,3.6989402012503554,3.079829861990538,1,1,0
search07,gauss,0.6190420768248025,4.469546575325808,6.4531962884527765,4.099788606291014,3.1803790412351556,1,1,1
search07,gauss,0.643893517586814,3.677456877602964,5.161570145599484,3.629621523348845,3.026358315293427,0,1,0
search07,gauss,0.851203244963127,0.5430863949879949,0.7685829947579303,0.5808507803231368,2.86996871962836,0,0,0
search07,gauss,0.9649393491699161,0.02468579373430657,0.02267816208375684,0.02423627492718662,3.0370947110041,0,0,0
search07,gauss,0.8985479549354389,0.12759571765417377,0.07006219359518262,0.129945715015572,2.963831091142688,0,0,0
search07,gauss,0.8647447164885562,0.39841258341874664,0.5513428542782072,0.42450083511395575,2.8770873951840126,0,0,0
search07,gauss,0.6582590108577283,3.701680134668436,5.732887317706956,3.5913445822131598,3.06144526092079,0,1,0
search07,gauss,0.6548441053503175,2.0046578450716197,2.1148270991259275,1.9836856185711302,3.021144707915558,0,0,0
search07,gauss,0.7336661443637935,2.027127572762481,2.899305008465343,1.9941984195948605,3.033024951623731,0,0,0
search07,gauss,0.6499870372908482,4.669971247570402,10.856789176215306,4.418741480276757,3.1137110050067514,1,1,1
search07,gauss,0.6896970495775683,3.5555237809550135,5.889682134305428,3.549077004828331,3.0036329311073904,0,1,0
search07,gauss,0.6634196712446522,4.371722206678442,8.11491200430038,4.640924764316321,2.8839875364031946,1,1,1
search07,gauss,0.8946184364721566,0.20363077299543875,0.249807236157135,0.21627744714196354,2.8830513831779827,0,0,0
search07,gauss,0.5332194157931107,7.851750950870127,13.590242697966886,7.432342524020925,3.112860360106843,1,1,1
search07,gauss,0.7409598191731877,2.316018036086291,4.179438869892108,2.320488910024388,2.996146610381301,0,1,0
search07,gauss,1.0134139064957464,0.0024887839813345636,0.0017494602432049098,0.002552249711202219,2.9502668335397635,0,0,0
search07,gauss,0.82343426524902,0.7146745119827074,1.0223443076577483,0.7317604258456692,2.953301891549502,0,0,0
search07,gauss,0.9983572232362572,4.4320152255750145e-05,4.484960475447937e-05,4.645832266290242e-05,2.9079531810622328,0,0,0
search07,gauss,0.5445944466702906,6.599518778032234,9.77137276682002,6.563687479593761,3.0109180391509716,1,1,1
search07,gauss,0.7283600871905808,2.6292680551416083,4.603916487119575,2.6793891341741096,2.962587682100196,0,1,0
search07,gauss,0.5184770591905278,5.850706354147633,12.769141706407327,6.131344687252717,2.9084578188244605,1,1,1
search07,gauss,0.9745210966505433,0.011583604154452587,0.01482525116653556,0.011491152251364933,3.0160909717433553,0,0,0
search07,gauss,0.7403416498129421,1.4551815673858073,2.2369282782002715,1.4351609331636705,3.0279001939914894,0,0,0
search07,gauss,0.6457475674258855,2.5595467488985832,3.2208045668679333,2.648967786231899,2.9324861270128806,0,0,0
search07,gauss,0.673477277048003,1.9799557478204974,2.6874447773032557,2.0167776736359375,2.9634843976142835,0,0,0
search07,gauss,0.7874000654499617,1.4279723911756719,1.6973142045952758,1.4870419697686055,2.92055425496548,0,0,0
search07,gauss,0.6696764403612185,4.349378141096736,9.227521601770603,4.541176697237582,2.915529137521771,1,1,1
search07,gauss,0.6735940791971852,2.2854287923984344,3.370598726226597,2.4829231435133754,2.8409178700267916,0,0,0
search07,gauss,0.7726366671346021,1.5006889371674106,2.21148010494794,1.461855476425584,3.0531290012837373,0,0,0
search07,gauss,0.6920934881341153,3.453396844268468,5.04081302858876,3.28347518417758,3.103501108161077,0,1,0
search07,gauss,1.205922833320044,0.40256795565335324,0.2707725134728195,0.4077982001902662,2.974348859144191,0,0,0
search07,gauss,0.8038588040508774,1.3591663320205498,2.4041492341713186,1.4460038057829698,2.8798931601491877,0,0,0
search07,gauss,0.47429299285928994,8.464457757086848,26.684322262040773,9.10551309254558,2.8591940225787944,1,1,1
search07,gauss,0.7669128052004226,1.453256271375949,2.109545347253526,1.4174055824173055,3.0505863521399457,0,0,0
search07,gauss,0.48187700436246167,6.262446525715291,13.461716709814858,6.051872817036179,3.0695896014491058,1,1,1
search07,gauss,0.587222222723021,6.783571934987549,14.341068240140867,6.291525914149317,3.156415479345526,1,1,1
search07,gauss,0.5609145604696971,4.998610409336322,11.717714529453199,4.982714552953298,3.0063804001670547,1,1,1
search07,gauss,0.5330048792128625,6.280115256078261,12.105262728978806,6.431499492282036,2.952924124028793,1,1,1
search07,gauss,0.9062663959847248,0.17546617714188528,0.17828063010283382,0.17649660646410367,2.988323522555342,0,0,0
search07,gauss,0.6331464986611341,4.077947542529728,7.862561723836917,4.198352209103658,2.9426419411345024,1,1,1
search07,gauss,0.634614393017212,4.080761611237847,7.07032557146252,3.968879607125011,3.0563796412025113,1,1,1
search07,gauss,0.7711509532062015,1.0042380080052808,1.5188415622738345,1.0531126260756636,2.9071806436268646,0,0,0
search07,gauss,0.8152199610911244,0.47225028767081767,0.3891797239673103,0.5023266809916982,2.8802516590936262,0,0,0
search07,gauss,0.6677725867929789,3.5110734219813367,4.011519751684832,3.5474919948340644,2.9794679887053945,0,1,0
search07,gauss,0.8975517830428676,0.17615110062604344,0.18797949491822197,0.1802329815911934,2.954704395065621,0,0,0
search07,gauss,0.5741328201231505,4.49719817874643,8.32424460149647,4.686363638307777,2.9192698330044,1,1,1
search07,gauss,0.7035975014800285,2.304869063247679,2.684458731810531,2.5398120954217407,2.8149917999071117,0,0,0
search07,gauss,0.769989025714457,1.1561588507370288,1.4551512922964258,1.1721004948265388,2.9727981616595613,0,0,0
search07,gauss,0.6230209644364021,4.658670146101599,7.301773493974924,4.332000815684173,3.15081683698429,1,1,1
search07,gauss,0.7720437011020482,1.7210067562816675,3.386448814894009,1.8127750304479724,2.898753819282664,0,0,0
search07,gauss,0.5767087802250727,7.111602799515367,17.330288915531586,7.276146838305438,2.9547716552602195,1,1,1
search07,gauss,0.8959798441946194,0.26105964651833347,0.3403064859292648,0.25032093720234166,3.085799529484115,0,0,0
search07,gauss,0.8411107910718552,0.8983503470602159,1.658016477786111,0.8678268322695132,3.070344713151767,0,0,0
search07,gauss,0.52572078522831,4.722359331864467,6.511788583937078,4.534957654846832,3.0826475973010887,1,1,1
search07,gauss,0.9668868145546963,0.02408573570733097,0.02533909015041204,0.02302427182297311,3.092203904863454,0,0,0
search07,gauss,0.7628768441487909,1.834500220737823,2.56054422365422,1.8383239668515075,2.995839964899948,0,0,0
search07,gauss,0.7450433787423887,1.4097412025139562,2.0022900641490278,1.482951936256968,2.901263511037588,0,0,0
search07,gauss,0.963361125346397,0.021701170001961145,0.013223614456466677,0.02108463780568979,3.0584816492417986,0,0,0
search07,gauss,1.1182533847362175,0.18160810029633012,0.10289723792728184,0.17454050116678474,3.0809852049501316,0,0,0
search07,gauss,0.9775303278924994,0.009254860714065671,0.011456512468719196,0.009985289640768315,2.8536990006338083,0,0,0
search07,gauss,0.8355274645321995,0.9463901947013937,1.4449041847706787,0.9183162250806645,3.061142270721098,0,0,0
search07,gauss,0.489314305373166,8.147071882975752,21.307525269904076,8.600202012553886,2.8946233753773014,1,1,1
search07,gauss,0.9887577412127124,0.001986751090839789,0.0014406497656811582,0.001937170483423129,3.0511886876668153,0,0,0
search07,gauss,0.8252011639864026,0.55372911447364,0.587918421748153,0.5863218218058986,2.888823147561278,0,0,0
search07,gauss,0.5152073546586758,7.973807457878763,13.863225451777753,7.633103696276422,3.089270046670149,1,1,1
search07,gauss,0.7449688395503165,1.824147351119791,3.477904111646405,1.9594821219875218,2.8618667969979135,0,0,0
search07,gauss,0.826089881625308,0.9209375321504467,1.2649332533304878,0.897173879146075,3.0529744647202386,0,0,0
search07,gauss,0.7377970824425311,2.574367394031242,5.42264385650962,2.506412710471427,3.054224656040013,0,1,0
search07,gauss,0.6464388031088178,3.8983420945944545,6.819172768015779,3.7505798692685963,3.078794336063385,1,1,0
search07,gauss,0.6330728277320702,3.837880024122228,5.633762635172706,3.630846595817364,3.114041407611856,0,1,0
search07,gauss,0.8218168702139723,0.6654996749890643,0.8696036322386307,0.6509837457068732,3.04459690238941,0,0,0
search07,gauss,0.8270020377518574,0.5854459958748919,0.6302207545565276,0.5992132904409384,2.9540487676569533,0,0,0
search07,gauss,0.9272577107591462,0.12293103909701131,0.1522434864652392,0.12246495808876016,3.0076116632141146,0,0,0
search07,gauss,0.6461641726929445,4.636817319015222,10.216998882613273,4.87078736743523,2.9039292702513486,1,1,1
search07,gauss,0.5137962563718402,10.447101806032606,26.900964685306604,10.380982313458416,3.012738581104886,1,1,1
search07,gauss,1.1242953450446471,0.2546807414069576,0.19094125395874684,0.25008238346441514,3.03677474501675,0,0,0
search07,gauss,0.8249217744284919,0.7644623296871487,1.039817515603285,0.7590125304917785,3.0143602351119,0,0,0
search07,gauss,0.7390600005618453,1.3602873012236216,2.266545692556637,1.387485326469581,2.960795224674319,0,0,0
search07,gauss,0.6990040720135371,3.7937586407128947,6.84229413535683,3.6404229970061244,3.0842405642601824,0,1,0
search07,gauss,0.5445552495593351,6.521270619832194,18.153010006046767,6.944855972028066,2.8780146474161725,1,1,1
search07,gauss,0.6091264472610944,6.138960915506686,13.678937556967119,6.114343277890444,3.008052422475284,1,1,1
search07,gauss,0.7527896370087548,1.8469571697959566,2.6017687794937276,1.906024624003951,2.9380202611612516,0,0,0
search07,gauss,1.0654234840616423,0.042290005136862874,0.026408619223213615,0.039845659945949234,3.122690661629367,0,0,0
search07,gauss,0.5252753254708372,9.705530233060585,23.88548574073129,10.120726210126449,2.9179513468805367,1,1,1
search07,gauss,0.8358446647247748,0.6948407150619005,0.8729654657269283,0.6719799379620699,3.068040058365912,0,0,0
search07,gauss,0.5971806477432975,6.178278530126818,9.36388814420096,5.9179543307872375,3.087977765554994,1,1,1
search07,gauss,0.8020242322681144,1.2210441842169075,1.7501789141153632,1.2468536190894846,2.958600697824618,0,0,0
search07,gauss,0.48725793216799007,9.591639222777303,20.92910174328122,9.989807464295158,2.920285102002024,1,1,1
search07,gauss,0.6639124637744679,3.9053857203039115,6.275078838316165,3.8192233567536236,3.0451203585136883,1,1,0
search07,gauss,0.8696022623243514,0.3545250326878886,0.37626549174509466,0.37267715856950534,2.9025852512598713,0,0,0
search07,gauss,1.2601879536631957,0.8620043708345122,0.8692260162280201,0.9349215664287971,2.844014304060151,0,0,0
search07,gauss,1.1533817100393464,0.2902670152579532,0.3017894544350505,0.3158548133998975,2.837977469037028,0,0,0
search07,gauss,0.5549960937043376,5.387694135173433,10.894953646299166,5.281381843327281,3.04025927115286,1,1,1
search07,gauss,0.6458386490819191,3.7928556588724405,6.399721617771859,4.088564337169394,2.855348404030898,0,1,1
search07,gauss,0.6395496715345316,2.916903347264679,2.822791552397499,3.086120136950735,2.8903368746666795,0,0,0
search07,gauss,1.310811414371535,1.1140296319838399,0.9200574835235584,1.095966578608422,3.032962781398595,0,0,0
search07,gauss,0.8770166328457486,0.3479707761837858,0.6119833138634453,0.35868909632151547,2.9402361529934984,0,0,0
search07,gauss,0.8731151723402935,0.5771312576265757,0.9570699522038022,0.5525062286608029,3.089139371425587,0,0,0
search07,gauss,0.9568360171797285,0.03150104568834422,0.026703734721656176,0.03062976705012209,3.05689097385536,0,0,0
search07,gauss,1.3256929784844602,0.8407047349593313,0.3819155707509381,0.8748733008039633,2.921889110541531,0,0,0
search07,gauss,0.6943929618465451,2.155664726455825,2.8092108073504716,2.3349215970935333,2.8464557689124605,0,0,0
search07,gauss,0.948326842529991,0.04561035572132255,0.03798986717548035,0.046762151893352595,2.9507381022731,0,0,0
search07,gauss,0.5217301506471238,9.415424206576063,20.50159954976518,8.97237382643848,3.098758787519991,1,1,1
search07,gauss,0.9027752449201267,0.25436976932530797,0.27024296027779765,0.2356022582442845,3.1593152053879243,0,0,0
search07,gauss,0.894189569314894,0.21632864055254686,0.2461259913171408,0.23288855195516805,2.8577868146493604,0,0,0
search07,gauss,0.6562903119848554,3.7344092620479046,6.820467570717319,3.5330862737484514,3.1139643771482874,0,1,0
search07,gauss,0.8577601486206414,0.4480027307141654,0.4550259032072345,0.4292413416562382,3.0874165055282696,0,0,0
search07,gauss,0.6990525310216257,2.46980587105503,5.3554594113035465,2.511589414904575,2.9667274088658058,0,1,0
search07,gauss,0.830496806038391,0.6950992397484583,0.8469080245882683,0.7293630161100493,2.9060446564885294,0,0,0
search07,gauss,0.5765253964323817,8.21606355646054,21.33241091400751,8.378094680659872,2.9613202928887,1,1,1
search07,gauss,0.83531518401189,0.5898490145523851,0.6187302254155258,0.5503708737732671,3.1434601381009184,0,0,0
search07,gauss,0.5598455273815484,6.080249059546986,10.941917420404803,5.897341105612003,3.0620306509864,1,1,1
search07,gauss,0.5849496972973713,6.608461237188578,19.07891960997149,6.449898334061091,3.049167566654543,1,1,1
search07,gauss,0.8461840133829321,0.4451087236005833,0.44962193226917596,0.4214947183427512,3.112048878575174,0,0,0
search07,gauss,0.8472093997800253,0.7648701807249836,1.0605893503752213,0.7248673493755636,3.110372832722788,0,0,0
search07,gauss,0.5888183235967236,6.445909816972289,17.408029880167607,6.59706154338183,2.9541760447691514,1,1,1
search07,gauss,0.5825732527999872,6.820141816885439,13.136210479607854,6.420062322786982,3.1246341465186216,1,1,1
search07,gauss,0.6603857896245233,4.143242446710303,9.134260440250545,4.295297869701901,2.9291991253672234,1,1,1
search07,gauss,0.6214943890645441,4.7666916577402105,8.541304234187834,4.745436987286574,3.0089579402320923,1,1,1
search07,gauss,0.9682722166763817,0.01839435307203985,0.015992799801842126,0.016797940508931523,3.1900724153963407,0,0,0
search07,gauss,0.7904358728927365,1.0313043698380397,1.3647265615640394,1.01936907823908,3.0234170171604133,0,0,0
search07,gauss,0.745124129185367,1.5502398663151098,2.6213007001849724,1.5683914178625822,2.976853288865595,0,0,0
search07,gauss,0.9273260525197069,0.0857048355533152,0.08539429963369435,0.08612425732182781,2.990260078134658,0,0,0
search07,gauss,0.5722023702938207,5.821307241472823,8.119875959170603,5.702074716222988,3.0418207516329474,1,1,1
search07,gauss,0.6374821887150446,4.000658728755525,9.399311720684135,3.779976960295479,3.1167635521475745,1,1,0
search07,gauss,0.47566725916427804,10.033061139634071,18.405220983989455,9.213692403064137,3.1778589301065536,1,1,1
search07,gauss,0.6842995447613627,3.6127281447934365,6.740112370579108,3.7120474463706246,2.946488129253684,0,1,0
search07,gauss,0.9830145041946519,0.005836118383740541,0.00596067625711344,0.0059967026263356114,2.946442485945581,0,0,0
search07,gauss,0.6386308784857938,4.118168812222166,8.162652227415625,4.472299211208216,2.8416338521812006,1,1,1
search07,gauss,0.7785437434788011,1.1463225891088769,1.3061309205731262,1.1692012942612766,2.9608643862015995,0,0,0
search07,gauss,0.58597432032776,4.152310870859438,6.906956075102307,4.267852811091325,2.945854768031542,1,1,1
search07,gauss,0.8933362891201199,0.2988449292156474,0.40591684131920214,0.3010689838698646,2.985225614238772,0,0,0
search07,gauss,0.6545047386528996,3.3182132180613735,6.619044364497477,3.312301491682727,3.0035695581416673,0,1,0
search07,gauss,0.7624140302276771,1.1927839878322857,1.5754505147038436,1.2530514758127995,2.9038068441020415,0,0,0
search07,gauss,0.734622044572381,2.072910128052399,3.9183453237242425,2.0093606463805984,3.063253435152391,0,1,0
search07,gauss,0.6222386992024032,4.983164883683912,10.6913934556841,5.147096376788831,2.9363013702855154,1,1,1
search07,gauss,1.0650701890240002,0.05639735803720214,0.03107217665483884,0.0540317105621239,3.0875651520363507,0,0,0
search07,gauss,1.0499738931320832,0.03639122428438668,0.030282347762836802,0.03875601777666265,2.877965094045346,0,0,0
search07,gauss,0.705090302817285,2.399172511220513,3.6542349873352555,2.39148995335367,3.006424913352506,0,0,0
search07,gauss,0.5432356988614262,8.677619140779825,18.889047764274803,8.88721697743018,2.952831614850263,1,1,1
search07,gauss,1.0448858783677086,0.030942939312637918,0.02972352572450837,0.029844111918555856,3.0736378014585086,0,0,0
search07,gauss,0.6550204435442877,3.374362986939701,4.955836453592743,3.3049929588500215,3.0419789264022015,0,1,0
search07,gauss,0.9647456802456129,0.039759837998616376,0.059077839865078044,0.03691231485147117,3.1542858072490523,0,0,0
search07,gauss,1.7754099973839013,4.826114904379978,2.98906064139414,5.019134313442177,2.923086573497243,1,0,1
search07,gauss,0.6157355876710375,4.346555375027435,7.928882533456858,4.337959327911168,3.0039631755240115,1,1,1
figarch,gauss,0.12152203599808234,53.89492393676346,291.3255124289369,54.3153477772269,2.984519151301846,1,1,1
figarch,gauss,0.1383545304725282,45.939998103762775,161.34653870868092,45.30884636322208,3.0278599784016134,1,1,1
figarch,gauss,0.10077958275298146,44.977271831762266,164.97560314843747,47.12355405909872,2.9089083041298305,1,1,1
figarch,gauss,0.04531842630198212,87.33460310999357,440.99908821086564,87.99518188177339,2.9849860240605595,1,1,1
figarch,gauss,0.0021233536031902926,66.96632042064005,46320.26112542437,67.87966898443916,2.973089186277308,1,1,1
figarch,gauss,0.04277329923158693,57.59381606632223,284.59235247658086,58.59582626835069,2.9657992636731647,1,1,1
figarch,gauss,0.06558292159290341,62.58123271849399,256.67827349350625,64.45558310294297,2.9418405576610667,1,1,1
figarch,gauss,0.05255661866026364,69.68862631778768,302.93571721210884,72.26122009163076,2.9287973889568732,1,1,1
figarch,gauss,0.04890646051148888,65.33746874788267,257.7814354178582,63.073159406222075,3.071799458374277,1,1,1
figarch,gauss,0.09195849812399812,38.10028812242001,179.08840987630015,35.03457801380209,3.175010534301864,1,1,1
figarch,gauss,0.002874558338514774,59.2900812927694,67413.33048061655,59.57186424169122,2.9905397303741044,1,1,1
figarch,gauss,0.03581917741447273,66.75354713190973,296.3804964520069,71.46764053479663,2.86807754201451,1,1,1
figarch,gauss,0.022962283971344966,85.81534873096211,438.7032709827647,83.04165702412658,3.066802417153831,1,1,1
figarch,gauss,0.15326769425780043,22.62436883824006,58.2766909693955,22.945960835655256,2.971969620298882,1,1,1
figarch,gauss,0.0007179035950606301,27.841190117258236,29923206.38266544,29.331819455410447,2.8983609359509233,1,1,1
figarch,gauss,0.0010036095588213982,87.11603997580266,316995927.89822197,85.46986445232079,3.0385206068602155,1,1,1
figarch,gauss,0.049284543157552235,53.55950640115259,193.46450444361565,54.83995756757674,2.953302255391197,1,1,1
figarch,gauss,0.0018016103829725906,37.521224324851914,29596508.412600648,39.64702822996074,2.892763518477161,1,1,1
figarch,gauss,0.13771000897254088,36.62964122005201,172.94497458491247,36.4195719603772,3.011536064174689,1,1,1
figarch,gauss,0.05131944946930755,49.836851701487205,245.0194179264193,49.96137401980629,2.995015256455128,1,1,1
figarch,gauss,0.12293096030854843,42.63512655858983,169.05817796576576,44.67305041107803,2.9087627178473205,1,1,1
figarch,gauss,0.0007221766172607183,80.60069332495522,457368575.74878186,75.41201250227815,3.137608867619607,1,1,1
figarch,gauss,0.0856729760433085,58.77044948307537,343.88251514366544,57.21168314271597,3.0544911897267912,1,1,1
figarch,gauss,0.0006476247122172673,98.41332716242641,22214039.29362312,98.85672245666555,2.991029536824195,1,1,1
figarch,gauss,0.06135619213094133,64.00686004589033,204.39584224491648,62.09239599711914,3.0616650080264263,1,1,1
figarch,gauss,0.039184048117754604,33.15037484710393,190.59734443034264,30.94109616855005,3.1428054563108527,1,1,1
figarch,gauss,0.0652701076629709,58.85654628185489,350.4846852622261,60.7438665473144,2.937859725673227,1,1,1
figarch,gauss,0.04466820751840008,39.12093792755684,172.36904525154935,37.759448961520015,3.072113815401506,1,1,1
figarch,gauss,0.17331086410044869,22.501956069081643,82.27920576055509,23.822276613759964,2.8891524461674924,1,1,1
figarch,gauss,0.0014920093137568314,94.14602528823207,396140417.6545153,90.86281832159013,3.072267337229662,1,1,1
figarch,gauss,0.04415578630266685,49.86978412126291,191.62509994884297,52.112003794027004,2.913946134881841,1,1,1
figarch,gauss,0.023249526058229445,90.30857528910394,483.87878349100595,85.82203457040833,3.104554517756506,1,1,1
figarch,gauss,0.03097734107419944,48.679800488129445,329.26430834722845,50.914979667006115,2.9121995454581273,1,1,1
figarch,gauss,0.07718754942592558,80.8562506047092,416.2157641863503,83.00942505133574,2.9481221693730575,1,1,1
figarch,gauss,0.0007598843223265429,83.61241196138997,157071.87271907672,85.23088424163967,2.96202145983465,1,1,1
figarch,gauss,0.07744427800519138,59.075539826476756,325.6819145623213,61.75559234523372,2.9132045401240876,1,1,1
figarch,gauss,0.06464463504073725,37.756225915907805,220.48239845836358,39.10183784992865,2.931173980149718,1,1,1
figarch,gauss,0.05646316173531969,45.557512720968646,151.34631688270167,47.04165775544913,2.9369008191762305,1,1,1
figarch,gauss,0.07351820787119605,49.61088725947957,250.31920723373685,46.53585671857172,3.1321574698626167,1,1,1
figarch,gauss,0.10600191256013698,26.68392406773745,99.95823637295567,26.39430775426637,3.02194536156564,1,1,1
figarch,gauss,0.0031619616396873665,79.21998577781824,5913.343894749326,84.10631384582885,2.8838059155233577,1,1,1
figarch,gauss,0.04409929971811041,60.74476657975879,280.2280088207392,61.52410757493088,2.9746655083384046,1,1,1
figarch,gauss,0.08023226652340015,49.34937779176357,252.13313163839112,48.60950904820865,3.030441317266593,1,1,1
figarch,gauss,0.14397237880226707,54.34446378551456,231.26584624790266,52.99775809704852,3.050821232324582,1,1,1
figarch,gauss,0.10422606186080535,46.71237425124673,197.53275055946307,47.56546218431522,2.964129942445937,1,1,1
figarch,gauss,0.046212129529669306,33.40871534541145,138.20226842483953,32.44415444472611,3.0594597650759323,1,1,1
figarch,gauss,0.11624007324330184,50.21027137123224,226.1013319107894,48.418893751111604,3.0739949834182037,1,1,1
figarch,gauss,0.04498049229821858,43.573603742486284,213.46957928571456,46.21688967867723,2.885613854390965,1,1,1
figarch,gauss,0.012376179219150437,48.26261186113953,402.58955413211635,47.98690509799197,3.011490916640052,1,1,1
figarch,gauss,0.026402037729036137,66.44430489028264,336.6575816644943,66.55756348629718,2.9965966724116075,1,1,1
figarch,gauss,0.07405201524696532,37.554686084201194,130.34315760924218,38.58821852189562,2.946432746714753,1,1,1
figarch,gauss,0.0320778394858876,53.164694031750116,246.97564070114868,52.697629410435766,3.0177262099468125,1,1,1
figarch,gauss,0.022120175991187936,40.206928436159956,189.86189290052374,40.391648159598326,2.9908535684056026,1,1,1
figarch,gauss,0.10056364429869027,58.565208784088554,217.80124221458237,55.02232014284438,3.1287800526057943,1,1,1
figarch,gauss,0.05849571157626485,49.61700750465383,209.73430230269247,50.52870279444687,2.963913766260659,1,1,1
figarch,gauss,0.08857743172447596,88.95294599293948,400.4754098273473,90.35322487561226,2.969004340805754,1,1,1
figarch,gauss,0.08205259150279784,32.205833770052436,154.24820768137536,34.19896792383386,2.883438929606272,1,1,1
figarch,gauss,0.044535024140664535,40.503446262146156,250.66620740953832,41.5648962663695,2.9489256512312205,1,1,1
figarch,gauss,0.001211782754610037,47.0732563245524,1326052.6537517128,44.496081333709796,3.115838290186249,1,1,1
figarch,gauss,0.0357587504001577,70.06003074774299,291.2678086331843,73.97980431337885,2.894031253474754,1,1,1
figarch,gauss,0.0028140446263245486,65.91420911427713,1645115.9447955207,63.19722670118752,3.0859842292110757,1,1,1
figarch,gauss,0.06686872859789032,85.50506081621575,312.72647810312543,83.19221497343493,3.055602458559839,1,1,1
figarch,gauss,0.11472086232425051,37.43948152453663,206.73472201429783,37.37446359285029,3.0034792703592825,1,1,1
figarch,gauss,0.18171079178768781,21.595824947306937,100.32387578834548,22.512780144097356,2.9185391416856317,1,1,1
figarch,gauss,0.0037017664571810448,71.1448822733762,3046.8246799156577,66.65875572289731,3.1345997686823877,1,1,1
figarch,gauss,0.09748523100884832,52.227202098684074,197.60289647604534,53.450619003965656,2.954222535563496,1,1,1
figarch,gauss,0.14011065799080502,37.74404482157473,163.14276457145766,38.98164586679414,2.9365033970372383,1,1,1
figarch,gauss,0.14864327895249796,37.83178359025618,225.03630632233399,37.147134228271376,3.0368614901907423,1,1,1
figarch,gauss,0.04066336753069924,63.00479352506386,227.08307060895328,63.72410281224084,2.9774242631772667,1,1,1
figarch,gauss,0.0516517560627342,56.42456549395581,282.69843037094364,56.48702077080376,2.9977886857548617,1,1,1
figarch,gauss,0.15398342119148475,44.975977284039686,160.25328280493952,42.41959855714788,3.1205281904517714,1,1,1
figarch,gauss,0.09424474155384609,30.9944050576664,103.99659398428133,32.8405950267721,2.887566594478531,1,1,1
figarch,gauss,0.03374717932735508,35.13420062736611,201.67202296031576,34.06035190300579,3.063055644722541,1,1,1
figarch,gauss,0.2948484403287958,9.14036302290586,13.610411257640916,9.340624879517005,2.957120244267533,1,1,1
figarch,gauss,0.0038767976871516394,52.596373732736055,1353.176677356653,57.413992619262864,2.8321796249748896,1,1,1
figarch,gauss,0.001678274410229752,48.26889085898608,48937022.04150059,49.42451488612744,2.953236808502668,1,1,1
figarch,gauss,0.03280264415316853,80.06614763544917,420.69890957193405,79.66385222469982,3.0100998231824048,1,1,1
figarch,gauss,0.03730985368478882,37.85620453766683,128.60012931034882,37.308736470626556,3.0293479822063283,1,1,1
figarch,gauss,0.037153133298782066,69.71683860654912,275.6220300283051,67.14436338508041,3.0766252025271363,1,1,1
figarch,gauss,0.0013515614749871224,62.557509581384465,268939369.89653146,62.29028312922871,3.0085800365235573,1,1,1
figarch,gauss,0.04377500497507321,53.51904444010063,299.4296373458921,52.75266880942043,3.029055425933004,1,1,1
figarch,gauss,0.0009859673245989418,54.99128006156354,11162130.116512513,52.42928153350306,3.097731590177269,1,1,1
figarch,gauss,0.001499218299206435,64.73847337942175,134884242.162041,63.021930516599,3.0544744614692703,1,1,1
figarch,gauss,0.0397841706260038,80.47621457831133,346.43341677142496,76.808746933579,3.0954960936390172,1,1,1
figarch,gauss,0.004174775491168442,38.564383011235236,6700.8362346244,37.59695151212122,3.0514632947728284,1,1,1
figarch,gauss,0.07784725760701483,38.69416973365088,189.63197948087065,43.2009530076131,2.791357228940389,1,1,1
figarch,gauss,0.1745758169563882,43.86310468350621,158.96642437989354,47.78328727009245,2.8359182546639112,1,1,1
figarch,gauss,0.1556434142412219,24.01108545820341,48.28901252159825,23.3800453699725,3.0539810832909136,1,1,1
figarch,gauss,0.1133571545437113,58.009737754524394,313.0421223723872,55.53518003335394,3.089116762372401,1,1,1
figarch,gauss,0.05285487599873325,62.33348072124363,265.39131278778393,62.26033116534022,3.002349796556949,1,1,1
figarch,gauss,0.10168755713104723,52.61536923769927,278.5931130456676,54.99045634423505,2.9136182070696792,1,1,1
figarch,gauss,0.07795054238447309,72.80314758774932,369.4121844698522,74.04939053009858,2.966340224182056,1,1,1
figarch,gauss,0.002294367989191682,73.6291878892277,421658.61068667157,75.25896258436106,2.9566888875645483,1,1,1
figarch,gauss,0.035399657815359524,47.78355702846636,235.97720489065202,44.90466894625014,3.1282222160756685,1,1,1
figarch,gauss,0.019372428875609644,66.63296173756328,269.29385574320935,58.507990931116865,3.2777388413836386,1,1,1
figarch,gauss,0.001218150432793281,97.39743617974591,213312.3531103143,98.73646848025736,2.9728766418098256,1,1,1
figarch,gauss,0.0629913666815463,30.354712804919018,124.70874582588695,31.385966072834126,2.9342857081077582,1,1,1
figarch,gauss,0.05826968844971755,29.428428815149005,141.92714062921897,30.07507382031217,2.956997943943437,1,1,1
figarch,gauss,0.02730951936999568,76.59670167925356,370.86563897817535,82.7168248424492,2.8520222899064938,1,1,1
figarch,gauss,0.030758614906781674,81.14278912043164,2048.13688728538,83.89092018706636,2.9344832298774,1,1,1
figarch,gauss,0.04586558303539499,72.512090498205,377.5172160438609,72.08505092392029,3.0118482145413314,1,1,1
figarch,gauss,0.0009381706408929973,45.98041296491613,505370032.065347,43.885684326722284,3.095462958836367,1,1,1
figarch,gauss,0.011491505091020442,47.441603407496814,173.39636591813178,44.571475794267094,3.1287876410679174,1,1,1
figarch,gauss,0.029763027632315208,55.12411647039767,297.02566635027233,52.6085544024153,3.0956331948884297,1,1,1
figarch,gauss,0.08337640877342704,49.38009363835897,257.9510679185447,48.333361870385936,3.0433130131018,1,1,1
figarch,gauss,0.056691859653243096,41.72331650183446,185.7623691962363,43.463807242082154,2.9199108016215143,1,1,1
figarch,gauss,0.06449326334007077,25.439040852143563,217.84400328770164,27.425842833806964,2.8551146089691484,1,1,1
figarch,gauss,0.1251836334536547,61.99918578061488,215.32309355916794,62.97873668793622,2.968892646666602,1,1,1
figarch,gauss,0.07363230131132985,74.88427416385684,405.5255390338782,75.6234844131368,2.980450246242514,1,1,1
figarch,gauss,0.000723560148713308,69.65980478155689,217775713.863248,73.9614943483972,2.8836775918405024,1,1,1
figarch,gauss,0.03583013245518322,48.84735745386695,233.832060485681,51.23417626771679,2.9068270834929457,1,1,1
figarch,gauss,0.0015315439202855242,57.847584546069015,79639329.30711444,60.62212817550932,2.9084643276987037,1,1,1
figarch,gauss,0.001013008400488906,52.16170372367304,2114309.98795639,54.61121977407036,2.91029257136057,1,1,1
figarch,gauss,0.002184806760275164,93.70668459002468,35676.07780024082,91.01489590521747,3.059150508453263,1,1,1
figarch,gauss,0.07252125919894539,57.686338377716766,200.26738245884434,59.0908453218595,2.9524627905898932,1,1,1
figarch,gauss,0.038395711640069795,49.91772339247086,309.25863575175674,49.27986567844383,3.025887153109918,1,1,1
figarch,gauss,0.10596677707015487,71.55401723451678,266.5130312058678,73.03053428612759,2.9595643913592102,1,1,1
figarch,gauss,0.1937588784205021,26.78051242321618,88.57400415310364,27.29247116259289,2.9624835188923164,1,1,1
figarch,gauss,0.024901332664465155,60.5131030444561,271.4293494782261,59.60422803139124,3.03049699805142,1,1,1
figarch,gauss,0.04702237501961103,35.73394976685228,208.46141620739112,34.65920287796964,3.0620179807750727,1,1,1
figarch,gauss,0.001335828459805637,91.16521381394489,316727531.8920685,88.68372631652427,3.055962634870886,1,1,1
figarch,gauss,0.009691969823061843,74.4159960933273,156.05243063833083,77.29823923230438,2.925425386978995,1,1,1
figarch,gauss,0.03450877792215522,56.524592054573816,200.02960682539307,54.15028420981699,3.087693273614486,1,1,1
figarch,gauss,0.2117576602470934,25.502159338782917,78.94083572550342,26.071135533675182,2.9563520204820124,1,1,1
figarch,gauss,0.12647079856952198,36.366886614732266,148.13287396958398,34.45397556651958,3.11104152811158,1,1,1
figarch,gauss,0.0012737777360901457,47.33058404274078,1142696.7009055074,48.13588991665269,2.966540314293294,1,1,1
figarch,gauss,0.060022517136818526,47.91823576011279,217.1549765256828,49.139431166649786,2.9502967218975136,1,1,1
figarch,gauss,0.0645052194538684,73.63565326231833,300.32973810261063,75.8671854166355,2.9411726653081334,1,1,1
figarch,gauss,0.0005732256853794326,75.48883759937235,1881519369.9491327,76.93147040868025,2.9624956392580497,1,1,1
figarch,gauss,0.04793734957525914,66.14178901757788,397.24655970935,70.82078009712676,2.8678638932490745,1,1,1
figarch,gauss,0.13623941179181662,28.461856547823686,146.61440549350615,29.533369751499524,2.9274371185752392,1,1,1
figarch,gauss,0.07713172261537943,90.88548768824512,10199.905903007806,93.84081893801665,2.9370139501505506,1,1,1
figarch,gauss,0.009927846430939651,54.470068621569226,4223.325350137969,56.44020629777843,2.930186730154218,1,1,1
figarch,gauss,0.06000930689686276,72.063969163926,274.68933542024547,63.87693135541511,3.2563378557732436,1,1,1
figarch,gauss,0.043671876764316477,50.61845419969984,243.43845556084435,50.97666718216979,2.985946002268456,1,1,1
figarch,gauss,0.02096936871654245,35.76130686915474,190.4129999529568,35.17384938015662,3.0334030820823115,1,1,1
figarch,gauss,0.12345801501162322,50.32452774317932,245.08836980557646,49.31609314753245,3.0408967755264014,1,1,1
figarch,gauss,0.05145318973742056,54.179922446426644,275.6968287148465,52.32388698697887,3.0709440970969784,1,1,1
figarch,gauss,0.03143681422048175,50.43736252193162,308.0659498882887,55.738463095036934,2.8097866256532167,1,1,1
figarch,gauss,0.014072577602321591,69.84774581952615,367.13190993335087,69.72040952751533,3.0036527694795185,1,1,1
figarch,gauss,0.07109610280689861,48.55616934651022,196.97842670775123,47.32537078823926,3.052014322878874,1,1,1
figarch,gauss,0.0008661605742884552,74.64019679249338,743708149.27042,73.67800251425058,3.0261189023971355,1,1,1
figarch,gauss,0.04230013584271923,67.12231339028176,380.4156474287423,69.01381297187548,2.9451848984966373,1,1,1
figarch,gauss,0.1269087363919884,38.78460745684936,183.55666510236546,39.18677133736021,2.979474508014523,1,1,1
figarch,gauss,0.06279116717258923,46.17744845170404,260.86079679577864,50.14588139575005,2.8417244713388428,1,1,1
figarch,gauss,0.12964584942369103,47.4430875799585,220.87719372870797,46.56830982534359,3.037569658761325,1,1,1
figarch,gauss,0.16854982776594826,26.642310479830257,85.82683267782828,26.808472011500793,2.987603804379507,1,1,1
figarch,gauss,0.03036838082760283,84.01147608762221,389.23665474426593,86.06253200964136,2.9523356825757956,1,1,1
figarch,gauss,0.012007649653701252,81.92449465015125,0.11910968615886054,82.99747834447301,2.974144185685535,1,0,1
figarch,gauss,0.0013740336269564685,107.23579654963987,2115053.460734324,97.2755605986514,3.2047839331830397,1,1,1
figarch,gauss,0.04676615370774427,61.13499529036608,289.92675864657315,62.027660712092825,2.971217182415757,1,1,1
figarch,gauss,0.03311818676290907,28.056393708409132,134.61467266362993,29.056811556142996,2.931140562631872,1,1,1
figarch,gauss,0.14980199473090594,30.06638600885097,52.37058206584073,28.93046917353636,3.0785273704688945,1,1,1
figarch,gauss,0.030952298888757217,57.5996600484321,360.50871812804104,59.71784682587974,2.9290601758089614,1,1,1
figarch,gauss,0.004235023879291359,45.5305296270551,1602.6057272601333,44.85734191796162,3.0300146054273416,1,1,1
figarch,gauss,0.020061921505219116,69.13966739499892,398.15375648258447,66.20051331722237,3.0887955071796074,1,1,1
figarch,gauss,0.06408818587214896,74.82056066672476,285.2009280184794,71.1256278942995,3.1038987740935333,1,1,1
figarch,gauss,0.011358241465446315,67.86931391757253,475.8278637528343,70.11580175622734,2.9359206403582117,1,1,1
figarch,gauss,0.048486183127895516,54.33048556376298,270.7678469067301,51.35318383460024,3.1159539295071603,1,1,1
figarch,gauss,0.11901836322097273,33.62024560852342,143.62143465434093,35.64963425689542,2.886148136401738,1,1,1
figarch,gauss,0.12118577555841609,41.72099227823537,144.32805347765412,42.42561383014621,2.9667832006046235,1,1,1
figarch,gauss,0.014329667684362946,63.79081215446804,377.2393603379421,66.58072944091298,2.916194451161102,1,1,1
figarch,gauss,0.05895011723810276,71.48109758021337,376.7474007851347,66.87577223242401,3.137727765797866,1,1,1
figarch,gauss,0.03701970830017634,40.809884917393674,186.97683424111892,39.55511480795825,3.0634441394255782,1,1,1
figarch,gauss,0.20545037733102542,11.448647982734997,39.4719484787733,11.752947295037211,2.948217361200844,1,1,1
figarch,gauss,0.015315544933770422,80.84262588538013,946.3392837337657,82.01906771071623,2.9713129676263708,1,1,1
figarch,gauss,0.0010723208560990854,50.61236555631615,1421933.3808952156,50.700530489154396,2.9965221297691507,1,1,1
figarch,gauss,0.192936629266206,19.061509326065107,57.742994049287724,18.825867480554503,3.025033836635045,1,1,1
figarch,gauss,0.15848376269366624,45.73618262760283,178.81303706092515,46.77243674070582,2.9556895391682194,1,1,1
figarch,gauss,0.055206027943768735,30.88717225295551,163.44605827048414,30.51270863913312,3.0245447638392964,1,1,1
figarch,gauss,0.03934339224672046,36.063687313412856,217.59427698820096,35.20347354609586,3.0488709596336068,1,1,1
figarch,gauss,0.04632845251249746,51.00463914791726,244.6051530788058,51.61179609296407,2.9764721636909055,1,1,1
figarch,gauss,0.007959723534467724,91.5145877035975,91.6619855778926,97.4508844402268,2.878168437962809,1,1,1
figarch,gauss,0.049624932500859295,69.0372593699608,420.9618689390046,69.79990396866879,2.978147689170165,1,1,1
figarch,gauss,0.03936170886401817,80.19170893990895,412.46447699272244,78.20154441647958,3.050898343204843,1,1,1
figarch,gauss,0.06814469797835798,53.47223598589267,270.8467476213321,52.88266214854979,3.0222974341074864,1,1,1
figarch,gauss,0.0007983114296758108,62.101254927241825,727448086.064762,63.80742548585102,2.946521253737544,1,1,1
figarch,gauss,0.04563314721820256,60.80557962757621,323.4491516176214,62.795287673106124,2.9366287465426466,1,1,1
figarch,gauss,0.11022205140526205,54.47176377942924,265.33250827772105,53.26058348411512,3.0454813002818626,1,1,1
figarch,gauss,0.05575143679790319,46.415422132174626,278.26943675100495,48.01343124361363,2.9334349131045885,1,1,1
figarch,gauss,0.003644338599231056,67.32095424164118,246608.57836970955,69.29496662397624,2.943025807543948,1,1,1
figarch,gauss,0.0008900402510369147,68.14222743079074,736305883.3691809,67.35201347523834,3.023465191752372,1,1,1
figarch,gauss,0.0806233953173429,50.50893305829038,264.2998272015285,46.7485553245782,3.160876746141293,1,1,1
figarch,gauss,0.0017494277534739519,111.8392543581449,245323.42103311192,109.15529995714725,3.049176804095657,1,1,1
figarch,gauss,0.20270492560424858,18.12117978961934,51.466887699084886,18.468603483550506,2.9623768311187573,1,1,1
figarch,gauss,0.001395435534012271,61.74468608210432,35071457.171599455,67.7669068354155,2.8222666184857084,1,1,1
figarch,gauss,0.14675878831540762,20.005485531366503,42.94683241245296,19.913445326732617,3.009244026146528,1,1,1
figarch,gauss,0.10383424115230229,66.59773373938265,353.80246627814034,68.75055256280588,2.9373730466687795,1,1,1
figarch,gauss,0.0018677996469751534,59.926547996671616,50378.95076933247,60.223901541349385,2.990125065395386,1,1,1
figarch,gauss,0.0015323506207166643,65.78622965406691,378642.97133843065,66.00931557713754,2.9932407745446192,1,1,1
figarch,gauss,0.002789532449099344,59.97728134714748,8004328.4557711845,60.16691985993251,2.9936962532492437,1,1,1
figarch,gauss,0.15511539178299236,38.23794180852077,119.7118628403874,35.32747086252756,3.1647709770857326,1,1,1
figarch,gauss,0.1412995597474519,31.019847002657343,117.25390419344612,30.876037067178295,3.009315310456854,1,1,1
figarch,gauss,0.18390296851367544,43.91482956288246,166.08117401323244,41.50644310650837,3.1160487999510824,1,1,1
figarch,gauss,0.035958693160375726,45.947646830505846,257.82930631152357,49.98515141401997,2.838451841424985,1,1,1
figarch,gauss,0.05656996457781271,47.222396593178246,228.6527932776819,45.68122254886867,3.0674751663075948,1,1,1
figarch,gauss,0.2184011529622568,26.742901337612864,97.42700966545941,27.36764780302355,2.954344160674147,1,1,1
figarch,gauss,0.021881811872805138,40.67753017732707,266.87680798543954,40.43579764033653,3.011956362980183,1,1,1
figarch,gauss,0.07131963243655116,36.39487552460142,238.11285501170985,39.578272379543726,2.8391341176080407,1,1,1
figarch,gauss,0.09447127169117275,58.24689659320808,277.08334032381515,59.59237725355516,2.954843866871687,1,1,1
figarch,gauss,0.1123252537641145,41.732123943225474,159.59063630004096,41.88931761908951,2.9924948084715326,1,1,1
figarch,gauss,0.057828254735203345,40.757155710473114,171.4767410201234,41.232995963735036,2.9769194431721417,1,1,1
figarch,gauss,0.09641126935381908,27.66182056324959,82.344892387601,28.12612117408382,2.9669843838074588,1,1,1
figarch,gauss,0.1027625497724527,54.7983175642496,260.0130550070613,55.103067919065275,2.9889388970043087,1,1,1
figarch,gauss,0.0019081234395773798,72.86377686656851,157440.77606895918,74.58396343663746,2.9538724816754924,1,1,1
figarch,gauss,0.10129647186094397,47.84357926609175,176.84498294449267,47.72460451037706,3.004985887549422,1,1,1
figarch,gauss,0.053631845824939336,52.10348517305488,228.50416791468786,55.16717416622152,2.888930725944541,1,1,1
figarch,gauss,0.0012730007659775995,72.57862469501413,179322850.90416506,76.3070085233501,2.9022793869007435,1,1,1
figarch,gauss,0.09332771244540902,49.82648226724666,169.19844251717427,50.027314120207784,2.991971111921837,1,1,1
figarch,gauss,0.011192634948809524,79.5933020623263,435.440679110316,78.22393765629965,3.035011390299562,1,1,1
figarch,gauss,0.0009589358531522311,33.69147284442806,32406.622492559974,35.20241307799617,2.9141570079175882,1,1,1
figarch,gauss,0.10004369988658114,42.86403826763572,196.75495789105582,42.960197514641536,2.9955233331051123,1,1,1
figarch,gauss,0.06219650787549832,53.393573962294795,322.2707916977587,55.90535762365533,2.910141576116214,1,1,1
figarch,gauss,0.05531237401171281,58.36346097720502,276.07461211831236,59.58218448330953,2.9590910096139256,1,1,1
figarch,gauss,0.15719044288281936,29.311272550380124,69.08978512303942,28.684412147950773,3.04370739056433,1,1,1
figarch,gauss,0.08992385691563558,38.87587487158984,165.6461178896032,35.389745405634066,3.1970135374526194,1,1,1
figarch,gauss,0.02291227528850487,82.16379412730294,355.72475539349244,75.18515662076994,3.1856387037067138,1,1,1
figarch,gauss,0.07938139674408874,64.13329835963168,258.01137445397416,63.43924909048528,3.0218807529753846,1,1,1
figarch,gauss,0.03693901917750128,54.27795455081991,228.49144827390774,54.96257811845365,2.97508764722942,1,1,1
figarch,gauss,0.001185809998503466,74.9694046786546,1176726.1088056578,75.02052175445112,2.9986372508588026,1,1,1
figarch,gauss,0.0016494969240653861,64.68725297201354,349779.90056524205,64.14764897711824,3.0168238120492235,1,1,1
figarch,gauss,0.058065153632170796,43.63449974636069,258.04701836596206,44.49904986256993,2.9611429853500555,1,1,1
figarch,gauss,0.13007564270470687,35.09097385291727,209.24840978358807,37.4394561479437,2.874545063595673,1,1,1
figarch,gauss,0.042311574822896325,58.69432818313817,319.10082172783507,55.7032924961497,3.107391701745286,1,1,1
figarch,gauss,0.02517663428412607,54.08457616766728,316.0430081969872,52.531170390347974,3.059142248907697,1,1,1
figarch,gauss,0.07702665144677324,52.21267096471661,203.19643227592238,52.895821160676846,2.9741699748309003,1,1,1
figarch,gauss,0.01833473497146992,44.80702605401615,120.8111826268641,47.26816691130531,2.8958647640426896,1,1,1
figarch,gauss,0.072016266892748,43.65307279864089,147.74108116623736,40.0349806434102,3.1807465420031984,1,1,1
figarch,gauss,0.09714517474835005,33.86119817813426,116.67798925011219,35.93718672841781,2.88446571703166,1,1,1
figarch,gauss,0.04399741315882154,44.598116521846976,264.79636031424764,44.04928361319956,3.0249190390230525,1,1,1
figarch,gauss,0.08306628602832856,44.63859310636849,187.69290880186372,46.301004929987,2.9281911126493996,1,1,1
figarch,gauss,0.05007538022774181,93.11443463827891,477.81036930838883,97.83511864576147,2.9034971475922653,1,1,1
figarch,gauss,0.10122978579453423,51.3523388014205,354.39911580958994,55.755541704897034,2.8420532643452088,1,1,1
figarch,gauss,0.09325179559367813,43.55937001697902,243.34440476171017,43.203176542864774,3.0164892261457137,1,1,1
figarch,gauss,0.07120596489102307,45.7372063359619,247.23722816642385,45.77643272473401,2.998286175377274,1,1,1
figarch,gauss,0.05143945791176543,69.45544018140356,246.64202185913408,70.26828625397808,2.9768644970325147,1,1,1
figarch,gauss,0.0517128155129051,69.23757114667092,316.49316325086176,68.00150118415144,3.036354196333759,1,1,1
figarch,gauss,0.12841614131198112,51.44192647582986,224.8656522421163,53.10934744449953,2.937208003905069,1,1,1
figarch,gauss,0.04613434341083177,78.59311499090285,330.99046485514515,76.13166316590815,3.0646630251497498,1,1,1
figarch,gauss,0.025908563925341216,100.30901492705425,306.28894699242994,94.17696700138106,3.130223941605239,1,1,1
figarch,gauss,0.09623574757276235,50.84948259182363,208.0269410426411,51.443263600393074,2.9769151112502548,1,1,1
figarch,gauss,0.12424298818468442,27.301744046286046,109.48041826003549,26.7031995424383,3.044829422249308,1,1,1
figarch,gauss,0.022467404783176163,73.95952613360168,395.6402550536674,74.2349113631571,2.9925807083352405,1,1,1
figarch,gauss,0.08886100814346463,54.28640398816333,265.03090051220465,54.041714933175335,3.009055562181569,1,1,1
figarch,gauss,0.0012975233502796545,115.88651573405923,1602581.0799011872,113.33903260868097,3.044953323965166,1,1,1
figarch,gauss,0.03429379628325311,67.2316917792482,254.67522302635265,66.94544278432691,3.008551709661357,1,1,1
figarch,gauss,0.03295234061342502,100.14542763142344,345231.2975016005,92.17583954917343,3.1729214102356713,1,1,1
figarch,gauss,0.09618719358228629,33.13114670733546,141.64012626732963,32.33804478923094,3.0490507031747716,1,1,1
figarch,gauss,0.0516029164672336,40.056887106538284,244.0851850435366,41.802332919171555,2.9164905070725005,1,1,1
figarch,gauss,0.030277467186816148,35.471469160830225,223.76750488427422,34.86182601575009,3.0349748257480664,1,1,1
figarch,gauss,0.10451598455193793,61.11521692057613,252.85490304608274,62.81427945223317,2.945902029077669,1,1,1
figarch,gauss,0.0007405598840758771,93.69913201345571,112628375.26615344,100.94438245356456,2.8564506461081827,1,1,1
figarch,gauss,0.022055609672519388,79.05801307505175,304.3302493013724,82.92446515592543,2.9067476148660476,1,1,1
figarch,gauss,0.08725149473572909,51.1767082771546,259.64706150086636,51.00320588173521,3.006803587830212,1,1,1
figarch,gauss,0.004920769438584216,69.79572402577469,5912.380840069476,67.1139916879033,3.0799157454481954,1,1,1
figarch,gauss,0.005852317056477429,80.97159336039158,357435.3216781152,74.29542295337322,3.179719561222721,1,1,1
figarch,gauss,0.0034151687534109067,63.81252354426118,356440.2152583583,62.892311995030646,3.0292630854245983,1,1,1
figarch,gauss,0.11034918599438648,45.65426990492256,238.78352225758974,48.82360450557209,2.870172035320013,1,1,1
figarch,gauss,0.14949235228425123,31.78980128031617,101.81153188456754,31.107075708872912,3.043895194638853,1,1,1
figarch,gauss,0.05351755529008886,52.83384068039959,267.052210553195,53.90085079452684,2.9604084129137496,1,1,1
figarch,gauss,0.016117186704562192,44.96018597818494,249.45068647412887,47.63975382489984,2.887507065776886,1,1,1
figarch,gauss,0.004636046979608478,80.22946249240704,693474.6801464133,77.7668571204707,3.063333030628239,1,1,1
figarch,gauss,0.024413854567314743,33.96042626910864,159.63232064403155,33.45181256345351,3.030408738222502,1,1,1
figarch,gauss,0.09149452775753565,68.38996904987559,326.21640226984806,67.6359399551985,3.0222966989200284,1,1,1
figarch,gauss,0.08290183933623071,46.895934500409,294.84878210187287,44.2668684306379,3.1187825641603992,1,1,1
figarch,gauss,0.002454701310869199,85.74347618536603,15102.119108620873,85.96845476634957,2.9947660201269177,1,1,1
figarch,gauss,0.07272987285211113,54.74442331628393,276.89276290206345,58.13979596364401,2.883199705431258,1,1,1
figarch,gauss,0.09573765756960603,46.69566286507657,259.0776879174405,49.581954806000596,2.883574903320483,1,1,1
figarch,gauss,0.0007725247136360432,78.40804624558695,2646809.357301729,74.20621955091484,3.1132472916718017,1,1,1
figarch,gauss,0.08906161038013856,47.040675228750615,180.83969477286232,47.12094732591472,2.996592933643337,1,1,1
figarch,gauss,0.13019290185593527,31.684529778537126,90.61252373497062,32.39989782911162,2.955841339108685,1,1,1
figarch,gauss,0.10917918263047391,33.681307611639625,175.33475429922396,34.50497725003208,2.9522579231150377,1,1,1
figarch,gauss,0.19847505657344477,19.845590328552248,100.61836499183424,20.842337787934852,2.904353583602354,1,1,1
figarch,gauss,0.0007923480555702392,79.8781244889326,459934031.4594235,79.2229529170545,3.016539943229939,1,1,1
figarch,gauss,0.08419511657091808,45.99761182224313,245.00973418061383,46.7387154144633,2.968287378647517,1,1,1
figarch,gauss,0.008494497227230217,37.316979224737224,3195.432051607636,39.08358891178241,2.9095983896958546,1,1,1
figarch,gauss,0.1725045326726661,17.239227224793808,19.52211664237562,16.927975670693357,3.0367736296596064,1,1,1
figarch,gauss,0.03974080026377327,31.124967808641713,202.45325089318698,30.78100769755069,3.0223488531935483,1,1,1
figarch,gauss,0.008354161588238113,60.18040346922692,9314.373994051133,62.09596704417471,2.938303124465875,1,1,1
figarch,gauss,0.023505516870140578,56.43666458386497,246.63303025712153,57.5191885239378,2.9623595545120627,1,1,1
figarch,gauss,0.09288147178318902,66.83648817065159,257.1801274795673,69.74436325561169,2.916613330476535,1,1,1
figarch,gauss,0.08664600147849769,61.515438466035675,325.6777529538614,64.24933708960057,2.9148972192583944,1,1,1
figarch,gauss,0.025572953994043544,68.86052478625538,287.62641469241646,74.59405659577013,2.8462737630536674,1,1,1
figarch,gauss,0.11318095816005026,58.6943403129448,259.81148336627916,56.840680622616276,3.0652229941662936,1,1,1
figarch,gauss,0.05721141568803743,75.3271638992232,276.48667602814453,71.97333514269619,3.093196424755852,1,1,1
figarch,gauss,0.19430138441124073,16.69979738266329,33.52605201165222,16.890271027407568,2.9774457562658174,1,1,1
figarch,gauss,0.09695404837145292,67.60587121785011,280.5248232030305,71.59751429591849,2.8884977190249765,1,1,1
figarch,gauss,0.0008123733088442458,35.49800888714617,194797791.31665558,38.027534225935575,2.8669634836820834,1,1,1
figarch,gauss,0.0557148394183248,40.172664109479,222.07917791406976,39.05064939404022,3.0574645867789343,1,1,1
figarch,gauss,0.0014502723079853257,25.15324806744684,400839.8162335792,24.195044594112552,3.079206588738212,1,1,1
figarch,gauss,0.03609222040240768,62.670979238688005,348.7577109283185,58.1810352456983,3.1543439017208508,1,1,1
figarch,gauss,0.05736414721676048,40.03743846724899,268.46314579244046,40.00311000251896,3.001716289794862,1,1,1
figarch,gauss,0.004950659667802652,58.29499854825758,6758.460174608525,59.63266825404601,2.955136345732855,1,1,1
figarch,gauss,0.09241812452671554,43.64915201620471,109.98599114271704,43.72822890366932,2.9963832567909936,1,1,1
figarch,gauss,0.04218878759721299,87.0985544765399,430.6764081248005,89.75213836300047,2.9408686202945225,1,1,1
figarch,gauss,0.0706364488010219,55.61454139025966,287.2861765185061,54.29294102114743,3.0486840588944135,1,1,1
figarch,gauss,0.0815109259245894,40.22820076464268,247.78769833259474,42.22679792253039,2.9053398668042814,1,1,1
figarch,gauss,0.06718780565272638,50.828362594602595,264.78605171439915,53.987187518902246,2.8829787188601492,1,1,1
figarch,gauss,0.053346795155247956,64.90605709957185,331.2808066904454,65.22403755618677,2.990249592986604,1,1,1
figarch,gauss,0.06249649742661714,52.57726930107981,273.86869379366186,53.93948785695951,2.949490860592072,1,1,1
figarch,gauss,0.008083996871353765,73.81395994593879,998.9384574713192,77.0357776928803,2.916355287285189,1,1,1
figarch,gauss,0.008386768696549385,88.19914269347737,11413.435973480748,96.67214356832649,2.824706465335373,1,1,1
figarch,gauss,0.014984927969521717,42.27748993383386,203.08443243601096,42.804274965324645,2.975386335504221,1,1,1
figarch,gauss,0.05543088756280694,72.9886835819774,303.2968359082905,67.61247191858229,3.159030176263014,1,1,1
figarch,gauss,0.11700996241791559,38.96475283108521,139.93254108249883,41.06956764540157,2.8975000256886303,1,1,1
figarch,gauss,0.03329770905516052,82.58733198984578,405.700480352488,84.55081349315648,2.953554994394711,1,1,1
figarch,gauss,0.10101194901055399,73.56442170109767,22325.252932277126,70.17189344933641,3.0966919398921635,1,1,1
figarch,gauss,0.1394434606886454,42.05918158506984,176.8910904239945,41.07965082036378,3.0476893422969646,1,1,1
figarch,gauss,0.0016072036068186127,16.899969298814057,489653.9394379542,16.167641511951256,3.090591789324554,1,1,1
figarch,gauss,0.10888373847155,42.643650418760785,191.13369723498883,40.87705893718717,3.086434373093632,1,1,1
figarch,gauss,0.04336649137796501,79.61495499016155,267.9722023908809,79.57038977192767,3.0011201457819077,1,1,1
figarch,gauss,0.023485012604064798,35.0859836989772,121.20133947594616,36.898347926657955,2.9017644783835226,1,1,1
figarch,gauss,0.08300691339502284,48.940300048772656,234.62990786120602,47.721272500156566,3.051089482100968,1,1,1
figarch,gauss,0.04469693223849981,70.34353200709324,237.38621058192135,66.86324449382234,3.1041016642138106,1,1,1
figarch,gauss,0.06850177186332927,44.33387881191679,171.58388901286716,47.741161662832965,2.857260161577979,1,1,1
figarch,gauss,0.10900523769215162,69.80783308294781,315.72214169440895,68.15127970938512,3.04861400638775,1,1,1
figarch,gauss,0.000792781196843505,76.99575861711855,907438305.9803427,81.52971869702945,2.8887777327735074,1,1,1
figarch,gauss,0.0694927805138273,40.36445513876333,164.81978554035618,39.25115679238272,3.056726906280462,1,1,1
figarch,gauss,0.06547569017662276,37.10933286499966,191.82774464828034,39.405497704620146,2.8834596706869524,1,1,1
figarch,gauss,0.001236445861943102,78.37522989410911,2756973.3925543693,75.12484305858196,3.0865329417857823,1,1,1
figarch,gauss,0.05957535539642467,55.50393479205036,254.7602690874085,59.58549120844108,2.863001669244861,1,1,1
figarch,gauss,0.0974179849682805,40.822820381739575,167.6628218980218,39.619040580550504,3.060767741144142,1,1,1
figarch,gauss,0.09893723112576334,49.45207517436529,202.79485964324033,48.28826110111165,3.048202774202894,1,1,1
figarch,gauss,0.013045422797041089,55.921547048914135,280.3194976377299,53.6509894522481,3.0846417790183325,1,1,1
figarch,gauss,0.0014141510386827198,47.7050393774191,60285.866771918925,45.168588421147874,3.11231039290498,1,1,1
figarch,gauss,0.09740450927168827,43.25018234275092,203.15653417905773,42.27143402217887,3.04630778885138,1,1,1
figarch,gauss,0.011683185557419234,54.48591138309274,2033.7488013976322,55.554099540733574,2.961544218465548,1,1,1
figarch,gauss,0.153827404888054,31.232737974106783,110.8880369434295,31.06787774286379,3.0106129058835287,1,1,1
figarch,gauss,0.03444603273786235,52.80611263123956,318.3169183062507,55.39226378522229,2.906624103177647,1,1,1
figarch,gauss,0.003748899449594398,107.69144475278108,10572.080395303745,106.94463595178453,3.0139662694505454,1,1,1
figarch,gauss,0.16597635316390336,36.76736458561038,100.830465707702,36.22490281689341,3.0299496604012415,1,1,1
figarch,gauss,0.08010613634850075,53.62907814372602,182.50464744837538,53.089385738963074,3.020331461637796,1,1,1
figarch,gauss,0.04174057457176107,27.282763779886295,146.29860634022307,27.723052333689996,2.968236646635865,1,1,1
figarch,gauss,0.09395667773510562,71.89592392222164,297.53181489693685,68.88998032725797,3.087267947550111,1,1,1
figarch,gauss,0.003757734080145602,73.45763074487627,17826.886108689814,78.050052650868,2.8823211067765846,1,1,1
figarch,gauss,0.06861521393335518,67.78071762668992,395.28709905346375,67.69168424877662,3.002630555847483,1,1,1
figarch,gauss,0.0190811487650343,56.444332429205815,140.893573088721,58.2872651336434,2.9367637956520336,1,1,1
figarch,gauss,0.09011727119770599,37.10101849788788,192.63705354347158,34.728975070661626,3.1366031345526295,1,1,1
figarch,gauss,0.0019040364698899095,88.70243351652493,115572341.56105913,92.16415021455714,2.924879322600526,1,1,1
figarch,gauss,0.06059740787562697,65.53974767920317,231.88421046960607,63.27194867807677,3.0716841838605227,1,1,1
figarch,gauss,0.03048119808891377,104.29091088734549,506.84632643653487,99.95199180421521,3.086820062408147,1,1,1
figarch,gauss,0.09506563993159013,70.76282631106278,352.65937413480447,72.12651819444103,2.9621861163545433,1,1,1
figarch,gauss,0.0016071864889132556,90.8950734282123,2064881.2138884652,94.68551471651115,2.9199361951055036,1,1,1
figarch,gauss,0.06330824762556721,52.66307193385637,229.7758138136084,51.58420531253699,3.041829339612107,1,1,1
figarch,gauss,0.023424218950517925,70.80190171622871,387.5450510425246,74.19676767520983,2.9084901926228954,1,1,1
figarch,gauss,0.24827636459130784,20.72383355153758,54.57336392144962,22.478886013160242,2.8438488045541788,1,1,1
figarch,gauss,0.19278243200725234,15.213423815778754,45.362278949694534,16.5546530081149,2.8379634787055106,1,1,1
figarch,gauss,0.001003048737032345,40.399679770768216,58852.21128182607,39.53393844201969,3.0437973732375903,1,1,1
figarch,gauss,0.009986492632919175,87.76248261268756,458.513597909286,94.53559752171192,2.8567076300021528,1,1,1
figarch,gauss,0.018852163544766248,77.97619661198223,1772.2798149370735,82.45893338103691,2.891273471890783,1,1,1
figarch,gauss,0.12911152394501269,15.224776366505864,59.85812419591884,14.993050026573572,3.030911167443793,1,1,1
figarch,gauss,0.12661592909184158,33.57237118793637,177.5669988332767,34.686232898971845,2.935774996709516,1,1,1
figarch,gauss,0.16070526195126758,44.02382358214379,230.7453193674067,42.06109799320313,3.093327358656107,1,1,1
figarch,gauss,0.13001501498882823,45.88520989069559,188.23446425796368,44.88152769593056,3.0447258480845356,1,1,1
figarch,gauss,0.06126462340324788,48.25360418469842,143.02273567762228,50.20504128406278,2.922261308846535,1,1,1
figarch,gauss,0.004450619051681385,58.45588811693892,1412.5739128643092,63.14465762710309,2.8514911732405483,1,1,1
figarch,gauss,0.10087064614141314,27.110683868767694,103.62477282085435,27.798557239232334,2.950510138742464,1,1,1
figarch,gauss,0.0024944246571531018,112.34314668165007,704442.2477319633,106.63888518774546,3.1069827668183487,1,1,1
figarch,gauss,0.0667563810421309,56.134337448896076,209.76686536440502,51.72972284384399,3.1702933773045046,1,1,1
figarch,gauss,0.05446820219441477,69.82595415388141,347.3826283467534,75.0976696040888,2.8596037539380488,1,1,1
figarch,gauss,0.012602977277055042,45.36267028485145,248.60471418033399,43.040617946445415,3.1079005111541527,1,1,1
figarch,gauss,0.08056866783301579,38.3106618005142,178.1202458683457,36.654602781843785,3.090360221799523,1,1,1
figarch,gauss,0.06780822973578747,50.17093598742926,289.86116050571906,51.09531360648731,2.9638175185232374,1,1,1
figarch,gauss,0.07526147375742841,70.2750282919178,284.9955840026064,73.67916902556756,2.907595572027462,1,1,1
figarch,gauss,0.0329003729375836,57.91338116747693,362.7516532891098,59.03292067238684,2.962070672019669,1,1,1
figarch,gauss,0.1264188247504237,36.69691948341983,143.53043125044442,34.321426472091446,3.1384262401366114,1,1,1
figarch,gauss,0.011540783778429644,76.99950510520785,38.694662121843535,74.62881511171517,3.0635328321893867,1,1,1
figarch,gauss,0.036845397308640546,49.50515140976893,325.5648744111779,48.38291605691811,3.0463897360601666,1,1,1
figarch,gauss,0.045256548525269065,47.66202385747965,186.4637640422539,45.126954378245664,3.112352784013985,1,1,1
figarch,gauss,0.13438161921021527,66.01465743191955,299.49024937159703,62.75102558502677,3.1040184384706384,1,1,1
figarch,gauss,0.008795003205766082,77.50873732229024,417.2544912787257,79.1778493431801,2.957838914930477,1,1,1
figarch,gauss,0.03833717396321759,52.600611976843425,238.23239452604275,49.18137266806226,3.139046111293334,1,1,1
figarch,gauss,0.1099937695987159,46.27839849046103,297.46436722566045,47.896274914517306,2.932442494663989,1,1,1
figarch,gauss,0.0016196770510464367,50.68595969028922,554525.9899502789,50.60689174369937,3.003124789682413,1,1,1
figarch,gauss,0.0352558553929995,45.77568727285177,184.58891686155624,41.61091214354162,3.200177064849878,1,1,1
figarch,gauss,0.030927031781265612,39.66222240852676,231.81635977086475,39.24093373473628,3.021471898535256,1,1,1
figarch,gauss,0.05588473162664444,31.84673115822102,136.11023603154285,32.28193770138809,2.9730371486871214,1,1,1
figarch,gauss,0.049966731594248893,37.95406037367786,130.49842127720035,37.81436231502537,3.0073886243268464,1,1,1
figarch,gauss,0.004502942812543228,113.20947877269009,5153060.640003906,110.72511856201136,3.044874374359552,1,1,1
figarch,gauss,0.013072262555014357,56.61116020116401,687.2830222572995,53.525305247753224,3.1153045251821454,1,1,1
figarch,gauss,0.0017909709016168207,76.56939210008863,60681.30149529676,70.49496594450616,3.1723364519493287,1,1,1
figarch,gauss,0.06865164421696901,71.07382950111719,328.75544162569935,73.26754058430129,2.9401177911612844,1,1,1
figarch,gauss,0.09035384276186377,49.80351391250679,243.48821714451623,51.25338348836889,2.9434234590115937,1,1,1
figarch,gauss,0.01780843579224324,65.56823204942157,226.437243338852,71.02383612084705,2.846372587869155,1,1,1
figarch,gauss,0.089437270703732,31.200205702223684,145.86925487206707,31.746138168684016,2.965606369911231,1,1,1
figarch,gauss,0.0009465764731698537,36.64518247291619,2331353.8932863986,37.846448607153945,2.936518950736599,1,1,1
figarch,gauss,0.10206904267465557,62.80256773534052,240.01409460203706,63.54591143462562,2.9766045153022995,1,1,1
figarch,gauss,0.04877522495153511,59.76399209946294,382.36092283487454,59.79868720341099,2.9988396031561684,1,1,1
figarch,gauss,0.056896777884517497,52.85649629633235,241.1521338125467,55.540199825572735,2.90335996133724,1,1,1
figarch,gauss,0.05590331708041454,48.50500539333177,219.64309181728225,47.12372117673692,3.0586237326808026,1,1,1
figarch,gauss,0.0051717785460158785,66.61492749698027,700042.960144022,68.78387930195315,2.936934298356409,1,1,1
figarch,gauss,0.13174120785136553,30.628832064712356,112.93296781253142,29.430656787754334,3.081423617936829,1,1,1
figarch,gauss,0.17887293449711217,11.229128091797975,26.83007934427886,11.87157060126948,2.8917678997919944,1,1,1
figarch,gauss,0.018219126401028917,65.29211963009425,61.25187022199673,65.18421210702691,3.0033108484272284,1,1,1
figarch,gauss,0.02393059409976608,97.80460813708078,515.0756552351809,99.91624193906527,2.9577319210369764,1,1,1
figarch,gauss,0.1886928193438683,21.862963114006845,93.45170212768856,21.17372880338357,3.065102780622479,1,1,1
figarch,gauss,0.056927953274165166,55.55035959765172,277.7173143744987,54.36700913481693,3.0435319316499596,1,1,1
figarch,gauss,0.13695985467388377,50.291670145770354,151.62654352227472,46.45301099059509,3.165270628246356,1,1,1
figarch,gauss,0.3275145408287013,14.757356737451204,38.56372480616448,15.38728114665016,2.918124013827343,1,1,1
figarch,gauss,0.06334475164184405,61.5302822461166,341.31067805339677,61.46137474685426,3.002242302569578,1,1,1
garch,t5,1.2388262114282351,0.7880654710072008,0.09200270004776051,0.13621842513520485,12.570614918282885,0,0,0
garch,t5,1.137775007204318,0.43818441355688265,0.09905424448480361,0.14157772271645302,7.190019236775877,0,0,0
garch,t5,1.2512170321504086,0.9344393300420961,0.5198120872693831,0.4433486736562656,5.215369913417537,0,0,0
garch,t5,1.3513549863099237,2.0525329241543204,1.0336594951080573,0.9112317804954769,5.5049634310126185,0,0,0
garch,t5,0.9235407353135516,0.13931421531287924,0.0645551653825909,0.05179717025842819,6.379221089407319,0,0,0
garch,t5,1.2073859866073204,0.4741353718281971,0.2407497420194813,0.2184564173670515,5.340777694175517,0,0,0
garch,t5,1.045716681494804,0.025108846481600722,0.04324232115341888,0.009986187316126917,6.0287153017952875,0,0,0
garch,t5,1.7138563370768454,2.4623659799412962,0.42663684500628274,1.1685867562739538,5.214263026208795,0,0,0
garch,t5,0.4560198346023489,9.829243979355851,5.4812286969643145,1.6730314787432432,12.750220009894178,1,1,0
garch,t5,0.9290337297065498,0.09596281902577175,0.05724153418347123,0.04441841146982258,5.3208577637211505,0,0,0
garch,t5,0.543469630757545,5.948251931394907,2.273366866832731,1.9364669399006744,7.143406643131233,1,0,0
garch,t5,1.0777914527419905,0.15293835741590556,0.0828494270344761,0.06349955273481073,5.81699006777615,0,0,0
garch,t5,1.3913904644117039,2.14730241574955,0.6907308199646908,1.0932969413966533,4.928122972714873,0,0,0
garch,t5,0.831339921866963,0.6175651995265525,0.4681940704259337,0.2845483716125726,5.340669363361528,0,0,0
garch,t5,1.836104800901777,7.4580931125468055,2.4588101622200527,2.3198010777559457,7.4299419325741285,1,0,0
garch,t5,1.0188959098115447,0.006632804762034539,0.0024328308697342572,0.002903898465600957,5.568207077902699,0,0,0
garch,t5,1.245024299192013,0.754901804478493,0.3460943953518862,0.34919149659042253,5.323712414818282,0,0,0
garch,t5,0.7370544508980739,1.5956880849105346,0.9377101513143844,0.6607588755254146,5.829865005268961,0,0,0
garch,t5,0.8110245496406276,0.8254942025666878,0.3732037145474393,0.3219182024143793,6.128595999701165,0,0,0
garch,t5,4.8022250323202815,3.007352548121787,0.035753026381530925,1.1722303326005215,6.130992543846156,0,0,0
garch,t5,5.328280354121032,25.52728413031997,1.2705527470481575,11.075530175171203,5.609672625432647,1,0,1
garch,t5,0.9883007576906631,0.0019287328216250899,0.0007988789083846998,0.0008197946414535377,5.705404802854891,0,0,0
garch,t5,1.379598440240713,1.456846322257718,0.17871605510176064,0.36970133571681935,8.881206701258016,0,0,0
garch,t5,1.3097389447397896,0.7365711839910318,0.09172911834078411,0.3045596193980429,5.836958920863197,0,0,0
garch,t5,23.729803687234583,13.006902044201297,0.6325436360513093,5.566307326081854,5.673440139841113,1,0,1
garch,t5,3.490027385888186,9.104654424934495,1.373167135277377,3.8904078781416103,5.680565488307438,1,0,1
garch,t5,1.6673352160442187,1.6935724605487508,0.07135755618737302,0.7330812002051328,5.620422567308644,0,0,0
garch,t5,4.833544251335153,9.284990954294585,2.104969934369512,3.4612417510829325,6.365121318896349,1,0,0
garch,t5,1.246070408903623,1.1451141308091337,0.33882726915363054,0.39320839929318885,6.824464242714712,0,0,0
garch,t5,1.349425098737707,1.5751231908141108,0.5623146426157835,0.6509839832207037,5.8392072045191785,0,0,0
garch,t5,1.6354459019554977,3.1918665534084596,0.505265425555839,1.1001341140207144,6.802686259301582,0,0,0
garch,t5,2.104529370260597,6.842586766566228,0.4213726493813311,2.3286542784982043,6.87685929143518,1,0,0
garch,t5,0.7051040233720353,2.332284063871839,0.8331275898319545,0.6372780363146947,8.319518109737999,0,0,0
garch,t5,1.138452054734114,0.14373806018522828,0.026576640772412473,0.06730965307470643,5.27094936964523,0,0,0
garch,t5,4.580284240573591,13.19240843453781,0.14903123640820795,5.186275702259812,6.0874304382967885,1,0,1
garch,t5,1.965703648026711,2.4527404414368448,0.5714328131182741,1.2372215232330834,4.9649171880349945,0,0,0
garch,t5,1.4572996173037254,1.6361298296741325,0.686326998713298,0.6865945350168546,5.765927330411881,0,0,0
garch,t5,0.6026568659146567,9.676736850289672,8.2310593873457,4.024017661089698,5.809490248444498,1,1,1
garch,t5,2.401498227704125,10.190740653828811,1.6245042749218295,3.5023956600706323,6.8192972141949815,1,0,0
garch,t5,0.3904002075467298,10.273148281766225,12.127808570547119,3.983739505567754,6.157540179225207,1,1,1
garch,t5,3.183301899561928,14.02867730801404,0.4964420021443708,4.151804698825643,7.757869565484193,1,0,1
garch,t5,1.0840170106485512,0.10865622930793961,0.03811633645165627,0.04883344426701776,5.450074367632771,0,0,0
garch,t5,0.616218188033119,5.691337041388863,5.924445411735911,2.2827336441563526,5.986422358962737,1,1,0
garch,t5,0.923852014243249,0.18316992529435083,0.1031645341491022,0.057409290193558914,7.381194565436441,0,0,0
garch,t5,3.0302281873754335,12.916025491798791,1.9532565441648184,5.408454474166695,5.776235264063611,1,0,1
garch,t5,0.5439972096865512,5.06567391046201,5.863646836942444,2.515303088548238,5.027883505192827,1,1,0
garch,t5,5.19508263591207,15.866631459233304,0.7813392883691962,3.598344920812968,9.818849670280404,1,0,0
garch,t5,1.0474892611381834,0.043957379572987065,0.010439666856204035,0.012320575151525764,8.135605121087783,0,0,0
garch,t5,1.2857300620991878,0.683992569893519,0.2885343116199787,0.3415897592149697,5.004760397181977,0,0,0
garch,t5,1.7876837519127482,5.628377355051413,1.2303674840418273,1.6111735726217955,7.9866803312725505,1,0,0
garch,t5,1.1330343558891929,0.23317209079039003,0.04277208588182164,0.025822096165642086,19.059888654635255,0,0,0
garch,t5,1.050674454599982,0.05429513905392014,0.01702544588853076,0.018716885383993933,6.80172800548873,0,0,0
garch,t5,0.5600120085536985,4.460994395389889,3.728862421667387,1.5563464306295132,6.732649630693727,1,0,0
garch,t5,1.0452463147083026,0.05572737940991601,0.035032323972510125,0.020089090048412264,6.5480242535246544,0,0,0
garch,t5,1.8762165086889346,1.2508332285166261,0.05731556093433185,0.47535070403933255,6.262780586575619,0,0,0
garch,t5,0.7486688968902653,1.0718080074364025,0.7471083923963387,0.3279900512910037,7.535612913974995,0,0,0
garch,t5,1.9417365257109676,7.891780177786586,2.374055164779278,3.673023472679939,5.29715749789561,1,0,0
garch,t5,2.058264413061855,3.460699090021535,0.4105470491054533,1.7563449108779505,4.940796672211294,0,0,0
garch,t5,0.5858471022039211,6.363360552520362,4.912178984351652,2.5237688357161154,6.04274437695461,1,1,0
garch,t5,0.5583046291542462,7.108412930746908,1.445003321562587,1.2181206182502766,12.671115034498833,1,0,0
garch,t5,0.6276630963293358,4.870032407827409,5.207377396369741,1.1700491091538474,9.32449231357358,1,1,0
garch,t5,1.6344582253876156,3.387170730249693,0.9856648525814695,1.355234390800348,5.998649315930307,0,0,0
garch,t5,1.9027595704199427,8.094447527399666,1.6105295573338387,3.703340118692208,5.371430799209513,1,0,0
garch,t5,0.5952976346321981,6.637845378275614,4.43940640930678,2.614148906489323,6.0783988332094845,1,1,0
garch,t5,1.192377071493159,0.604299856312764,0.0573767766076912,0.14479527601377187,9.346955411104535,0,0,0
garch,t5,1.3353898088585328,1.8080297593839987,0.4817125007601236,0.6591990756292208,6.4855348747514325,0,0,0
garch,t5,1.1620925047201713,0.06284153292665451,0.003619442473861689,0.025104740184294035,6.006348001639091,0,0,0
garch,t5,1.0768438260274853,0.06449390070258687,0.022727221447187553,0.029082343096766515,5.435261662926846,0,0,0
garch,t5,1.3729561637023449,1.391909861456952,0.6307915580975068,0.6541304197952745,5.25575640372323,0,0,0
garch,t5,1.5802305528640015,3.10190847431727,0.7092330176624227,1.3163378549099063,5.712936671610911,0,0,0
garch,t5,1.0114954049441574,0.003199720060422351,0.0009950924362164073,0.0008571289906975854,8.466134257851243,0,0,0
garch,t5,2.128996290406822,1.5091634358776105,0.22837348800770482,0.2969194618470228,11.165473334012395,0,0,0
garch,t5,9.74997906490793,32.813483591851536,7.265952208226224,1.139269768362838,58.60441381500961,1,1,0
garch,t5,0.4925171458103816,3.7482038364319124,2.773234893471422,1.838974887736818,5.076405677344225,0,0,0
garch,t5,0.5571732485000312,7.809935159011843,8.337153846056669,2.446449575194274,7.384709693754184,1,1,0
garch,t5,0.8791966322922422,0.35429667412955723,0.33352419027302443,0.14515553193103792,5.88161449193518,0,0,0
garch,t5,0.5592270326885321,4.275699823471655,2.463858166419424,1.4196435669224634,7.023624412627202,1,0,0
garch,t5,1.2207529478492676,0.9345143812428205,0.2756667316184913,0.2682490052771595,7.967514233853461,0,0,0
garch,t5,0.7817103476984387,1.9173377978648887,1.590120569845841,0.6178587602151999,7.2063951223968425,0,0,0
garch,t5,4.133182785988236,18.66172508951945,4.9447586028541615,7.855871491228281,5.751026060025748,1,1,1
garch,t5,2.113923129474865,7.528818092835479,0.511837925245752,2.334601542705048,7.449767084546696,1,0,0
garch,t5,0.5498810481732457,13.73858652221952,0.5562449661405134,3.537374583897911,8.767674130275832,1,0,0
garch,t5,0.7922632507003523,0.8914411235055013,0.26777446503208385,0.34489680994174876,6.169320781227643,0,0,0
garch,t5,0.7770092990955981,0.7768282426533233,0.5642452708862683,0.38345348902437293,5.051746899629576,0,0,0
garch,t5,0.725520410950784,1.5640323579973483,1.167708870955476,0.7378321987815564,5.2395340311256815,0,0,0
garch,t5,0.664228200987288,1.8183380782568292,0.3453873613214398,0.6955332373079371,6.228615918614358,0,0,0
garch,t5,0.934366994696312,0.07986279304333266,0.014914114724323324,0.022999903627293514,7.944619798194382,0,0,0
garch,t5,0.6600368782143166,1.9730766243903872,1.559292968619946,0.9186429941834015,5.295633095518877,0,0,0
garch,t5,1.6945621056267015,5.824920082008475,1.9621948481576315,2.189460021466508,6.320873662819313,1,0,0
garch,t5,0.6707951576154995,2.8810774199935736,2.3624836360936534,1.3319958373583927,5.325955591133545,0,0,0
garch,t5,5.539056814743009,8.952541309553226,0.8847444687410966,2.477974644325688,8.22569242591214,1,0,0
garch,t5,1.5396376052135736,3.630222818076163,0.43097824174170923,0.8206138333656261,9.84757889880394,0,0,0
garch,t5,1.003136365224535,0.0003026939670007778,0.0008450054882697706,9.89213600461887e-05,7.119890928702211,0,0,0
garch,t5,0.6688593945339549,3.595539365847003,2.3569473438944737,1.2621765653793269,6.6973635297473955,0,0,0
garch,t5,1.2017938707688618,0.871014891923636,0.4320178166965953,0.32405926138044355,6.375651899058487,0,0,0
garch,t5,0.7499317218944741,1.7283181515208526,1.5346432235236371,0.8319010494017736,5.155105111993065,0,0,0
garch,t5,1.0187997221268734,0.005451400908441428,0.0017411022497274592,0.0023430618462628246,5.653228353435393,0,0,0
garch,t5,2.7696380309736406,21.69926013298243,6.89113863103698,2.1934749340254793,20.78528206215679,1,1,0
garch,t5,0.9097729216979688,0.2334243946179413,0.1449407196206711,0.08704331319546225,6.36340784946385,0,0,0
garch,t5,1.1304953214150726,0.43682821381844406,1.9679892871804385,0.14856252502486336,6.880732220259944,0,0,0
garch,t5,1.7232073408759052,3.5159357322233973,0.42767372083876765,1.392589505774342,6.049493361316665,0,0,0
garch,t5,0.8808698464097096,0.29111683421433554,0.093436797274257,0.1117840339616186,6.2085583942030835,0,0,0
garch,t5,0.541831494997365,6.001020084942297,5.105101611396564,2.1836648381556123,6.4962831109291805,1,1,0
garch,t5,0.905997255823745,0.11718119852992004,0.04491055478139818,0.05028201853467939,5.660958407988352,0,0,0
garch,t5,1.501761352575346,3.1039704951234626,0.9889449644532934,1.117622848432413,6.554593840806166,0,0,0
garch,t5,2.158421559290016,10.514589123899896,10.91134510584093,1.1080058898211484,19.979301862009297,1,1,0
garch,t5,1.7616164414421107,2.3548033661286354,0.6500957296481643,1.3270748100707124,4.54886303056745,0,0,0
garch,t5,48.766564649432155,67.85686314223551,0.6821833687029148,4.829339579414316,29.101922437380118,1,0,1
garch,t5,0.9576662028878721,0.04238254119150042,0.016635348937906455,0.014443514137693807,6.868729837829845,0,0,0
garch,t5,1.3457611070045572,0.96317974291361,0.11912137954045059,0.3615466798922347,6.328107248561666,0,0,0
garch,t5,0.1838560879324257,40.40847943523204,2849.1502935076087,10.64816497413375,8.589754579007986,1,1,1
garch,t5,1.0035737491174164,0.0001097626925457007,1.4101759011654933e-05,3.8282236571129525e-05,6.734392886986025,0,0,0
garch,t5,0.5150299963450761,8.357650315751357,8.797720573182248,4.068576820203534,5.108390075983994,1,1,1
garch,t5,0.667266894956697,4.693504508636806,4.251808773733583,1.8613915012698705,6.0430062729252,1,1,0
garch,t5,1.4738929886628853,2.986030616586959,0.8694532618318837,1.2833479786026554,5.653501102387259,0,0,0
garch,t5,0.7704582199562486,1.0618014649300278,0.9661730171531973,0.4341756073054584,5.891115240304192,0,0,0
garch,t5,1.1651470176404235,0.2551820376766045,0.07011031064901714,0.07969876426328316,7.403663595927689,0,0,0
garch,t5,1.2872800347533222,2.0095315559911455,0.4544576212630622,0.7252187869336026,6.5418629307382465,0,0,0
garch,t5,1.1424486177267217,0.432963299509197,0.15264799581545352,0.15286500635219072,6.664648958463111,0,0,0
garch,t5,0.9892354102458027,0.0016642281244685364,0.00035212560655815554,0.0002793317938033907,12.915780168153097,0,0,0
garch,t5,0.5930548640355491,5.253534750179966,4.158289861892924,2.057154112346384,6.107575284369726,1,1,0
garch,t5,0.8677646658373043,0.7054530867937387,0.4211655445282513,0.1788869489518323,8.887138675317129,0,0,0
garch,t5,2.6029473356922717,13.665842239908557,1.7946192522282314,3.995879065029577,7.839967885668434,1,0,1
garch,t5,1.0597696492837345,0.06015388267047683,0.015671907538636454,0.022050334139113996,6.456051803203548,0,0,0
garch,t5,1.1547708035693172,0.09667952253562362,0.01003156462244651,0.03410300568522284,6.669853468517925,0,0,0
garch,t5,2.6028989325347363,8.983142849766068,0.6361811136874042,4.452579298793516,5.035028798790924,1,0,1
garch,t5,1.1657738312797665,0.45407873108916874,0.16468562994987576,0.141891740174202,7.400354672254938,0,0,0
garch,t5,1.046811288108081,0.04704850396888105,0.01793546514797863,0.01396235652034296,7.7393357131845235,0,0,0
garch,t5,1.3563630912107547,1.8836767427906125,5.206111902803068,0.7811648636027262,5.8227380174349115,0,1,0
garch,t5,0.7929149822133816,1.2462458218180927,0.8419826005274852,0.4412100284302153,6.649218020959863,0,0,0
garch,t5,1.3503854694634914,1.3020848032933827,0.3729381697686641,0.5934316522023514,5.388322727515691,0,0,0
garch,t5,4.035729571176186,14.156165774094802,0.7261066382819222,4.507467033021081,7.2812065714019365,1,0,1
garch,t5,1.155556836073045,0.16484589965693885,0.022374006498660375,0.08044408978589551,5.098396789513846,0,0,0
garch,t5,1.9158468692013386,6.131055364730059,1.2227823988133288,2.780213494380728,5.410492487085569,1,0,0
garch,t5,0.780295865555944,1.1251878525431493,0.5331917923378644,0.47347997603365743,5.752842398822649,0,0,0
garch,t5,1.1386091165018373,0.1734662929022761,0.05357566477678189,0.08099160554732382,5.283562271176828,0,0,0
garch,t5,1.212898325344448,0.6825932515858995,0.28257837346367376,0.3245750514070211,5.2060734404994005,0,0,0
garch,t5,0.8041092836360743,0.18087426970419074,0.025704697548554537,0.06287781077136881,6.753198703494022,0,0,0
garch,t5,1.4273179635767683,1.6723285568416202,0.2726402877958851,0.3855481824075338,9.675069073851466,0,0,0
garch,t5,0.4932200882353156,18.04254538772102,1.090330642291226,0.7687990481613883,47.93696078544957,1,0,0
garch,t5,0.8253112351750289,0.9061006876694364,0.6876813801329524,0.4548553449885759,4.984126811534749,0,0,0
garch,t5,1.6261028383792984,4.4295117926108105,2.1480026852159004,1.6961430386839256,6.2230403823108755,1,0,0
garch,t5,0.9102584292734509,0.04040472070215628,0.0054489456149119046,0.015124936484964045,6.34279542163014,0,0,0
garch,t5,0.6269063121151148,5.737910981040841,6.021042262047057,1.4119118825312302,9.127859892720924,1,1,0
garch,t5,1.209762144870409,0.4897379005285529,0.21836692407703298,0.2705663943630433,4.620094074738842,0,0,0
garch,t5,0.884491752394146,0.2378123772704157,0.1227897764773374,0.09404706775013241,6.057305516472753,0,0,0
garch,t5,0.6850181883666121,3.0486734900066494,4.042077093777713,1.08893897372099,6.5993468203072805,0,1,0
garch,t5,1.2183562210555443,0.9849483726275139,5.297364627453959,0.2576447472340366,8.645786558441396,0,1,0
garch,t5,0.8467544841783432,0.4314628635304416,0.12190219547889032,0.16446031202164046,6.247015018111697,0,0,0
garch,t5,1.6897802595303673,3.5127501155610616,0.8809132025005921,1.812388876403251,4.876375717480938,0,0,0
garch,t5,1.1947823064649477,0.2258934591264392,0.02238214309475159,0.09437832276819427,5.7869776130958295,0,0,0
garch,t5,1.580014621480377,3.4036589816087144,0.32246505604686515,1.0729724729847903,7.344354710499572,0,0,0
garch,t5,1.4055573364314444,1.979322406690585,0.8397994412994885,0.7971431397458195,5.966040120025922,0,0,0
garch,t5,0.6795218356055637,3.490494278863423,0.5927548527754822,0.6894395528352151,11.125599160968637,0,0,0
garch,t5,1.1599133194727933,0.590788677226783,0.22518293900972317,0.24135830289354723,5.895532245164604,0,0,0
garch,t5,0.5147507153450857,10.374484203619886,3.705199027763144,3.7045329314307045,6.600967461025227,1,0,0
garch,t5,0.6552448978037734,3.383748972145895,1.4970148350149384,1.4003850597639254,5.832597932337727,0,0,0
garch,t5,1.0180070496771836,0.005200574444529593,0.002415855617772285,0.002062681345396386,6.042537914192652,0,0,0
garch,t5,0.7190628347013075,4.037602933311518,4.27063411388292,1.4637177761739895,6.516914529610216,1,1,0
garch,t5,3.9960913898016384,1.2244562778366799,0.037338280052795506,0.4083052091852559,6.9977499688529345,0,0,0
garch,t5,1.0165272383710506,0.0048410362326194445,0.0017574620999252606,0.0015112930891161681,7.4064823262714325,0,0,0
garch,t5,1.4979015378214247,3.2296841532263443,0.9384307874751693,0.4889049111138879,14.211911272758746,0,0,0
garch,t5,1.2968731101883946,0.573090077190443,0.0737889309293386,0.1846545143077973,7.207160213101202,0,0,0
garch,t5,0.5246875651323607,2.6364007706600887,1.5549674280153984,0.48909303920402003,11.780774042299718,0,0,0
garch,t5,1.0047956941498148,0.0005239771173819463,0.0004080191369431908,0.0002262891078830285,5.631041434418454,0,0,0
garch,t5,1.206162311325558,0.48721093206677324,0.2953038595612064,0.18651344880058413,6.2244053734450855,0,0,0
garch,t5,1.0045703760671634,0.00019581150320391316,2.6599391256624596e-05,5.17692787640269e-05,8.564776171460878,0,0,0
garch,t5,1.1144738832154863,0.12267164183924706,0.043138543521929584,0.06020091632790861,5.075407795159343,0,0,0
garch,t5,0.6808424417783001,2.2889524390627685,1.8192755048240283,1.1500921576108265,4.980467867579904,0,0,0
garch,t5,1.0758389919064617,0.09642749229712422,0.028371308330750165,0.03673772794938977,6.249507668517967,0,0,0
garch,t5,2.0443797820147767,5.801826996122259,1.700856365161942,1.3214862215106837,9.78076048267803,1,0,0
garch,t5,1.0814932103628974,0.1675778315258185,0.055064790548519094,0.058120957450584265,6.76651999128875,0,0,0
garch,t5,0.4764851961413257,7.499714037468152,5.458163611260909,2.680490862826763,6.595776610526614,1,1,0
garch,t5,0.6423826728375657,3.4233337104864177,2.4424597012477496,1.3498917208199428,6.072012306893827,0,0,0
garch,t5,0.7792599674888048,0.7276522443444264,0.4748539731658877,0.10066177485032476,15.457369650522883,0,0,0
garch,t5,1.7531397753033184,2.817657813334421,0.3101281958698754,0.868405067573371,7.4892707759247585,0,0,0
garch,t5,0.9129192051152806,0.20617428481000388,0.49514033886854963,0.06965813385807633,6.919604025857765,0,0,0
garch,t5,0.8635078985723739,0.14775134078445262,0.3771721578272085,0.024301726228839405,13.15974037343181,0,0,0
garch,t5,0.924227669742731,0.10419636805389132,0.04785816221546949,0.04353846504403316,5.786405214263344,0,0,0
garch,t5,1.0408374439295793,0.039116891083267546,0.01331905816516873,0.012493714960001318,7.261851052069051,0,0,0
garch,t5,1.6859607349418142,3.452208276363365,0.5056945363452626,1.4777952383110773,5.672106374234604,0,0,0
garch,t5,1.1186896035636027,0.28338904422707856,0.08344198695824133,0.09256431968830163,7.123073019525331,0,0,0
garch,t5,1.1563391561636176,0.43642131008522256,0.21546418358419733,0.22044821863840156,4.95939974276752,0,0,0
garch,t5,1.305037649917468,1.0273845638714363,0.39731879089515054,0.464720957535962,5.421511649996689,0,0,0
garch,t5,0.7558200325594165,1.3648722371931399,1.0170317075259214,0.6079209118189295,5.49029540079276,0,0,0
garch,t5,1.2151794936371125,0.5176561056739502,0.15021334996976185,0.21159026098546715,5.893005030222112,0,0,0
garch,t5,1.242723665965746,0.9638893365174681,0.48656263779409553,0.20386240072514122,10.456273771807858,0,0,0
garch,t5,0.8798579200960785,0.4961840745236259,0.8832383538495472,0.14705311871297325,7.748365201177496,0,0,0
garch,t5,0.6999844877174799,4.691646048247549,5.9359401836269585,1.1353042235945725,9.265002368075358,1,1,0
garch,t5,1.0043966654196492,0.0003829771612799959,0.00021891814735315308,0.00016900149110169404,5.532234109692504,0,0,0
garch,t5,0.5836328136843951,5.007102948498073,2.3155506214668526,1.4468030818134276,7.921609459418836,1,0,0
garch,t5,1.3871505073646235,1.5663692993950917,0.524504061092627,0.5518053670431411,6.6772528610532,0,0,0
garch,t5,1.1626014683915626,0.3933756333422025,0.15390667903158428,0.1488398381613653,6.285891710198216,0,0,0
garch,t5,0.7068429459362007,2.773433970623273,2.1357151102688614,0.8709055685604229,7.369080806792095,0,0,0
garch,t5,0.9595727559660704,0.04119827538386289,0.026078646667906175,0.012525580266742463,7.578262165346749,0,0,0
garch,t5,1.520385767306818,2.5707764579586865,0.3057842050644033,1.0200854298398807,6.040316002478758,0,0,0
garch,t5,1.0494778471708393,0.056089464771957864,0.03020983868423418,0.023444492567333927,5.784873429089216,0,0,0
garch,t5,1.0239697828719323,0.011004055386933942,0.009958130332641906,0.00466525131855674,5.717454488749043,0,0,0
garch,t5,1.5532551679092597,4.560344209974687,3.090884918612287,1.8554162752831689,5.9157100438592405,1,0,0
garch,t5,0.6607970395857528,2.259614359836519,2.2945077258466333,1.046522336849368,5.318329920485507,0,0,0
garch,t5,0.536368485855507,1.8969750612471898,0.052475383459788694,0.22456300436693416,17.894813699121585,0,0,0
garch,t5,0.8711319138463591,0.35279281244766025,0.2963956763074203,0.09749093343228027,8.237448653473388,0,0,0
garch,t5,1.8651823837507808,8.965483279755517,6.7405799801503585,0.8990769245396981,20.943751274331927,1,1,0
garch,t5,2.010625341669876,9.406849701955025,2.425044556310639,3.2214622748041597,6.840111663283029,1,0,0
garch,t5,215.0020216788633,26.841556595119414,3.2150748082610727,8.581637134894125,7.255579482842016,1,0,1
garch,t5,0.6799678550347398,2.914353233146244,2.5460167909362377,1.1293132611201526,6.16128400060676,0,0,0
garch,t5,1.0937253547011137,0.1558040879899636,0.04782544325194965,0.05448663340621246,6.718983840620225,0,0,0
garch,t5,0.712331304949803,1.5122099714954516,0.497790015904502,0.38520199278510864,8.851516865537418,0,0,0
garch,t5,16.095818786934185,7.304439968189968,1.226641830584265,3.213750855878744,5.545741282233091,1,0,0
garch,t5,0.8354554397952844,0.6194759211159635,0.1621575398519874,0.21336284656853804,6.806783430937876,0,0,0
garch,t5,187.06337703903841,19.45950331168956,2.729621125078796,8.765294105688,5.4401255855321144,1,0,1
garch,t5,1.7800999793349355,8.991564047129941,1.6556112308648263,2.7110977592419143,7.633153685792718,1,0,0
garch,t5,0.8994253632469136,0.199195501436634,0.1327707191640963,0.09149636576934159,5.354172972045629,0,0,0
garch,t5,0.7085831712648691,2.6350029739539877,1.7734584532124205,1.0129430410615798,6.20266760743519,0,0,0
garch,t5,1.141429033894832,0.1487003953849637,0.03203065796154571,0.06772182501737294,5.391505850494048,0,0,0
garch,t5,1.1093729188811576,0.2298366223985795,0.09488243598039832,0.08443236924477114,6.444277460277787,0,0,0
garch,t5,1.4409599333762841,1.7476396917959391,0.2021859447507738,0.5912080704104179,6.912096871690956,0,0,0
garch,t5,0.901430745151294,0.11244440613160123,0.05935696001621333,0.06048346962326524,4.718186368341176,0,0,0
garch,t5,2.5038789238031613,6.856177460044989,0.761163459989346,2.9334321103963075,5.674509040619125,1,0,0
garch,t5,0.9620053496998371,0.04168033800704052,0.02147221842627364,0.013886247059987684,7.0031105347592,0,0,0
garch,t5,1.021026805676055,0.006932494374950693,0.0014020373333922178,0.0021137302612816837,7.559488220362704,0,0,0
garch,t5,0.8258624257864526,1.3669255867135348,0.38577091697733684,0.3909599473617703,7.992663038439924,0,0,0
garch,t5,5.4401301016626356,4.935273434628641,1.280266417450233,1.8245054477031997,6.409984871069,1,0,0
garch,t5,1.3515723756067355,1.549176681473,0.6805850626216066,0.7190125646880868,5.309178330270333,0,0,0
garch,t5,0.5808098042008406,4.3656744474853895,1.4652037962016022,1.9544733809276005,5.467366493795299,1,0,0
garch,t5,1.206112538965968,0.620058007517855,0.2863367876272432,0.3236001458917339,4.832248009710764,0,0,0
garch,t5,1.6683047974626997,0.8134972051268505,0.0766687026452879,0.21704476328241923,8.496123774876114,0,0,0
garch,t5,1.4079481084998853,2.256022898526453,0.9843837056631726,1.1425063826623008,4.949252157820606,0,0,0
garch,t5,1.628401398028276,2.9049846060306663,0.19027637714304466,1.4577648651415804,4.9855324757721196,0,0,0
garch,t5,0.31100839799999663,19.99714328043342,17.815419708672422,8.014305502081077,5.990362115654502,1,1,1
garch,t5,0.8637688048421321,0.2904603987540213,0.11266759217792806,0.09262215259076395,7.2719423081727275,0,0,0
garch,t5,0.8491167113553375,0.4961243526305452,0.4816012550652258,0.24782395004729707,5.0038450887080135,0,0,0
garch,t5,1.0219939955162554,0.00952214611504587,0.0015933002673810227,0.0031671119760209887,7.013141427988947,0,0,0
garch,t5,1.8357628020692556,3.716773731718945,0.6494917981798006,1.765515391256531,5.2104121551426275,0,0,0
garch,t5,0.8611785981734633,0.4225679909789051,0.36473633662674576,0.2165557742370573,4.902625016281784,0,0,0
garch,t5,0.6767415860758867,2.599631031830313,1.763378701498055,0.8413673104799814,7.179538946782426,0,0,0
garch,t5,0.7299732685421023,1.5342706411543077,1.1352355954837996,0.5977184850997838,6.1337567078862385,0,0,0
garch,t5,1.1734029685155831,0.7054872331739261,1.3913796390560804,0.17590840511454703,9.021074748696982,0,0,0
garch,t5,0.841261442029226,0.9029440290867115,0.984298264378271,0.36067885320816967,6.006914162309192,0,0,0
garch,t5,0.9584867863169,0.053834028315350224,0.014956186522072493,0.018515986686106236,6.81487006098848,0,0,0
garch,t5,1.1616721129542318,0.5769778612035452,0.25995317370548016,0.20796092467198288,6.548906479557286,0,0,0
garch,t5,0.8473662702340108,0.5930492942435137,0.28580859575909406,0.21346318975660208,6.556454908405787,0,0,0
garch,t5,0.6120581000283809,3.0237843748355715,2.888872608178582,1.5608980737019906,4.87441617845558,0,0,0
garch,t5,0.8061835463630419,1.2403053267184987,0.4369659665930752,0.10294949012601604,25.095414658203637,0,0,0
garch,t5,1.8876043908001086,9.00177420704722,1.8579011731548314,0.7586351558940558,24.731497643128804,1,0,0
garch,t5,1.290365014974634,1.2528395558697412,0.37070965999483,0.34745063753964256,8.211611783137384,0,0,0
garch,t5,1.6758713739400282,4.695401921010557,0.8023508128496998,1.7590394396090414,6.338597663340786,1,0,0
garch,t5,1.0777864282849317,0.1821296286630627,0.15792403087428958,0.07577406746353532,5.80717572012902,0,0,0
garch,t5,1.4989650794920784,2.431790391489585,0.9825464802061821,1.110550046479931,5.379434135719575,0,0,0
garch,t5,1.3134880270544533,1.1741610683744739,0.21657270267942075,0.40708034504975926,6.768694473475259,0,0,0
garch,t5,1.2112927227008685,0.831902775432809,0.24355419515525242,0.2838631062948157,6.861295511709141,0,0,0
garch,t5,1.3002798207183008,1.0658126481555428,0.3815479516405178,0.4254890600285345,6.00982398035835,0,0,0
garch,t5,0.7046654254473761,4.351350247320283,5.562688399747568,1.678160193710729,6.185858017164174,1,1,0
garch,t5,0.9926991509534541,0.0009140271904470865,0.0002295468629603399,0.00035181022272805793,6.196137754948699,0,0,0
garch,t5,1.3521693489459927,1.7667646226789202,0.6011228724352894,0.8020938929601458,5.40538106120877,0,0,0
garch,t5,0.618170609003413,3.930855223220192,1.4634550080191921,1.4545864865483682,6.404773465959849,1,0,0
garch,t5,0.8710413303707931,0.15229168406250437,0.022106359024261994,0.04898345104669564,7.218087162430659,0,0,0
garch,t5,0.37401593735441946,15.687410903459408,10.925735790654384,4.690912760772966,7.688425772759178,1,1,1
garch,t5,0.8539729036241307,0.458297506865847,0.21062398685123607,0.18121869944332683,6.057949408903821,0,0,0
garch,t5,1.06381180930567,0.07004354871679652,0.03271701796980751,0.0312752832653986,5.479163185983942,0,0,0
garch,t5,0.8532442710093726,0.7174381199583877,0.5207288031879969,0.19542735991836524,8.342248498450566,0,0,0
garch,t5,1.004462040134918,0.0004429395842748818,0.00034463393208534885,0.00018723974953922752,5.731255893739423,0,0,0
garch,t5,1.0437452702747088,0.01453440734439937,0.008419475998341036,0.005979217084538624,5.861642298281228,0,0,0
garch,t5,2.3498240419313055,9.107218327108626,1.5669754326055523,3.7005009901334502,5.9221542441907005,1,0,0
garch,t5,2.272409370293967,7.694058614331595,0.051559009096809265,1.8849630057683266,9.163617631525275,1,0,0
garch,t5,0.916427951729023,0.07701096522839634,0.025200647924832283,0.03007080485426279,6.12197565722817,0,0,0
garch,t5,1.283201524679678,1.8139928114940176,1.0986968823837298,0.8451132672158409,5.292898672553264,0,0,0
garch,t5,3.3506951424717992,12.714381698943612,0.5770937180745429,2.600137749095862,10.779775477945156,1,0,0
garch,t5,0.9548325066907593,0.0483878619194229,0.021927755867833337,0.016166367080222867,6.986238179463117,0,0,0
garch,t5,1.2865476922577956,1.4042841172990848,0.7426417080936879,0.5804314352157388,5.8387596952847005,0,0,0
garch,t5,1.0444088877881572,0.028371737178815692,0.011180334335968422,0.010176806779407882,6.575764145630452,0,0,0
garch,t5,0.9547418377183019,0.039107084473357645,0.014544047785557965,0.017763490742974997,5.403085524034569,0,0,0
garch,t5,0.5026244720818408,4.431330214993636,3.0000880592440593,0.8674218072223892,11.217244201372802,1,0,0
garch,t5,4.9977142256939215,10.537347687910142,1.941713603391249,5.059153491684006,5.165656450325506,1,0,1
garch,t5,1.5815635581208385,3.340761069655855,1.6850343999419093,0.3625668806976828,19.428385202902547,0,0,0
garch,t5,1.2008382039593466,1.4535849804607892,3.8378491317319714,0.3730438261247127,8.793105681769624,0,0,0
garch,t5,0.8722311937694793,0.3475745821889973,0.14017790610165842,0.12710796746930447,6.468966094087433,0,0,0
garch,t5,5.283885738863632,9.112473345094202,1.2802766986671064,3.3865451579800725,6.3815749798118135,1,0,0
garch,t5,0.6635895965997297,4.193179148291392,3.343786629348204,1.7124921849341819,5.8971658792738415,1,0,0
garch,t5,1.0399125819004154,0.043131547982738994,0.01460367709491388,0.015590794146606695,6.532950737102316,0,0,0
garch,t5,0.6249378036601427,5.184376388333703,4.413476799113748,2.2807495422782122,5.546204037077297,1,1,0
garch,t5,1.3313842400580895,0.6328950554795938,0.0747461038137404,0.2740602447997917,5.618656426742525,0,0,0
garch,t5,1.0563343610659326,0.04363943367536649,0.016139472146333707,0.021010992870525925,5.153962065884434,0,0,0
garch,t5,1.1947738310510183,0.79619393245639,0.38273986180175146,0.2418903099729077,7.5830990298500645,0,0,0
garch,t5,1.8832655873185806,6.363753267614811,0.9499415488616136,2.3388113175880676,6.441869739349066,1,0,0
garch,t5,3.2353923380709313,12.850381412183651,4.248592013279497,7.1126212379991225,4.613402424279418,1,1,1
garch,t5,2.061922413045879,6.947416498142502,0.7325678754690449,1.9874008605035882,7.991459686076712,1,0,0
garch,t5,1.2702279888738244,0.9716935838948757,0.26297604262327773,0.37338311294842785,6.204807342366805,0,0,0
garch,t5,0.8994005632831388,0.10497916871236157,0.02766063551447336,0.041487313403819524,6.060784133720102,0,0,0
garch,t5,1.3575628009326042,1.1313409434421828,0.31666649236996125,0.4717732066055209,5.796122067136245,0,0,0
garch,t5,1.15882882033539,0.462166262594792,0.27842110825095845,0.20309360818593794,5.5512634959113605,0,0,0
garch,t5,2.3797862744559093,3.8813642038025478,0.5607139554466902,1.839509066780886,5.220000079254709,1,0,0
garch,t5,2.8105165858547947,11.409971296268964,2.2190920114379225,3.742913233400326,7.09683985963166,1,0,0
garch,t5,2.0341666428378056,2.27814977730759,0.44536447273196605,0.8209319283187635,6.550155131554334,0,0,0
garch,t5,1.6095665002808137,4.230489050336871,0.5977742601188178,1.509973903595023,6.603393595431956,1,0,0
garch,t5,1.1956904923583576,0.63568319904698,1.458258009672627,0.07893700142781049,17.106089350969974,0,0,0
garch,t5,210.46289530911096,10.267019438247871,0.5284470385830251,4.540060370014205,5.522855910048504,1,0,1
garch,t5,1.48661370475312,3.076468524034567,0.8469243093932403,1.2573543716297997,5.89355840079803,0,0,0
garch,t5,1.0966034627137182,0.11967712757927984,0.03647724320508065,0.038887438337296305,7.155053286937621,0,0,0
garch,t5,0.7883348962657846,1.709655663063586,0.994958038032915,0.3205910703546635,11.665647431615785,0,0,0
garch,t5,0.8985736720618986,0.2335680564830227,0.1395150437366994,0.05593014955134858,9.35213416579863,0,0,0
garch,t5,0.7917989992789785,1.1250567217010712,0.7450836135742717,0.41191631565081505,6.462549935287299,0,0,0
garch,t5,190.10265656716982,21.234584969295952,0.7807303145907607,5.871422797721141,8.23319907315742,1,0,1
garch,t5,1.2022020382853487,0.49621291709047455,0.14071445106711858,0.15679374882725064,7.32949873068196,0,0,0
garch,t5,0.7371106980574709,1.6241015580754379,1.2852327269693236,0.8073907527421449,5.023086845023911,0,0,0
garch,t5,0.6047314355300024,2.919916499899955,2.858214748979108,1.2002198741366763,5.865635976908422,0,0,0
garch,t5,0.6123989324920567,0.5104635778992588,0.14212334572862212,0.20590139293996346,5.958330496074879,0,0,0
garch,t5,5.882493453179544,18.318166136844525,1.5215517786014299,7.258312720434066,6.047499837055533,1,0,1
garch,t5,1.3348638391577792,1.6742556090446215,2.096080783695206,0.6932007150743951,5.830507449389859,0,0,0
garch,t5,0.7723949929632927,1.711212809138658,0.6264806579564759,0.6413934926951467,6.335921953146459,0,0,0
garch,t5,0.725438963314357,2.6151717508550973,1.746787034534905,0.7673810352004349,7.815836281833657,0,0,0
garch,t5,0.6737352908065756,2.719704486430601,1.4750361961682652,0.9907819554301972,6.490016186759691,0,0,0
garch,t5,0.6956471689904477,2.13131943172624,1.592182008545678,0.9307185793612653,5.579943882046331,0,0,0
garch,t5,0.5991310881418441,7.852657974370231,6.078012228392216,2.7126590883228423,6.789638667220288,1,1,0
garch,t5,161.73819739195727,15.390886458358636,0.001627852018952933,5.936334977807858,6.185316029467768,1,0,1
garch,t5,3.591281668036567,5.423532254318218,0.6549361262649479,1.4917690643786443,8.271275941866032,1,0,0
garch,t5,192.41146855504488,28.46548109401084,9594162948.355804,9.493806429145339,6.996642401855541,1,1,1
garch,t5,0.665061353606829,7.533334630811623,4.239359472950394,2.6666682730675135,6.649997569548387,1,1,0
garch,t5,0.9196267942356531,0.068642757703401,0.02437599668426022,0.03139321464862444,5.373095171787941,0,0,0
garch,t5,2.0563866226562224,6.090493374624202,3.1365750668537937,2.1217576532256883,6.740988717881971,1,0,0
garch,t5,1.0414991846833734,0.023201142764719407,0.008034737344848148,0.010894840222563987,5.259106566183172,0,0,0
garch,t5,0.5022498456919898,9.769785935759899,4.7488498849431435,3.1764700642523924,7.151347715004703,1,1,0
garch,t5,0.5371212725281831,5.315981543971134,4.001304881423421,2.3464724691458065,5.531041053216641,1,1,0
garch,t5,1.2070580438319145,0.5583354722682543,0.1297571471518251,0.11313513980297438,10.870239666307027,0,0,0
garch,t5,0.7442741920096978,2.0219746135536525,1.6227473468204208,0.9123027127235758,5.432683549777634,0,0,0
garch,t5,1.0522091448270325,0.06029426007552274,0.037010365612471625,0.008423912500498787,15.315025250310391,0,0,0
garch,t5,0.8869003167274887,0.5287870223460232,0.2535037329544173,0.16423552882498801,7.439374307486256,0,0,0
garch,t5,1.6335168576781667,2.8953599970634514,0.41910474733890063,1.1278276597309198,6.134401470086723,0,0,0
garch,t5,1.148517882520627,0.40951845690941013,0.13814040047775383,0.17029347299458386,5.8095613966653294,0,0,0
garch,t5,1.716478177964465,4.88571879162896,2.2596940885806895,2.047930669662579,5.771371281268951,1,0,0
garch,t5,0.7988615618710591,1.2298555578904597,0.629119915406877,0.256758399461461,10.57986621251749,0,0,0
garch,t5,1.496691776232519,2.518717973918342,0.6380088823343497,1.0642511965895323,5.733314807612621,0,0,0
garch,t5,4.882825791230418,4.046229643886591,0.0019247574325950375,1.5124547281961003,6.350546457297952,1,0,0
garch,t5,8.636781562538124,21.639019487985593,1.5830923719169052,5.157401996245991,9.391441855312566,1,0,1
garch,t5,0.9746862230303159,0.013192133918437321,0.00444971372789313,0.003319810726271074,8.947521715043786,0,0,0
garch,t5,1.0114166322263958,0.0017700229216188745,0.00030667128282023745,0.0006191743883186371,6.7173647845007185,0,0,0
garch,t5,0.8684784951755411,0.5880006126752733,0.4382903948382477,0.21725418189975468,6.4130199707418125,0,0,0
garch,t5,2.0122824274036857,2.087654017837167,0.4281575553895018,1.1637577568655766,4.587781057563009,0,0,0
garch,t5,2.1723169416947115,5.386228332687551,0.737652385683579,2.586775532011246,5.164434266547821,1,0,0
garch,t5,0.7312346209427005,1.5123183817711094,0.8153340964064952,0.6643244785501796,5.552950946716852,0,0,0
garch,t5,0.4504782973802201,9.44073769097352,5.984587106018798,4.0572910333024,5.653714812905253,1,1,1
garch,t5,1.1647880236551573,0.5500393052898289,0.21518901618418834,0.18662736616366318,6.894519293676052,0,0,0
garch,t5,1.0213648791853216,0.012308359734674923,0.005931417669595149,0.0036056887046216953,7.827189334951921,0,0,0
garch,t5,0.906594107840003,0.2136800558145069,0.12627233142270172,0.07719350017338303,6.536218861291784,0,0,0
garch,t5,0.5419930326467659,13.14703657335997,7.287445177554005,4.364154769630284,7.025009316740497,1,1,1
garch,t5,1.0885923835436346,0.06193762029550953,0.013591779730469888,0.027910841227602963,5.438248191119022,0,0,0
garch,t5,2.07015875102866,6.205831598540556,1.314136901277248,2.917209969324967,5.254634848911177,1,0,0
garch,t5,0.8342915494309957,0.4712797286293835,0.2294045655267821,0.1972714174059277,5.777982891050311,0,0,0
garch,t5,2.100050886460773,7.074717212504197,0.4002672020635055,2.8770903805133003,5.917966609892874,1,0,0
garch,t5,1.1725279126728205,0.5121645417139007,0.3172199953573152,0.18562426268368515,6.518293075584195,0,0,0
garch,t5,0.7612817709752037,1.4202741277074438,0.8784612414490537,0.3869372787515634,8.341107748986593,0,0,0
garch,t5,0.693591621890339,1.793709260914511,1.615252253785394,0.6615666655572154,6.422610764113182,0,0,0
garch,t5,0.8705521849450004,0.2096270145689232,0.12143702025419041,0.1058427072253404,4.961104549652623,0,0,0
garch,t5,0.8543093473352383,0.8655554410508444,0.9372688833320053,0.2890519229302045,6.988927056955401,0,0,0
garch,t5,1.0152492933325221,0.00514631473947702,0.0019243629779328592,0.002119989240467993,5.855038545705976,0,0,0
garch,t5,1.4093813889494076,0.7656842836204305,0.09040424504329668,0.30319818627748446,6.050718099742738,0,0,0
garch,t5,1.8197165310308538,4.840794561519715,0.5882174294623389,2.0646342292627136,5.689251483783039,1,0,0
garch,t5,1.1232293354833773,0.21881396526816843,0.16357278875114206,0.07388724552353221,6.9229157540722985,0,0,0
garch,t5,1.01009221811237,0.0022531853076088737,0.0010663027548104462,0.000771451012458041,6.841421609985699,0,0,0
garch,t5,0.68766317925123,2.8384164678009824,1.5216293297548835,1.2449594550659948,5.55985366631963,0,0,0
garch,t5,0.729907660684718,1.719191743917122,0.342986703811377,0.26538260894389426,13.956325591633506,0,0,0
garch,t5,1.5039868257237308,1.6117645860180687,0.22356251655505063,0.7770782508694379,5.1482684252576565,0,0,0
garch,t5,1.5496848816547841,2.875665659673814,1.8060719104746974,1.3238717216938611,5.344326738839124,0,0,0
garch,t5,1.2204566015450067,0.6733569266554014,0.26773280390568227,0.32792163304381,5.106816134118493,0,0,0
garch,t5,1.0847083897494163,0.056555416712399165,0.009535330142826754,0.01886105523209556,6.997057536437272,0,0,0
garch,t5,0.3459309703989883,23.790745791971403,57.72642908687854,2.4243250884067655,20.6266960283007,1,1,0
garch,t5,1.99031387123025,5.159752423869577,0.17740757351572656,2.1928990502920778,5.705873189358476,1,0,0
garch,t5,1.1046612974245453,0.26449708577570163,0.20241330846110547,0.11172171102305284,5.734927228623,0,0,0
garch,t5,1.2307959128107964,0.5543602971712858,0.12087396462991788,0.2685805920994465,5.128074131030469,0,0,0
garch,t5,202.83505809553586,40.343326992049015,0.32488013920897324,4.471748982722655,19.043645628554806,1,0,1
garch,t5,20.317279717311056,35.551541337860215,5.248523748410148,12.058585648569064,6.896469515407713,1,1,1
garch,t5,1.1682624976611102,0.25261012895339263,0.03212934372462306,0.08264142151597999,7.1134023185829784,0,0,0
garch,t5,1.8285584910628148,3.318904945770214,0.23223603332080964,0.7748381419013244,9.56670513825293,0,0,0
garch,t5,1.8100382208817045,2.707543841667075,1.2638060347235394,1.1903535012947912,5.5491424836772945,0,0,0
garch,t5,0.8573903809010639,0.4388108993281321,0.09007220659388683,0.08179962941557314,11.728921450213578,0,0,0
garch,t5,2.8514031945786718,4.177733406988182,0.25264094299744305,1.6571079193656726,6.042198348297537,1,0,0
garch,t5,1.3642121744215612,2.1279508899056054,1.0232130516613231,0.8677811816730244,5.904349010664319,0,0,0
garch,t5,0.612091244501632,3.458006474634203,2.284397117948564,1.7385795670543818,4.977967462821376,0,0,0
garch,t5,1.5509516474712504,6.504507416005254,13.921591104257146,1.7542458050413252,8.415730905341427,1,1,0
garch,t5,1.4726848229301182,1.1022999623090755,0.1303131168000755,0.5222345870130867,5.2214743707944145,0,0,0
garch,t5,2.137700148423708,10.095939141700626,5.3357128601070505,3.578633579944714,6.642343043043036,1,1,0
garch,t5,1.2623890325020857,0.793405686497465,0.13707781781894138,0.31754043757224765,5.997194641182966,0,0,0
garch,t5,2.7789808124708566,11.001695104037594,1.2251904610393751,4.460442171529025,5.933006496199567,1,0,1
garch,t5,2.467550080724827,8.163291325689272,1.9632855602347785,3.8077643458913326,5.287708263510401,1,0,0
garch,t5,1.0417887904471164,0.03524889968923617,0.013486174625702629,0.013550224008177424,6.202703611093634,0,0,0
garch,t5,0.8184602971129014,0.24969543177041942,0.02796648443704617,0.07756496907192824,7.438355736050629,0,0,0
garch,t5,1.7898146817693097,3.9322137729482733,1.2487994337058146,1.5844775096551829,5.963420116709652,1,0,0
garch,t5,0.731926844649436,1.0784993324773495,0.1649225519630714,0.30238354239423165,8.133320311931918,0,0,0
garch,t5,0.5998121172653805,3.1776140148099614,1.957680195432104,1.1914728124737854,6.333926182020833,0,0,0
garch,t5,1.0679583070805228,0.07038967433481957,0.004260978369949404,0.014890925430320164,10.454036240285726,0,0,0
garch,t5,0.9836083069052701,0.00747361830826776,0.004421625057392728,0.0022514077255226363,7.639062506133004,0,0,0
garch,t5,1.5279563602757602,3.17698144405324,1.0398933887795627,0.5894651215502438,11.779200763220885,0,0,0
garch,t5,0.7161248166765917,2.070788500990375,1.51548885311186,0.9333905587021191,5.437131877292201,0,0,0
garch,t5,0.8992850259899239,0.3585993303313444,1.0233228049185203,0.11673346825106669,7.143899186822415,0,0,0
garch,t5,0.8673473604057969,0.3592436328972326,0.08946084062666215,0.0799994874483499,9.981148363710984,0,0,0
garch,t5,1.2830455169695518,1.1187739134700223,0.5703468465395383,0.5161574801885893,5.335009978199886,0,0,0
garch,t5,0.5316472853567468,7.024666366324482,6.564054029453522,2.635481996634293,6.3308399566345015,1,1,0
garch,t5,0.9335292373653334,0.08791721442446487,0.047747210571713244,0.03779143191931201,5.652759102231203,0,0,0
garch,t5,0.4309933988038223,19.72517794873795,13.721425784775503,5.174940162983894,8.623345324775435,1,1,1
garch,t5,4.120771256661097,4.194918910342949,0.039536153074747386,1.0469654781645177,9.013480860318815,1,0,0
search05,t5,0.7076736851440159,3.483319003611882,1.3041624877357774,0.6042384184269421,12.529617771343505,0,0,0
search05,t5,0.6074222082142658,5.071190382364875,3.147259376376684,1.646388266903857,7.160382073059337,1,0,0
search05,t5,0.6193996564768166,3.294650928424744,2.333726935266836,1.5563374850742808,5.233851539298364,0,0,0
search05,t5,0.8600126058281319,0.5408878049349823,0.46254590576088234,0.24012346891326247,5.505080718539529,0,0,0
search05,t5,0.5058551936583087,9.929167665281966,8.932884674936508,3.70597657815435,6.358462179071239,1,1,0
search05,t5,0.6745252240280782,1.9261126016019716,2.186335596062587,0.8930953164403629,5.313341624674368,0,0,0
search05,t5,0.540546534139878,7.158099120903444,3.5163896902401195,2.9056724038609505,5.926982898273065,1,0,0
search05,t5,0.6954346452652397,0.9953075707429662,0.4708687320665077,0.4668867729793613,5.263592923789956,0,0,0
search05,t5,0.1716834142508238,31.646813134671902,16.888967325079182,5.271183710548441,13.00747872677699,1,1,1
search05,t5,0.45941021057326864,10.586735564682726,14.524031793174341,4.875552778015528,5.342783699284163,1,1,1
search05,t5,0.14028280278830152,37.59862294861364,1265.6517127282793,12.23883596407391,7.144150155943144,1,1,1
search05,t5,0.698778930573039,2.9899651014484903,2.145861171061451,1.241300066796324,5.817473520589267,0,0,0
search05,t5,0.7378360620164116,1.8955907943895909,1.5480185473059263,0.9648403682633372,4.929335580768778,0,0,0
search05,t5,0.49854713510270043,8.364302183787458,9.094885543574293,3.8387329066119764,5.357845355367378,1,1,0
search05,t5,1.2091075514940117,0.5267524322022155,0.26429215787565535,0.16778062004218788,7.2790616946077,0,0,0
search05,t5,0.4971410479638822,9.15061246961875,6.8147759544186215,4.024727486182001,5.54719605291803,1,1,1
search05,t5,0.6392260565794777,2.135359073938048,1.1243433476212157,0.9947207277203299,5.293384091496309,0,0,0
search05,t5,0.3390431529643273,15.938784887657562,13.39238862226112,6.610401527602777,5.82233486758789,1,1,1
search05,t5,0.3650774779364061,14.969768097328028,12.328802219947754,5.8663399626322565,6.103614244207906,1,1,1
search05,t5,0.6167539269888557,3.610883225384015,3.8055704620407003,1.3940938845270674,6.180258324723907,0,0,0
search05,t5,4.184928846556998,8.691870534696648,0.632581403375363,3.791764332788761,5.584604828699343,1,0,0
search05,t5,0.4703158689752735,7.684260874952997,8.339226366663516,3.259654656371572,5.714769928116618,1,1,0
search05,t5,0.6851768185865008,1.9842180430463259,0.9007917180515607,0.508513560778497,8.803992640859503,0,0,0
search05,t5,0.6145936818920327,3.7044540797935497,3.5204996001158166,1.5410766986684936,5.8076180543048075,0,0,0
search05,t5,1.219398843228971,0.24185682659458507,0.04255188983030968,0.1021086673067227,5.737243820215085,0,0,0
search05,t5,0.451644776491841,7.050604083090718,10.011792259597865,2.8956638278022,5.869767004992499,1,1,0
search05,t5,0.5154081460058454,6.279744324713533,3.5280833244312797,2.7146519920610586,5.626555700751706,1,0,0
search05,t5,0.8640776878525879,0.41147311491636174,0.15964366911836478,0.1505764495401913,6.465305048337361,0,0,0
search05,t5,0.6945725308099325,3.579770631135034,2.740871624818631,1.2389702972265304,6.778622198043731,0,0,0
search05,t5,0.6565700454896641,4.680350482867425,4.174230222427757,1.954503384117015,5.789298929745128,1,1,0
search05,t5,0.6561258250959717,1.9369288610828335,0.8016442530348671,0.658484026201148,6.882994223131412,0,0,0
search05,t5,1.0167195770791744,0.003852105156397556,0.001563393774393843,0.0013093406891413217,6.884037956421875,0,0,0
search05,t5,0.3529148453049684,24.120912321036485,18.386912582575988,6.618094371766884,8.28938300545773,1,1,1
search05,t5,0.4554968690157153,5.532884911370729,6.307723524633945,2.5497618710983683,5.33992285639389,1,1,0
search05,t5,1.3573154397944633,0.5943643412794017,0.10469564440620431,0.23009722094995172,6.166201823955809,0,0,0
search05,t5,0.5746438218867179,2.157667968881242,1.8803307025447948,1.0842611425311452,4.979978409710949,0,0,0
search05,t5,0.5637686136435772,2.0493334385045046,2.2070391313905424,0.8489268646560124,5.828056511876086,0,0,0
search05,t5,0.41256854915857116,28.485985251759757,9.58561286569796,11.71840866844319,5.861749757622024,1,1,1
search05,t5,1.142216393205441,0.18352266160400177,0.05351002679380007,0.06308777314498515,6.81801044656432,0,0,0
search05,t5,0.127433612516172,32.616408650154995,41.27811098717348,12.667061723844412,6.149798644899319,1,1,1
search05,t5,1.6877196655387552,2.523591908431854,0.5002518381140504,0.7964729673947637,7.336917916213624,0,0,0
search05,t5,0.5781944889591495,5.7747541602333285,5.4704714706968165,2.607801467206155,5.42882959677146,1,1,0
search05,t5,0.3576601361115916,21.405908715416956,28.537946959699518,8.500005366812763,6.036681223518687,1,1,1
search05,t5,0.5227570019472626,10.483401798281193,10.584439598172189,3.310079087746118,7.334230403793462,1,1,0
search05,t5,1.5124269286173568,1.3342635272955476,0.1339920219711761,0.5553053986994019,5.805512535698619,0,0,0
search05,t5,0.3117114839345608,23.828464682938375,46.91874451888751,11.766682169377896,5.050158632643374,1,1,1
search05,t5,1.185780408099292,0.21488238831648232,0.01214951306679749,0.04735298245736347,10.075769979640121,0,0,0
search05,t5,0.5581057143569753,8.193986142000085,3.602380892895457,2.293497234148021,8.145407476407055,1,0,0
search05,t5,0.6566047417362632,2.305379491722448,2.969088964911819,1.155671557925057,4.989679378908704,0,0,0
search05,t5,1.0852145944585494,0.09002331430764343,0.036104984825646384,0.025908032155351673,7.949452105651169,0,0,0
search05,t5,0.47329513380285293,4.916615143573949,1.2055658610267805,0.5645432393251447,18.418028597601396,1,0,0
search05,t5,0.6426943903313848,4.128040435237324,2.3941398438952373,1.4467384411669826,6.706685213821404,1,0,0
search05,t5,0.27091813267982456,20.545272202140836,25.316667921812236,7.127867623499615,6.764773782949014,1,1,1
search05,t5,0.5998068797495553,6.732594091830492,6.756834184562341,2.426839160790312,6.548446885650214,1,1,0
search05,t5,0.47587549168081467,10.226057237777923,5.371153766793653,3.9752767662939017,6.144827813994718,1,1,1
search05,t5,0.2728533580978879,11.702963787494411,14.430544354519139,3.5787171678675893,7.540312206045457,1,1,0
search05,t5,1.2229808187625248,0.6402537861740711,0.3280598426253904,0.30173616985354124,5.243798723135128,0,0,0
search05,t5,0.6386634583648385,2.031888982687292,2.1418201981226175,1.0181977985518456,4.991147860616456,0,0,0
search05,t5,0.19076954235803645,38.42992082742762,44.41136651329209,15.332790383491295,6.012775870047091,1,1,1
search05,t5,0.2658886255569745,28.950469573340115,15.337095583754802,5.24308064943539,12.043305075407412,1,1,1
search05,t5,0.3139385788981828,25.519804876229955,32.946265744791226,6.059242146745853,9.423431266874026,1,1,1
search05,t5,0.9556861568730712,0.022077180415323028,0.007887617386178915,0.008990721743120853,5.911103034017292,0,0,0
search05,t5,1.182288718082582,0.48128036310833977,0.19962705343491077,0.2259981793190884,5.259152569798509,0,0,0
search05,t5,0.297708667417651,29.9105258841754,30.702492097044953,12.13480167083629,5.929709886575191,1,1,1
search05,t5,0.6334233715351427,3.4598615920885436,0.7784807715949204,0.8138653056096016,9.502295326367395,0,0,0
search05,t5,0.7118730304724399,2.8869512400824533,1.9177182180562609,1.0566273545824276,6.464464321432144,0,0,0
search05,t5,0.31272394501777545,12.5877207159931,19.32416694700987,5.044318295072459,5.99085108419483,1,1,1
search05,t5,0.5167948163952752,6.185813764738441,5.159440154006654,2.8002351121079205,5.418067424404213,1,1,0
search05,t5,0.6779900899009406,1.7588315202756348,1.337565083066732,0.8338854453722065,5.218400812813267,0,0,0
search05,t5,0.8104701193911694,0.677016575809148,0.5258326445043703,0.2852256641775792,5.747234634451708,0,0,0
search05,t5,0.5779627844664655,6.748995790200411,6.0122629850721045,1.80200624933039,8.490535388218857,1,1,0
search05,t5,0.45098750716306785,9.322738632697991,6.791239730987025,1.8673845501655355,10.984808572901143,1,1,0
search05,t5,7.9181710706549815,14.59686934115689,6.351036885335866,0.5577111181130293,53.34562793205279,1,1,0
search05,t5,0.16668926823125063,22.946178776356646,28.207244238757117,11.45206949349542,5.007341867666745,1,1,1
search05,t5,0.2979977927865495,27.245894651887056,35.781799490950185,8.522011686409028,7.394240152319675,1,1,1
search05,t5,0.5438935143284606,7.944008078702041,12.701666958083996,3.2140381569965895,5.943319083756895,1,1,0
search05,t5,0.27409667821941547,24.418425227389434,25.880240688306493,8.058768808534586,7.0600882858258105,1,1,1
search05,t5,0.7315456204840132,2.104317644960844,0.8293960284052453,0.6109953954499758,7.888162040602911,0,0,0
search05,t5,0.49901650450873886,12.677996480316551,13.871138640697003,4.011472825398251,7.320868684462748,1,1,1
search05,t5,3.885203839378616,6.692578701155867,1.1001361993737924,2.7621116077586936,5.845987166019362,1,0,0
search05,t5,1.0945837869672868,0.13011588487415793,0.04606526272799108,0.041208640539161616,7.31498070170529,0,0,0
search05,t5,0.33200681505837826,40.80388332018629,346.86544636091827,10.882727278647696,8.498834120422181,1,1,1
search05,t5,0.45207484284567784,9.949355020752137,7.064113181488654,3.8701144844518964,6.141633437834184,1,1,1
search05,t5,0.33569727443456865,12.210454190165933,17.24430007987514,6.036512261089411,5.045532805051343,1,1,1
search05,t5,0.40766856782784533,12.458485765153569,16.62508756613103,5.870551313657669,5.2444006020931155,1,1,1
search05,t5,0.2590507754448609,24.18188995443336,20.390813871020647,9.373829036185898,6.1594476197685575,1,1,1
search05,t5,0.44179956161444345,10.534592333780438,7.10467854554221,3.0527241600004222,7.901764969016382,1,1,0
search05,t5,0.34050264153790677,11.748985597070487,16.015025002751344,5.427906939594473,5.329103548686954,1,1,1
search05,t5,1.080188382043279,0.08670858189975661,0.03496208294147581,0.03308484735561349,6.241588753169497,0,0,0
search05,t5,0.34235765802800167,17.623589269569266,21.942521900478287,8.106081504550037,5.3482388524410815,1,1,1
search05,t5,0.889748005261144,0.1807619811186214,0.05425259914908907,0.048607231338996734,8.437657983765853,0,0,0
search05,t5,0.7907716790587636,0.9784581733226787,0.2814286518344745,0.2236799728640495,9.748732940140117,0,0,0
search05,t5,0.6099744939549894,7.6619215933737905,6.144083804199941,2.5263660547437135,7.065567243501499,1,1,0
search05,t5,0.3984659146663859,19.799069793670014,22.8392774596673,7.017175318385003,6.6430312470023205,1,1,1
search05,t5,0.7155719865109966,2.3322715793518682,1.5371609350380147,0.8779269124809702,6.313133806915669,0,0,0
search05,t5,0.3847515587408804,15.653775411884908,22.643998526761823,7.499336909733321,5.174709204374594,1,1,1
search05,t5,0.5336842870957854,6.731878728111951,6.210269370218876,2.9740102053688227,5.52713895598559,1,1,0
search05,t5,1.9786130145133651,6.142504757300969,0.9411441278650923,0.6364504882251284,20.302380533733558,1,0,0
search05,t5,0.5470237670237837,8.186072352160636,7.328704302801534,3.061780753353517,6.34726227094776,1,1,0
search05,t5,0.6593690673050073,4.7835224846780875,10.985661547957589,1.6236485605128315,6.892312660526987,1,1,0
search05,t5,0.6883873063134054,2.035451812173278,1.0459910621675532,0.7833621085102809,6.196707346603974,0,0,0
search05,t5,0.4879757559893453,11.688339411699417,9.721696996326516,4.526428990038723,6.164485928055805,1,1,1
search05,t5,0.25915106799308674,25.374187836977512,26.852251473229103,9.396271930353898,6.4009053856792395,1,1,1
search05,t5,0.42207023664561855,11.954107978307889,16.862165609228434,5.1870414883157165,5.609220113328805,1,1,1
search05,t5,0.7973129185404582,0.8742112761024146,0.3857845075924286,0.3164056287161202,6.525889533948581,0,0,0
search05,t5,1.1222274163425132,0.12170927508850582,0.08374218557679863,0.013110664610021762,19.566453907374235,0,0,0
search05,t5,0.6344555053151171,0.9292194265303806,0.4758959645077907,0.5210238340269728,4.566897964526805,0,0,0
search05,t5,0.7710685249742188,1.81367204316075,0.9108748969545556,0.10583361910296814,35.274024804843606,0,0,0
search05,t5,0.4994679856382595,10.461915540107384,7.332822614300594,3.5782773977357265,6.8474591973934205,1,1,0
search05,t5,0.5319502799053726,4.817831899269606,3.2603601277071745,1.7827739045092805,6.404871461359812,1,0,0
search05,t5,0.01783481543474962,84.43780217836411,644363.4836262179,21.25370966025347,8.945700165112457,1,1,1
search05,t5,0.42755745743769397,9.751437274917635,5.778047395289647,3.517036262162786,6.545258307300494,1,1,0
search05,t5,0.283316574201726,26.598052125207346,35.897137348523955,12.881607805194244,5.129616819180324,1,1,1
search05,t5,0.3578063453508922,24.657810865699048,29.418467633214366,9.765196793302954,6.0501411057295975,1,1,1
search05,t5,0.7080535088368466,2.1014202258968453,1.3307324003787793,0.902705765348137,5.655825422996856,0,0,0
search05,t5,0.3928862787645067,11.026936004412619,15.796285412756255,4.547684965122218,5.8494722431223956,1,1,1
search05,t5,0.4970384853470258,5.469598429335065,6.2878952860521125,1.692856684723611,7.461974576693802,1,1,0
search05,t5,0.7785330996657771,1.4782652804417467,0.4675414543443035,0.5331777000001152,6.545112934923674,0,0,0
search05,t5,0.6929697964156267,2.8680704911810153,1.968621731909094,1.0277806417281037,6.581094593022613,0,0,0
search05,t5,0.22900245993729884,24.016490938530012,10.738804874375743,4.291810637661372,12.191775670520595,1,1,1
search05,t5,0.3278351912000247,23.514488811266858,27.454862719458017,9.044493548464297,6.199735880238309,1,1,1
search05,t5,0.5624442265283042,11.065801419027935,9.46492660400596,2.7333731348631636,9.096809965597254,1,1,0
search05,t5,1.3919050757142757,1.680431933552768,0.2516416856296301,0.5032380005341267,7.678477904169364,0,0,0
search05,t5,0.5494270116093853,7.551470169157881,4.546657246323676,2.7553343682828686,6.481345753229926,1,1,0
search05,t5,0.421877095021546,4.511048894584292,3.3570449945943786,1.6037304511101913,6.625694631490589,1,0,0
search05,t5,0.9692869543133535,0.013489936957853388,0.0053162184565428575,0.006618397507061094,5.076496445993498,0,0,0
search05,t5,0.6196692393904156,4.0489445846760646,2.8763582024855845,1.274503883574864,7.353757939629268,1,0,0
search05,t5,0.6108226343342252,5.044160765199422,4.052422722919219,1.541513055646983,7.544428211906847,1,1,0
search05,t5,0.6712682937498784,3.2698232863513113,3.6435429022227797,1.3448336875336135,5.862792056240163,0,0,0
search05,t5,0.4351053911932909,12.808400043937468,12.00685921994423,4.4834793795393155,6.7135982836854495,1,1,1
search05,t5,0.6787555199924438,2.193606999994472,1.634554678510068,0.998721342198573,5.392830927524773,0,0,0
search05,t5,1.9091554117021086,1.2805047287140496,0.10336101201839314,0.4046616763855883,7.328766984565647,0,0,0
search05,t5,0.4419967134828428,12.243731193338135,12.271330677322249,5.999489276176943,5.081591158752837,1,1,1
search05,t5,0.7740476066381533,0.3730267796812541,0.0781077319230226,0.16677588342207075,5.47338994136473,0,0,0
search05,t5,0.33283836297053293,18.678072900375582,19.568664513556797,7.84976050945569,5.7588898738697285,1,1,1
search05,t5,0.509834574036533,5.36297736364827,6.691663410120811,2.504615658218184,5.282475313967781,1,1,0
search05,t5,0.6709555953334523,2.8474459420705784,2.3867170438156817,1.356681068269498,5.19766444548771,0,0,0
search05,t5,0.3425619440512056,15.761858126555126,7.283917870345275,5.673023345788109,6.556775343876345,1,1,1
search05,t5,0.6717631672835311,2.22591003205315,1.1524722280705102,0.5172166289128581,9.607263988135141,0,0,0
search05,t5,0.17676044240135705,67.92657647767646,724.0503126827687,2.973894930031138,46.68189399816169,1,1,0
search05,t5,0.5248817836377699,9.406123779926531,11.508630012826867,4.7284108641555695,4.978556030835251,1,1,1
search05,t5,0.9974156299858001,0.00010148277829102881,6.240054605272562e-05,3.9255867308852046e-05,6.17032409410783,0,0,0
search05,t5,0.25425206042633686,15.81408950765288,17.68298545983674,6.016054318357785,6.2572961182869395,1,1,1
search05,t5,0.3859318875205695,20.406788904294388,19.906275324808067,4.98011467921293,9.19530883072738,1,1,1
search05,t5,0.7247715157267267,1.6564706738060977,2.0594793764872517,0.9216291377612065,4.594657777053243,0,0,0
search05,t5,0.41669781077562207,9.998035326938862,10.11840724664511,3.9566925512452142,6.053733742234974,1,1,1
search05,t5,0.34136945499053145,26.80702163934302,526.5616829220565,9.515159120453047,6.634592401449331,1,1,1
search05,t5,0.6876965195707024,3.3516819432629745,4.329340729982529,0.8939007474182934,8.499002440579867,0,1,0
search05,t5,0.35053295606825036,13.388408899946171,8.532401473050694,5.127600721357083,6.222094943618295,1,1,1
search05,t5,0.823905084701507,0.4482097926933193,0.25356112214730014,0.2295242348902574,4.905555270950993,0,0,0
search05,t5,0.45809808643740085,7.7998585240013085,6.592476255698821,3.239935471803955,5.814823376502894,1,1,0
search05,t5,0.7770873837046309,0.9979555306961174,0.27589751209373914,0.3108284671168094,7.421262118962132,0,0,0
search05,t5,0.7294887156800632,1.2574432480474798,0.7656290708803766,0.5041747069856759,5.9881250710310026,0,0,0
search05,t5,0.3623375918421838,20.19978234807752,5.51411059675998,4.24776541192247,10.510780558352645,1,1,1
search05,t5,0.6708615367147177,3.6812117574122567,2.577888029559695,1.5092378161954623,5.878239490038727,0,0,0
search05,t5,0.329877338870841,30.723826349127762,15.61090013230966,11.209791329236722,6.481605401341535,1,1,1
search05,t5,0.3080892047366121,28.060803729306144,25.340427563344683,11.727721218703795,5.7853804172209955,1,1,1
search05,t5,0.5636342240710205,5.910515130454428,6.472697890818589,2.3322629095948684,6.068481007127219,1,1,0
search05,t5,0.43028761205691407,22.213903388156268,33.896073952725565,8.035373188897433,6.529028426171786,1,1,1
search05,t5,0.47937779153893406,8.251737557580327,8.14677604447139,2.5386401696969934,7.500911516392839,1,1,0
search05,t5,0.4425660358946758,7.503442307643013,5.462631607175249,2.329828514938019,7.441197074835037,1,1,0
search05,t5,0.919233762219434,0.13458116131005227,0.03009909945210407,0.020173935904537983,14.342082769260628,0,0,0
search05,t5,0.4500538799721665,6.36370202272991,4.321357973375851,2.0430566261233434,7.229589470366173,1,1,0
search05,t5,0.25309024318506645,20.9966267590072,13.69264021747559,3.9453215911317367,11.643810028669527,1,1,1
search05,t5,0.537656184669685,7.639353277217708,7.654471843162735,3.2983783983728356,5.6321873081550455,1,1,0
search05,t5,0.6184605800833299,2.694752829875142,2.4853453352093102,1.0292842082030598,6.236168608045942,0,0,0
search05,t5,0.4895925837273249,7.674100979038997,4.4722870211464265,2.0133454209416706,8.623233350042547,1,1,0
search05,t5,0.527736425740201,5.483329906475319,7.152356327966074,2.6910188110341853,5.075281736412702,1,1,0
search05,t5,0.32656284487642423,18.01546005830869,23.477425617457904,9.072134654852567,4.971603320211402,1,1,1
search05,t5,0.5752240046306701,6.408179263693569,4.633784027276441,2.4384026834238446,6.25604676147717,1,1,0
search05,t5,0.6457503125196085,3.058318318814827,1.3645066047066576,0.6676308132435638,10.161705116504553,0,0,0
search05,t5,0.6567728140780263,5.349496095411041,4.166629840470323,1.8437838123577592,6.802736806296518,1,1,0
search05,t5,0.1978552543276441,29.41143075534967,31.15522703231524,10.624171762359678,6.536700914334099,1,1,1
search05,t5,0.33259561369210805,23.7200649313412,27.803634752983708,9.31242537806463,6.094282953872295,1,1,1
search05,t5,0.46477304606629316,13.409340021404205,0.0715513861052875,1.8730183520359405,15.318428868386121,1,0,0
search05,t5,0.7415450625382574,1.1606390047178365,0.5531263404774106,0.3602494579323415,7.443529499693606,0,0,0
search05,t5,0.5125404526447636,11.181385377674815,0.11452331236753324,3.868466329587983,6.780784644371304,1,0,1
search05,t5,0.36800013290934797,12.417813767974792,19.392156142467055,2.065467960703262,13.024213402706769,1,1,0
search05,t5,0.5242396855948424,7.948288351925953,10.828828374068204,3.348414196880291,5.747494117861137,1,1,0
search05,t5,0.5470972459058541,8.881699452877228,6.369410048350535,2.8055272376415625,7.331572428677283,1,1,0
search05,t5,0.8105380107874828,0.5037752950062782,0.19937995194311411,0.21633796071673878,5.657299101251068,0,0,0
search05,t5,0.6164962542651767,5.6507654048962195,4.521649771700944,1.8778243679841164,7.018417378364766,1,1,0
search05,t5,0.6559750431918495,4.182753947315234,4.441749414404815,2.114999070457437,4.95532461998726,1,1,0
search05,t5,0.6805763288125605,2.030347357852463,1.3870721966557333,0.9137557300019636,5.443960877483307,0,0,0
search05,t5,0.32967351806427175,18.31073917827348,27.323704694071047,8.120145686649227,5.509953364107534,1,1,1
search05,t5,0.516371812662709,6.6076091761960924,5.6080508174185315,2.691018993322396,5.910860304288065,1,1,0
search05,t5,0.7627786379834884,1.185645177974493,0.8246927096682818,0.2578697664452383,10.195689702742092,0,0,0
search05,t5,0.5422932793061989,12.076261602906015,9.237102545399352,3.7049049228889532,7.519066941933493,1,1,0
search05,t5,0.45068842271801224,20.732413322887624,28.21880838345909,4.977315786904671,9.330760679253926,1,1,1
search05,t5,0.552346019006173,6.2124054511483,5.097451923837149,2.744797702637528,5.526676370487109,1,1,0
search05,t5,0.2961457027122616,21.328000371720236,16.37060200232915,6.3523259032771975,7.715020827478959,1,1,1
search05,t5,0.6425953089535513,2.482448198577572,1.6960234357847228,0.8804593844268663,6.638984017856809,0,0,0
search05,t5,0.6853533489816817,2.6689861633130363,2.841145096412275,1.0149969742748046,6.259101713519835,0,0,0
search05,t5,0.4009762964308142,15.430521400897192,17.20195935811684,4.835968080662062,7.381564618923083,1,1,1
search05,t5,0.5763533873538058,7.688516136272597,8.29413719785093,2.3623785541169626,7.509131335343077,1,1,0
search05,t5,0.8456315561597803,0.6035859230863707,0.4000167224640145,0.2412571455760724,6.003672920403098,0,0,0
search05,t5,0.572261643295222,6.003936826770882,5.329166137342599,2.5077254375630136,5.7883526137577945,1,1,0
search05,t5,0.6069624196750939,3.8765994515814555,5.283704848123902,1.6442012706800695,5.715480422877946,1,1,0
search05,t5,1.0467518779591516,0.027891946686906977,0.01403084678128261,0.011185213264640722,5.987289205308306,0,0,0
search05,t5,0.3488748558127933,11.021194557511194,16.46834718601858,5.098240970791731,5.323528299526281,1,1,1
search05,t5,0.32463732995870587,22.921527058425,13.335883646594835,2.6586015385592714,18.243296316488596,1,1,0
search05,t5,0.4740530285645722,11.056339379194469,4.5384876259762725,3.0584043214207,8.230135859903926,1,1,0
search05,t5,1.0757288739466349,0.1469224623710943,0.2697781545682879,0.01582481936984246,19.568611614118787,0,0,0
search05,t5,1.364337438762299,1.58925913159851,0.7967213105626472,0.5551316209034008,6.725702056071705,0,0,0
search05,t5,0.6380354152227048,3.2129794454896228,0.9047435957954807,0.9605896995309573,7.689597956460446,0,0,0
search05,t5,0.39971307463709865,13.664706048449716,15.546299051740766,5.247895946605683,6.20768940065894,1,1,1
search05,t5,0.5625004848836055,5.688298650104173,4.197024925451224,1.9129559722366063,6.947129711985456,1,1,0
search05,t5,0.4701118848593389,6.068355102602482,6.0087215052543606,1.5293424695341646,8.935900850841987,1,1,0
search05,t5,0.5631788661911749,3.6699929449137585,1.7677513349912413,1.4364338178816023,6.109867087821873,0,0,0
search05,t5,0.5461212053090396,9.31950145631754,6.952787745072041,3.1425262674611405,6.931216265598188,1,1,0
search05,t5,0.5984771751185156,1.3820626165372687,1.221604830172246,0.5972384607697323,5.628176875133058,0,0,0
search05,t5,1.1136976619416932,0.2558780297943031,0.04215111343286141,0.0795959552518374,7.429422926949454,0,0,0
search05,t5,0.5105756854081959,7.692084132672733,10.645696957257865,3.5535631635876848,5.329223249211526,1,1,0
search05,t5,0.38165968866506184,19.167042428986065,20.653746996873874,7.379360449971027,6.19477061973882,1,1,1
search05,t5,0.467789841610105,5.857017512720574,6.897372382515414,2.629510859803488,5.454834244843764,1,1,0
search05,t5,0.7064446911971434,2.3321042800938585,1.5229532078192032,0.8627255136194636,6.406364465355357,0,0,0
search05,t5,0.7138330185380228,1.9263759543046035,0.6926141021655385,0.6424289443734931,6.9971642659508,0,0,0
search05,t5,0.2998683140533671,13.23335283451479,18.396232551637784,7.129362421899719,4.712352396019328,1,1,1
search05,t5,1.1261908655797057,0.13068815823100977,0.0715802275326169,0.05670132033448779,5.6097042347537895,0,0,0
search05,t5,0.5324280459898688,9.54825905646453,8.887266308423767,3.192953089239043,6.980832658421617,1,1,0
search05,t5,0.41635887223831075,12.639172000917824,10.59104930251363,3.823045649046728,7.612095779745339,1,1,0
search05,t5,0.5429369769951897,12.77122666174705,5.200974676381451,3.6436251091916265,8.01017600824497,1,1,0
search05,t5,0.24179487347682227,12.399340892616507,17.074462103127903,4.388708565235754,6.650564720034189,1,1,1
search05,t5,0.8184754850344653,0.5051826902372341,0.3293060606881311,0.235180965836914,5.296118849920469,0,0,0
search05,t5,0.21785598452285218,28.545108112841717,929.3375960466474,12.71852141383026,5.488746322634871,1,1,1
search05,t5,0.6541734809664126,2.2665222263663054,1.1842244581834942,1.1796547726091888,4.842687333605504,0,0,0
search05,t5,0.12155706778548764,24.90168790308917,35.43656304378172,6.533168485609629,8.62315803057558,1,1,1
search05,t5,0.8553932564792612,0.46108394295288235,0.3775322719141929,0.23515400344414333,4.921548739972056,0,0,0
search05,t5,0.8349162949299156,0.7739124151157739,0.45900521015848866,0.3907809989380297,4.960849771196278,0,0,0
search05,t5,0.09216346416185249,54.19539379301557,14292.4094631353,21.369751979910117,6.072159362819476,1,1,1
search05,t5,0.47090087617634563,10.94083598196221,15.008051971411161,3.470292770016839,7.30542533845588,1,1,0
search05,t5,0.5049288592736842,6.842323006983349,9.416249990536084,3.412447277179335,5.010214635543958,1,1,0
search05,t5,0.5285234595632883,8.570802419247968,3.5334714964792755,2.824040597007445,7.069886125808675,1,0,0
search05,t5,0.7787870704884892,0.9138408527654747,0.61480429295744,0.43280835787590066,5.222842910198609,0,0,0
search05,t5,0.4875293060169859,8.763586788443831,12.192175091094484,4.4950696451119185,4.899199558775973,1,1,1
search05,t5,0.40438069359590595,15.638450660442686,17.232376806871784,5.010653096108377,7.242080766911842,1,1,1
search05,t5,0.30711011830807666,15.21330748022774,18.185025452339065,5.8202513444047455,6.227714949064163,1,1,1
search05,t5,0.7324945971623402,2.9978980564924314,5.667084465468791,0.7614439306878394,8.874245064332769,0,1,0
search05,t5,0.555557561864399,8.989487955073628,14.678210352174798,3.574264961236512,6.0301183894121415,1,1,0
search05,t5,0.5758026981345197,9.378781742844694,5.555366022351073,3.2239201480799986,6.8182469242795705,1,1,0
search05,t5,0.6330317013389843,4.439808725129069,2.9142315248519677,1.6153306561738119,6.49708966168638,1,0,0
search05,t5,0.4206049822022914,15.723467407971384,12.356129124166396,5.740727989330814,6.477865328994359,1,1,1
search05,t5,0.16656742562135426,19.687173143089012,40.55351720906189,10.118571094553282,4.891295116498496,1,1,1
search05,t5,0.4110849806857219,19.763296960092873,14.071545491850696,1.6020738351395556,25.672142477592246,1,1,0
search05,t5,0.7466304478257973,2.4305057607552953,0.07569194668962897,0.19111680709665907,26.434767330808796,0,0,0
search05,t5,0.6905510336168059,1.915776814215235,1.50993731539362,0.5243799711930053,8.306826802925723,0,0,0
search05,t5,0.9521429945206636,0.040496994963064026,0.015075608447487312,0.015326351095296719,6.284623158018553,0,0,0
search05,t5,0.7500914681435322,2.106503509563751,2.165712985637979,0.8365940422359278,6.0359036837838165,0,0,0
search05,t5,0.7202418492373521,1.2956465288493177,0.9680248424352017,0.5928192476818624,5.371135161065583,0,0,0
search05,t5,0.8144291883152726,0.7183883703717129,0.3858261920427137,0.2467779621847167,6.822143630750864,0,0,0
search05,t5,0.662834327941164,3.7783838273546735,1.3443348605920191,1.291814251935353,6.849732377072051,0,0,0
search05,t5,0.6385493703536084,3.2706752291230714,2.878380246205731,1.3221383172261985,5.947553802063369,0,0,0
search05,t5,0.44359933975269533,22.64168657973164,2.969104203773424,8.604289376479029,6.2628835663351134,1,0,1
search05,t5,0.42000148060307063,13.075158553363167,7.790936711626294,5.057671735749223,6.1704259337132585,1,1,1
search05,t5,0.7745209609853329,1.1413750583912474,0.6193700918854407,0.5215281191365434,5.3770413004036675,0,0,0
search05,t5,0.27819780586526127,25.631471854819523,15.277209080647289,9.574675826235795,6.354013508130713,1,1,1
search05,t5,0.3435777860836842,16.749150984418065,12.08713740248355,5.40862206136538,7.19350022774186,1,1,1
search05,t5,0.13982609110373662,46.7382560389766,45.02782705494179,14.156142750271966,7.603247348304491,1,1,1
search05,t5,0.45965815211886485,12.46183974213227,13.523241979956666,4.941518267426018,6.043729100134848,1,1,1
search05,t5,0.6197094162404757,4.345317859055626,4.772174280510899,1.945758292550923,5.4664518462453415,1,1,0
search05,t5,0.5184803114218779,10.676515120720524,13.272607562150855,2.912290151466152,8.33204081011336,1,1,0
search05,t5,0.6169472294920536,5.236581636766516,7.501838955578831,2.2270464588684034,5.702714320048181,1,1,0
search05,t5,0.8016088727566423,0.09972222512692497,0.01866243743639049,0.04105299847752156,5.858218830545475,0,0,0
search05,t5,1.2228881853128675,0.5245048038699451,0.20401768927490468,0.21355887502293755,5.912039397225801,0,0,0
search05,t5,1.0300691763023768,0.014866137436627014,0.006202169458247098,0.003748997545044642,8.930726685205121,0,0,0
search05,t5,0.373085649959983,6.637845586328922,4.413539175898629,2.613426905045331,6.079801982228223,1,1,0
search05,t5,0.7704973254400135,1.3894850113645134,0.7686524430743006,0.6493238883031885,5.279790213773012,0,0,0
search05,t5,0.8225363118324415,0.4175573963948409,0.03560376689039288,0.07953802289443967,11.499566903970187,0,0,0
search05,t5,0.4546151106587495,13.690629312602596,12.751888131010405,4.57934699766613,6.979293257130347,1,1,1
search05,t5,0.7200883466117987,2.0073225420195513,1.5575705939459228,0.8302868671122492,5.835250614046325,0,0,0
search05,t5,0.5449059882049966,5.012317402627332,5.934162658290552,1.781711923318187,6.626406083978602,1,1,0
search05,t5,0.5517924430961721,6.47541356043962,6.9955760473103075,2.967349245090122,5.364443161622489,1,1,0
search05,t5,0.19508846361906657,18.05816619397106,29.390291954929953,3.374305296419343,11.703338677228498,1,1,0
search05,t5,0.642743092993899,0.862486045741889,0.30413064133964784,0.40339234132088414,5.276164703165806,0,0,0
search05,t5,0.6865879187072579,2.37883509756648,1.887004150995465,0.26340147520452417,19.062428053748583,0,0,0
search05,t5,0.8427236652002605,1.056172704155415,1.0790021970286634,0.27094673745779985,8.796164767032227,0,0,0
search05,t5,0.424345217075447,13.019852029723893,11.626369133548105,4.807840301012127,6.416091722923079,1,1,1
search05,t5,0.8332919557538604,0.32025825012829046,0.1093161667850118,0.11538928695959813,6.550918262289361,0,0,0
search05,t5,0.38806669804797317,18.402278115258923,24.210702411847436,7.583585098379089,5.853186949584627,1,1,1
search05,t5,0.5933817531772774,8.231561537224934,5.796118574511085,2.9819437660079946,6.520936800390934,1,1,0
search05,t5,0.37573794532828675,19.335517049643727,20.731064908624926,8.47268982289214,5.5641980182967625,1,1,1
search05,t5,0.5102097525564103,8.629913464920719,11.591954168438832,3.7244930137094703,5.634141308980797,1,1,0
search05,t5,0.5624342963192063,5.37618035847504,4.987575404808858,2.5941139451673703,5.1449068715662545,1,1,0
search05,t5,0.7197153335106752,1.8923070635325985,1.0639830044355685,0.5811848607419106,7.511893861505535,0,0,0
search05,t5,0.9077849117296333,0.12769164799237842,0.04260062986526069,0.047095836058821,6.422630053021934,0,0,0
search05,t5,2.3746215983329315,3.9918651535490426,1.1861160979838987,2.2191567555273557,4.597641440701582,1,0,0
search05,t5,0.6006308336657157,2.960878828507248,1.2494426525589382,0.8162489823269499,8.254842315555287,0,0,0
search05,t5,0.5624222520370487,4.610281488724297,3.020090021401262,1.7766530688773416,6.189850026980801,1,0,0
search05,t5,0.31099536118626286,10.423962187611664,9.104098447841762,4.068285537881667,6.124498804496088,1,1,1
search05,t5,0.6293857232474344,2.980955960667643,2.8938162756957198,1.2485188542081043,5.775187736445307,0,0,0
search05,t5,0.7266755065734098,1.9652818832872185,1.651632778731043,0.8627833277386253,5.555678859577101,0,0,0
search05,t5,0.7942459644450837,0.7468613171956804,0.5594552397410599,0.35208156962238707,5.24254707792118,0,0,0
search05,t5,1.5656510239713834,1.8800292475014544,0.7972396919839656,0.6340631121909052,6.930101314379604,0,0,0
search05,t5,0.3930930702571269,6.279492094512932,4.558584206710705,2.254122968759308,6.571561251575576,1,1,0
search05,t5,0.8521761673065502,0.5386928548778087,0.27115475123316746,0.1933247504279557,6.5729321122652395,0,0,0
search05,t5,0.7033832311286116,2.753071156780152,2.71880972192293,0.35217165866970646,16.634825171222495,0,0,0
search05,t5,0.661360767463929,2.927121783282928,2.7723248814639625,1.2622968646993997,5.637770821018375,0,0,0
search05,t5,0.8714675787792597,0.3357381621970035,0.1898134154619591,0.13930735029240596,5.820106928920685,0,0,0
search05,t5,0.507941504892576,6.051980849124789,3.546383521317734,2.0037664597649747,7.040605001278079,1,0,0
search05,t5,0.44556623142045954,10.31977219660348,9.7918817099079,1.8141328304744007,12.377085539987535,1,1,0
search05,t5,0.48671009880202665,9.779524346188964,8.715187169347795,2.431327713049987,9.044595793235136,1,1,0
search05,t5,0.4201708155680307,15.45405011577293,17.38775395468035,5.672983046665791,6.4482976552717926,1,1,1
search05,t5,0.7513702000074854,1.7442177610669205,0.3532193993221772,0.39131994844848655,9.914535371797074,0,0,0
search05,t5,0.5713338428709424,4.615419320710771,3.253098535158954,1.4758018101142898,7.254795581736468,1,0,0
search05,t5,0.40705771102360927,11.17678833530465,19.64790720573085,5.570257892186566,5.013023652273765,1,1,1
search05,t5,0.2650806396931861,15.586121027552053,30.46217554567964,6.417382244302754,5.857470050623571,1,1,1
search05,t5,0.22425484689518937,22.423670166101147,33.418704438306456,9.176052316801579,5.887432937809836,1,1,1
search05,t5,1.3294329084379766,0.9364917921632241,0.1240378309736207,0.3572749779663441,6.242414666114363,0,0,0
search05,t5,0.746094298432889,1.9244756286816482,2.4908385749008537,0.7996182562343643,5.813485969528924,0,0,0
search05,t5,0.4149998239097067,18.71317859405474,14.118715134816998,7.000623039885726,6.346146617933081,1,1,1
search05,t5,0.4194845527377934,15.991773830856317,15.998318454385407,4.669107748186202,7.850034179257742,1,1,1
search05,t5,0.3739334432743851,15.280189694708383,11.545128619072297,5.601108210426185,6.456130865768695,1,1,1
search05,t5,0.4110280519462447,14.782063730371505,19.26991462254272,6.515577043153744,5.537453438879612,1,1,1
search05,t5,0.31123727018013353,40.99808086831581,1187.1501083637277,14.231476552446722,6.76160607330197,1,1,1
search05,t5,1.1144823343077128,0.13183893314453599,0.03966249343694224,0.04923750546757054,6.355223904727241,0,0,0
search05,t5,0.40041681952992364,4.3513391685858664,6.692395396032528,1.1842023546025433,8.348979085667022,1,1,0
search05,t5,0.6973107890490525,1.7319539994441229,1.2598269533060542,0.5248578302296242,7.599707195704394,0,0,0
search05,t5,0.41437578002332653,31.56158240109562,154.60890034123682,11.123036709853888,6.674993839251694,1,1,1
search05,t5,0.3611309445224837,12.353516831385491,15.9457828282182,5.6376578814156035,5.3824996447934685,1,1,1
search05,t5,1.4087113903888082,0.500663035965772,0.12943107030417111,0.1794033108750149,6.581424707535854,0,0,0
search05,t5,0.48395636163493944,6.184667156440895,5.8070157883735165,2.897232981971564,5.269361280177224,1,1,0
search05,t5,0.21192187515082217,35.555347614309994,22.047811576315354,11.631221072528206,7.113777288317253,1,1,1
search05,t5,0.24962850867130976,25.8755867866152,13.480483387660446,11.41421533354494,5.533923012748868,1,1,1
search05,t5,0.5060704895232605,7.0365467467331655,3.7665321387024755,1.4708991520064363,10.567680744304862,1,0,0
search05,t5,0.49145407088866505,12.954923890679993,18.748398245605024,5.846595706944686,5.431612699093223,1,1,1
search05,t5,0.7017246610349984,2.5820211177489227,0.990588532380243,0.3650170792314251,15.147398928212294,0,0,0
search05,t5,0.5501227899978803,11.039544855610757,7.787112318102558,3.3540713234658073,7.582772869721474,1,1,0
search05,t5,0.7441582313646236,1.2736921117299005,0.6822127018922339,0.4960716565245882,6.135113425561208,0,0,0
search05,t5,0.6395318002202157,3.779854870741133,2.1839978973814365,1.5697184800971737,5.815965306730848,0,0,0
search05,t5,0.896925643548155,0.11951796064749942,0.033552831146599585,0.05021997797106004,5.75977750194846,0,0,0
search05,t5,0.35514113195847563,18.286875975365547,11.717095131813215,3.7683040040939986,10.705626698641158,1,1,0
search05,t5,0.6068883673813468,1.7174104911780432,0.6430232318836168,0.7191736106159465,5.776066490279426,0,0,0
search05,t5,0.49807421025315646,3.8603976780102016,3.0352654836068713,1.400372319807119,6.513387580442772,1,0,0
search05,t5,1.4594360331818774,2.192827792703156,0.12619715629302217,0.48030638477357607,10.130954166836192,0,0,0
search05,t5,0.4813360394625597,7.217500868664956,3.8874146196519583,1.8163113745381598,8.947426823223168,1,1,0
search05,t5,0.5054186157684497,7.5748452385059295,5.401770693246,2.6649944163311057,6.684698768663245,1,1,0
search05,t5,0.5192861215713296,11.966061003372943,13.415897823339282,4.396153990221105,6.443877093473292,1,1,1
search05,t5,0.60144616022356,2.9189948524044667,3.4083922205276087,1.608101554814534,4.6303613334185485,0,0,0
search05,t5,0.674344522046045,0.8379772539142323,0.3770196993572836,0.39946028127986216,5.195547308129715,0,0,0
search05,t5,0.38027132700635846,14.194079071254322,16.031188494365882,6.2358012287338065,5.552447568678023,1,1,1
search05,t5,0.07178698187969419,42.48866824263587,39.561662098591256,18.566188010130798,5.576994288698527,1,1,1
search05,t5,0.6914734478356243,2.926082811740798,2.163695784691873,0.9987133133646513,6.859705227885399,0,0,0
search05,t5,0.687898576026996,3.8248393259661952,2.6316818554977925,1.1171523925490885,7.847479988363591,0,0,0
search05,t5,0.5275616770270997,10.283557931960445,12.720750362518706,3.7273614374489243,6.517875368157859,1,1,0
search05,t5,0.3233553935237053,39.33692880586818,5.310542312901995,12.954561133907388,7.073062359929329,1,1,1
search05,t5,0.41681594808247374,9.800792765738265,11.49179327125694,4.4120134189225055,5.442775592523832,1,1,1
search05,t5,0.9345308747937302,0.03631718291933339,0.011525149558708491,0.01710928727984642,5.245318034037872,0,0,0
search05,t5,0.4513051356800334,11.944705527147335,14.436801992349022,5.017916852773183,5.760822419983311,1,1,1
search05,t5,1.1237835193957804,0.20208697665316322,0.09111583310030491,0.08324210944106983,5.855402584342918,0,0,0
search05,t5,0.7189031485178311,1.7749229001572644,1.4315179716990372,0.6495963268642879,6.464695001356056,0,0,0
search05,t5,0.4516670004709429,13.842020242992021,12.554229524917087,3.7358494111402916,8.410373770267698,1,1,0
search05,t5,0.398453980759198,7.422527295251484,5.785459322333455,2.719278355451017,6.459189038424417,1,1,0
search05,t5,0.49535076661262156,5.469000703134725,7.335108518543237,2.775045215126585,4.941557905668398,1,1,0
search05,t5,0.5633188829150294,9.682802343066442,12.208081675366987,3.222038768820073,7.010357439995878,1,1,0
search05,t5,0.609654466469071,5.211182146448664,3.460789147700728,2.1334344904632254,5.885251616342977,1,0,0
search05,t5,0.3322414390782621,11.770844137438758,7.693421043244982,4.66967240982977,6.041400382888039,1,1,1
search05,t5,0.6301557885052314,1.254041298811103,0.33190652487140837,0.5315755787182517,5.718205083216496,0,0,0
search05,t5,0.3495397325885168,10.54655364310031,9.003344768404963,3.49319907698519,7.038335297055287,1,1,0
search05,t5,0.574907317036601,7.789301144334331,7.23234092442767,2.6794891820834126,6.814019475367189,1,1,0
search05,t5,0.3678950195878795,18.44885825937348,16.042796761827876,8.08969148335888,5.5610783297049595,1,1,1
search05,t5,0.2950679553912971,22.04568827806588,8.17694660954036,3.604389517522315,13.232689153540907,1,1,0
search05,t5,0.8029474104718861,0.5258425836397009,0.2805701242367281,0.2529934199662112,5.1569664832384206,0,0,0
search05,t5,0.8959454261537227,0.133254159329681,0.08934051473707368,0.06166423227924994,5.321927133584735,0,0,0
search05,t5,0.6022128279710972,3.241648389625766,2.3110448557135124,1.5752466206521807,5.115734447071741,0,0,0
search05,t5,0.49023959905426906,7.347445706356666,8.661450297284713,2.431951564897359,7.0424276637818375,1,1,0
search05,t5,0.15703400940182202,59.148509831623414,434.63814982322896,5.415197597280316,22.845374529391012,1,1,1
search05,t5,0.7886028265932774,0.8435012465761247,0.30132840026627145,0.35093874589242147,5.807113813729168,0,0,0
search05,t5,0.6520540261742522,3.9174245959552536,4.089410498652332,1.662504768394767,5.712677726317413,1,1,0
search05,t5,0.6505323812821201,3.229907800120145,3.6710821310407935,1.5744906533637009,5.102797045152163,0,0,0
search05,t5,0.6103666279211356,2.674381573675646,0.6305087906859922,0.23242325164699995,24.0130295030675,0,0,0
search05,t5,23.561910593099757,19.59859930672917,4.611712711190102,6.822922177741249,6.744928286201661,1,1,1
search05,t5,0.47888071593277537,10.844369732423274,7.683187824689771,3.5680850858789914,7.078537630921872,1,1,0
search05,t5,0.7596962269290393,1.1838140604280625,0.6334672465467532,0.2816561057023524,9.406095493481612,0,0,0
search05,t5,1.1319606097160162,0.0750727965621536,0.03608004705105757,0.03299973120021999,5.549903519314311,0,0,0
search05,t5,0.4258304817842813,16.14131647304464,4.920704591737607,3.041847183936113,11.612838513575802,1,1,0
search05,t5,0.5522032786588096,3.774939543851815,1.4513088355341517,1.425437794508,6.296533539935726,0,0,0
search05,t5,0.7122883200430274,1.8212843187757244,1.1013789516057926,0.7382155325882073,5.934288804220207,0,0,0
search05,t5,0.23272966868500192,20.12222422580203,29.339674480039328,10.128955989386384,4.973207948950924,1,1,1
search05,t5,1.058808197149102,0.09339731877207669,0.037399006890471015,0.026484357965188783,8.053017399541174,0,0,0
search05,t5,0.6534404689130469,2.0436212380705,1.4517105323054056,0.971103782879083,5.208862686152179,0,0,0
search05,t5,1.1608543350443556,0.49130045302206327,0.1609181552322987,0.18077659665506138,6.435443106161694,0,0,0
search05,t5,0.7218013841171603,2.0835103313086165,1.4188873790791194,0.8323532999144124,6.0063124193124615,0,0,0
search05,t5,1.3101591319307535,0.44925136437143465,0.04843918926870815,0.18462706567140072,5.866581860440899,0,0,0
search05,t5,0.7668242187983342,0.45556997787940645,0.17814943479464884,0.21237050952703532,5.290331825204866,0,0,0
search05,t5,0.5907082947087055,6.855881678255855,7.117824869423305,2.658561228723236,6.157587949590589,1,1,0
search05,t5,0.2961832680006797,16.309552328642212,11.376606102521226,5.149034384713283,7.334994529095726,1,1,1
search05,t5,0.346804012560503,15.124999888284265,15.596445563327547,6.069552579847502,5.98389286172533,1,1,1
search05,t5,0.25934518290354475,21.370812200086448,11.37750253405877,6.2116899489319035,7.880836737114075,1,1,1
search05,t5,0.242305140646813,24.795757852748864,30.35068819921167,9.464586541556642,6.2396917168809996,1,1,1
search05,t5,0.3647148077268582,12.92325359614847,2.1117911464487467,2.8548556359475383,10.053525112389222,1,0,0
search05,t5,0.6376571748916486,4.565594731094961,3.595501913365247,1.350438228482286,7.761649122190633,1,0,0
search05,t5,0.905279339834479,0.1295948319527156,0.032730469330494866,0.024067381278708253,11.769333850821948,0,0,0
search05,t5,0.39722850891989125,14.145654774554032,17.955382138477628,6.364698417371877,5.445035364423466,1,1,1
search05,t5,0.4967231095218431,14.971999372532991,2.314240863481647,4.832505739384677,7.196371067089255,1,0,1
search05,t5,0.46885054366498075,12.68654097166791,10.358709212122614,2.870780730213779,9.838390782094443,1,1,0
search05,t5,0.6248502917571068,2.4483299770849385,1.2055031006784553,1.1299675027643747,5.333452017151459,0,0,0
search05,t5,0.18979966201537676,32.906552839803226,38.12179897226371,12.30576984553106,6.348150217802669,1,1,1
search05,t5,0.5550504256264027,7.063200850541989,9.002461192718183,3.0030011255747033,5.70409470738394,1,1,0
search05,t5,0.16682903646352037,54.706330500765034,44.114299561962014,13.667984341359476,9.005032656530496,1,1,1
search05,t5,0.577865342667425,5.0042551467053045,2.8931780368113382,1.125231192272187,9.894625710828684,1,0,0
search07,t5,0.7014700158908886,1.2450941641970985,0.495354308770375,0.21653010168415446,12.500425617619463,0,0,0
search07,t5,0.8503585026857512,1.074696561011251,1.0666401015874187,0.34829383833166766,7.171206278922777,0,0,0
search07,t5,0.6346487864383172,5.806423373646908,5.648551512454628,2.7439594074002986,5.232149614157791,1,1,0
search07,t5,0.7265304667721622,2.576168822869363,1.0879594932488004,1.1554952096138513,5.458986591091587,0,0,0
search07,t5,0.8554956453438372,0.3735256833438996,0.09686334081334756,0.1390003349749887,6.374457312079293,0,0,0
search07,t5,0.8262459746351289,0.8555669165843938,0.6918315886363646,0.39202651991590093,5.364842035523175,0,0,0
search07,t5,0.715314805812601,4.795112577091231,3.3416143575085075,1.9124546351444733,6.014615760262457,1,0,0
search07,t5,0.8748298156882881,0.48773592417092004,0.3843689374115476,0.22781138277488247,5.281927603704408,0,0,0
search07,t5,0.49379235973494195,7.898562215368202,8.374616698302999,1.292459040067512,13.222533899342169,1,1,0
search07,t5,0.641478405413142,4.851133190592918,5.332020664503374,2.2253382407326634,5.359906374498599,1,1,0
search07,t5,0.21835833076683028,73.98458805206292,43.19171911491606,28.547265565177177,6.183304711489535,1,1,1
search07,t5,0.6951179834294219,1.965837691195702,1.6805519562472104,0.817554598271612,5.809067664353352,0,0,0
search07,t5,0.933614324587198,0.17852176239182427,0.12069717085911806,0.0911672673064047,4.916356553538656,0,0,0
search07,t5,0.5353848301414926,5.734013621141457,3.9999043725088095,2.6025207426532577,5.406507527233506,1,1,0
search07,t5,1.3453751307151107,0.9206619631875128,0.10021225033042673,0.2954766726978182,7.2317065830037075,0,0,0
search07,t5,0.8965225849000522,0.33398464488300306,0.15560473069996855,0.1449981408240842,5.606743824228789,0,0,0
search07,t5,0.9315788885788996,0.10962839114358758,0.06010904231534793,0.04922064080218272,5.4545698453696705,0,0,0
search07,t5,0.3679036027915708,15.081982156194044,18.731720408394004,6.3308247628229495,5.764618425315221,1,1,1
search07,t5,0.7644989651580134,2.071840998847165,1.2591687570348395,0.8097559478678134,6.117198593730805,0,0,0
search07,t5,0.9274313070395329,0.1268904788216787,0.08203279072420955,0.04892412162653424,6.187235850254244,0,0,0
search07,t5,1.3052597332195854,1.726109892296904,0.42692618419504436,0.7364315647961828,5.687767268027486,0,0,0
search07,t5,0.8077270085303949,1.3224712447882325,0.941097182753121,0.5489831852985327,5.817893444474381,0,0,0
search07,t5,0.6312439161547635,7.792175999628398,3.602929915997163,1.9481710456723649,8.999478297285867,1,0,0
search07,t5,1.1835616173955514,0.5962963582803695,0.1828502626040956,0.25076060624841684,5.755901392977544,0,0,0
search07,t5,0.7461829920538436,2.294052777080651,2.2208127959861432,0.957791274438428,5.790297924619745,0,0,0
search07,t5,0.8840789648655226,0.378369743525127,0.20401972095279997,0.15651841583463572,5.83482715445933,0,0,0
search07,t5,0.7683617349237697,2.045276244925617,0.9270651078511025,0.8739877374816436,5.680331673345872,0,0,0
search07,t5,1.1928097910539845,0.7877604738456512,0.21848663540169644,0.2899485860731512,6.433794208238745,0,0,0
search07,t5,1.1175725440857187,0.3664887405104196,0.12792410994174286,0.12848167174367414,6.704918616588032,0,0,0
search07,t5,1.2775551698372465,1.1757636028210072,0.3264251460910445,0.48997460660514414,5.799283828063849,0,0,0
search07,t5,0.8209067374281599,0.8816484014849948,0.3978193314056238,0.30119171421187707,6.854400103880602,0,0,0
search07,t5,0.9325985651320761,0.1317596240205603,0.0849433796294168,0.04323617556243709,7.094878758658339,0,0,0
search07,t5,0.6064245076533021,6.163372743968864,3.1110995569938473,1.6782728321213831,8.344899620615548,1,0,0
search07,t5,1.0796540605707157,0.17642069050970122,0.11020931535475603,0.08170258234876099,5.318607452494471,0,0,0
search07,t5,0.8634434547949819,0.526674529532329,0.20961041490652674,0.20530699698320753,6.130604775008294,0,0,0
search07,t5,0.8585245829078044,0.3688268194578086,0.2350057576496175,0.18582726253930024,4.969566299560659,0,0,0
search07,t5,1.2486929278002408,0.8576853146357735,0.3379474685874217,0.3567052035882822,5.808930769766592,0,0,0
search07,t5,0.45990961313648754,24.745494528291033,7.503831916164549,10.416913051258684,5.75102257387106,1,1,1
search07,t5,1.129340215512399,0.3268478464099758,0.10555346388046902,0.11282971842142203,6.793648180334729,0,0,0
search07,t5,0.8037861192738573,0.5287817662770067,0.1569902430411189,0.20451354080805206,6.171117415382284,0,0,0
search07,t5,1.3167414968741202,1.146685159177423,0.19057636308256526,0.32652317888897925,8.023606489922763,0,0,0
search07,t5,0.7210000379711529,2.806035445377802,1.993076212617646,1.2593862916812482,5.456194995789286,0,0,0
search07,t5,0.26054416347932396,23.870847908058067,39.1286745333036,9.760309510901685,5.891412076921485,1,1,1
search07,t5,0.8776992876005729,0.44486450437284475,0.16062463236589808,0.13166887164973357,7.757322346564591,0,0,0
search07,t5,1.7092437094026671,7.443382025124549,2.4543207412086607,3.0859011102636793,5.824122199099594,1,0,0
search07,t5,0.9768304504405378,0.015804490791168746,0.00926693053250719,0.008008840889630286,4.946761087895288,0,0,0
search07,t5,0.6899265876658366,3.0360843868893426,1.3537129797120468,0.610564806653312,10.94516668437222,0,0,0
search07,t5,0.6579240905359356,4.86262248836988,2.878918157150408,1.3776479810234092,8.059310586377222,1,0,0
search07,t5,0.7811980049317215,1.4526793146712862,0.9649367023820267,0.7256612728134453,5.003739400448188,0,0,0
search07,t5,0.6117319847199857,7.306122967246779,6.118214259185967,2.036935834406256,8.17364076358,1,1,0
search07,t5,0.4682684026218742,7.838002537704597,5.2259815328665065,0.9196603013455361,18.045429766266906,1,1,0
search07,t5,1.166723511704386,0.5516532338733668,0.19925950062413433,0.19572005976633938,6.637166006713453,0,0,0
search07,t5,0.7471720504039258,2.234643093001978,1.0121921334810138,0.7980041281940172,6.600580282859573,0,0,0
search07,t5,0.9854931662164966,0.00646719676160501,0.004803487370202344,0.0023435148310570635,6.519228362372191,0,0,0
search07,t5,1.1116106969598483,0.19040314379412848,0.0647949676423799,0.07304078282282701,6.21361180522898,0,0,0
search07,t5,0.7704208454943579,0.9424467605044811,0.25775042384068053,0.28046152684087733,7.720684802084727,0,0,0
search07,t5,0.7884393092363721,0.8597067580271869,0.453435993707823,0.4007583404415716,5.290399830880263,0,0,0
search07,t5,0.9379980581830334,0.1253973092036631,0.1048489443986266,0.06291410006794845,4.9863022460221655,0,0,0
search07,t5,0.3604609652630976,29.51326077969236,45.05554812792442,11.9463145357932,5.940981704653027,1,1,1
search07,t5,0.44649932161275147,22.378090290651244,6.0488890040984185,4.250017076789868,11.530823705562101,1,1,1
search07,t5,0.5267685890347871,5.326641510470722,1.1619549994782619,1.2735618559760162,9.364951392782658,1,0,0
search07,t5,1.501415806070362,2.7905957524201312,0.4753737095930474,1.115809875254126,6.001919797106245,0,0,0
search07,t5,0.8974079102964085,0.4232474025409374,0.49391052645054484,0.18755428660095166,5.513332221955089,0,0,0
search07,t5,0.44349075652525943,20.36167437822064,30.498354684773645,8.12950254355643,6.009328496824106,1,1,1
search07,t5,0.6184199024152522,6.725342951622679,5.424110657187264,1.6339747074637345,9.231881339291716,1,1,0
search07,t5,0.7814379505838337,1.5384101227103884,0.5010340285408607,0.5695294211547753,6.402390343912751,0,0,0
search07,t5,0.6649477244517892,4.909173389009538,4.669259314944066,1.9570402610382902,6.016936530886718,1,1,0
search07,t5,0.7329602350718871,2.210382561346023,1.53237393671667,0.9955921208132138,5.440337594356515,0,0,0
search07,t5,0.7268529067346506,1.2068170211000506,0.6971900559615505,0.5671968081123255,5.25537310450117,0,0,0
search07,t5,0.8613951090050185,0.7215417773202262,0.6500964465832192,0.3065851632268067,5.706958221500376,0,0,0
search07,t5,0.7885954185783887,1.517269571928182,1.0409949820337225,0.40094260327043924,8.568512597823238,0,0,0
search07,t5,1.2142982611845863,0.651997087862128,0.128088330631628,0.1362107319464172,10.573358553254257,0,0,0
search07,t5,2.1826189270932033,21.160518513594866,17.416149136588437,0.6492532733341668,66.18417197937998,1,1,0
search07,t5,0.3151396667689294,21.270478038743477,24.97354729787703,10.291632958711718,5.133547732235889,1,1,1
search07,t5,0.34857521561541727,20.538278833734694,28.238792825844136,6.543283366317469,7.277667551265947,1,1,1
search07,t5,0.46432983140454626,17.960593186452627,33.85782529191831,7.194933899194625,5.992566558106412,1,1,1
search07,t5,0.7470913397168305,1.6980167521628573,0.6173704440875043,0.5535151550950734,7.1353938967441675,0,0,0
search07,t5,0.8852026804025375,0.3768046469097044,0.09993728095650263,0.10927640160369008,7.896358982907437,0,0,0
search07,t5,1.5267341600599442,1.2230586645727044,0.11662803490350139,0.3778107219287837,7.474451854244876,0,0,0
search07,t5,0.6801118454135958,5.068856599449418,3.1676555570866105,2.1371149314773916,5.743644363520785,1,0,0
search07,t5,1.3799111380407996,2.8257763171343413,0.8490338537304564,0.8509885100017527,7.641162093078134,0,0,0
search07,t5,0.44657826305939974,26.449827537328474,139.68102428995064,6.616909294935881,8.994616930164456,1,1,1
search07,t5,0.5832188321003179,5.791014894923592,7.166883432158089,2.2635607120826116,6.116730347908814,1,1,0
search07,t5,0.5008629783095507,10.819419057842424,12.567534404971164,5.292260187344766,5.088770648017117,1,1,1
search07,t5,0.6533174458400172,3.2670979419253854,2.799538491410917,1.5400505996606093,5.242844933335796,0,0,0
search07,t5,0.6350179540417349,5.479644082342816,2.961862379819882,2.0995473646041383,6.219833736283422,1,0,0
search07,t5,1.0302622782092987,0.03235989535937733,0.014791651872027911,0.009030228354566704,8.167015957688935,0,0,0
search07,t5,0.5086198622460016,4.605714567465839,3.106665423505992,2.121353774954328,5.342240904693041,1,0,0
search07,t5,0.9292938929825398,0.19245032974896503,0.127217636645329,0.07189930405674579,6.353329417405086,0,0,0
search07,t5,0.4623580357179792,13.124877185139098,17.746369585958643,6.13181102712575,5.280913787811659,1,1,1
search07,t5,0.49370994927137773,13.828526704221701,13.29881129172886,3.4313078483180695,9.060207545061896,1,1,0
search07,t5,0.7038370017673968,5.21232761583849,3.5670388863874125,1.1449749014628732,10.104701961901483,1,0,0
search07,t5,0.5698028559522141,15.91100712034887,1.1626325752592976,5.134258519076172,7.197976615798381,1,0,1
search07,t5,0.6397364735831258,4.956568454034823,1.6023577864183576,1.7423595012467028,6.6894899709138915,1,0,0
search07,t5,0.994364341999918,0.0009270322922247942,0.0005149114778469682,0.00034618920082063194,6.355639575280163,0,0,0
search07,t5,0.5100424412240159,8.053971806502204,10.79989810608214,3.898242339636531,5.132104217642431,1,1,1
search07,t5,0.6850048720112621,4.783125024426681,3.527070359524734,2.046027167428481,5.675524451064138,1,0,0
search07,t5,3.5212094279352657,13.89593023790735,0.16004139788242036,1.7075895215701773,17.275492514301266,1,0,0
search07,t5,0.8276714805780567,0.6470496648384199,0.19304173256884138,0.23980358008340466,6.396497121630739,0,0,0
search07,t5,0.6267266057517519,10.9032406349545,4.677953680368449,3.9764281679788174,6.483936927494666,1,1,1
search07,t5,0.6757130239414759,5.580785561838638,7.024367769986224,2.1401355207044084,6.215357165794592,1,1,0
search07,t5,1.020814973879312,0.01086492096510483,0.004951706950008965,0.004228854621095935,6.138469840464326,0,0,0
search07,t5,0.40717468840841065,16.464042413511606,13.709098422427454,6.163375228803946,6.342540994930335,1,1,1
search07,t5,0.5701569788807527,8.376114079763397,6.121401219224252,3.536949604631651,5.736349123433842,1,1,0
search07,t5,0.9286192822976831,0.14792290644084005,0.054348683799899565,0.05183745658286933,6.707182265177878,0,0,0
search07,t5,0.8817204105068861,0.5324013119433175,0.28640768029954455,0.05447028734318812,20.548320301265967,0,0,0
search07,t5,0.9145217174928613,0.1570181020651944,0.12216909019164467,0.08822914498268747,4.559325030204132,0,0,0
search07,t5,0.6331329826976755,2.716029106927408,0.14154882349033268,0.1496549107297975,37.297226648729335,0,0,0
search07,t5,0.9073549196203574,0.1262671894835421,0.013467963387586344,0.043452892861971355,6.811681624265218,0,0,0
search07,t5,1.052920511760853,0.05235236066982907,0.012944535233656363,0.019222918049857107,6.446869256170837,0,0,0
search07,t5,0.3437788810210098,71.229705363942,12.013002542844209,16.76764228066404,9.496090764779975,1,1,1
search07,t5,0.708227077434795,2.1930242747480406,1.2771424055098959,0.7436842683901588,6.897729367047778,0,0,0
search07,t5,0.521205927045432,7.020811635644577,4.496099630144037,3.4172182639211153,5.10908001386396,1,1,0
search07,t5,0.6146507087273906,4.84086330574182,3.720286471387497,1.9522663814473855,5.959224162998561,1,0,0
search07,t5,1.15333338504712,0.34737379980248306,0.05018942675349317,0.14966737080070183,5.641944305483238,0,0,0
search07,t5,0.5814173549534531,5.61600535326977,4.479907054797365,2.2742806957448547,5.938709072962922,1,1,0
search07,t5,0.7231332372716276,2.9063987905935846,2.768565291295789,0.8996148190631399,7.461429333990545,0,0,0
search07,t5,0.9320142230663293,0.16374265121339704,0.11518183829213613,0.059330533486909975,6.519675674230146,0,0,0
search07,t5,0.8486481379827238,1.095832419864962,0.5763283530528053,0.3818599354470671,6.7394469445033724,0,0,0
search07,t5,8.036860735133537,24.58576366701027,1.1583478305791086,5.044613957669146,10.747332054867515,1,0,1
search07,t5,0.6031034793221145,5.250370179889956,2.0459875095565754,2.0108049381845277,6.222157634673701,1,0,0
search07,t5,0.5822424387593668,8.764509756134203,4.35888637774738,2.23582509377279,8.840067436889473,1,1,0
search07,t5,1.2279100568913695,0.6347518736135953,0.0454691512377829,0.19511136826440337,7.506559605008942,0,0,0
search07,t5,0.5456796589017922,12.63156344385959,9.185611779178045,4.642582308593749,6.441610984678795,1,1,1
search07,t5,0.8958526521903556,0.24983028987753642,0.11809763432806393,0.08846655903306544,6.648016439390603,0,0,0
search07,t5,1.0042110415495868,0.0006396135984232387,0.00031174498314077867,0.0003105823049384776,5.118802573443056,0,0,0
search07,t5,0.7685015826383306,1.07040186019276,0.36181452426024163,0.3421904681482119,7.256175784119972,0,0,0
search07,t5,0.5943482117893468,11.701641641780839,16.580786621002023,3.390227053115135,7.90316103225517,1,1,0
search07,t5,1.114511838670532,0.3264170647391893,0.3725256316664416,0.1367915194083614,5.772475167334635,0,0,0
search07,t5,0.44157960779530114,15.570226272416448,17.82870774799684,5.559171820820166,6.601635198287257,1,1,1
search07,t5,0.6517132069678202,3.9238403376548376,3.391069323586869,1.77881442357268,5.411747831203163,1,0,0
search07,t5,1.0867295673486814,0.23235916338830975,0.055981780900670415,0.07005872177640826,7.633268706496867,0,0,0
search07,t5,0.6319655840907289,5.513727148345936,3.1262037759744774,2.689178752007258,5.1006773121573845,1,0,0
search07,t5,0.8379220941376331,0.9581897221818281,0.5846615064067917,0.4272457156767506,5.4854269429668605,0,0,0
search07,t5,0.8956125951398896,0.3008096441889734,0.1481148422442761,0.12638571408623844,5.760184271834994,0,0,0
search07,t5,0.5783353677046515,7.108492743019951,7.521466207881394,3.311716271983305,5.292935843059316,1,1,0
search07,t5,0.959212290726885,0.0460810371896514,0.01676429913282354,0.022122935002598924,5.165906303502493,0,0,0
search07,t5,0.4350952068528162,11.767571271219936,7.092608667013807,4.172112111353294,6.641061868494674,1,1,1
search07,t5,0.9107503300139546,0.22144187408093785,0.15993662007621345,0.04880844536066598,10.073916304631766,0,0,0
search07,t5,0.4658527425300037,15.761960951006188,36.18561231605872,0.754791190860392,42.76508984700527,1,1,0
search07,t5,1.0518340455719362,0.06295250053096879,0.021353853275753246,0.03199180750444579,4.935538842075148,0,0,0
search07,t5,0.8914497462913589,0.29823197111045374,0.21922192060525691,0.11429672862659945,6.218556553525861,0,0,0
search07,t5,0.6608969174280781,4.405469875804783,3.9035156289030546,1.6624142278195322,6.300086828038181,1,1,0
search07,t5,0.38910511384157853,7.136236536967317,5.866372817885146,1.705243793603493,9.369755179565427,1,1,0
search07,t5,0.7565725564088003,1.394646272411137,0.9031386406630539,0.7692963866506364,4.625771020407751,0,0,0
search07,t5,0.7462108518743334,1.3670958364964463,0.6920909093944373,0.5391544996302808,6.071258191979913,0,0,0
search07,t5,0.5605794986447257,10.042517824819868,1.232627217209008,3.667750330821266,6.476118557159911,1,0,0
search07,t5,0.8177014501633963,1.4422131671421994,0.798828511138948,0.3677129840315373,8.844233028325736,0,0,0
search07,t5,0.37969979568544676,19.428736744354183,15.011617010401963,7.674208349305301,6.063385266602241,1,1,1
search07,t5,0.7780241063318422,1.727192435775578,1.733994427156255,0.8819224188235372,4.916880666396054,0,0,0
search07,t5,0.9996639106165774,2.3393738501908956e-06,7.600405395660501e-07,9.783064930996227e-07,5.782496828328161,0,0,0
search07,t5,0.7290841205799161,2.5783068690623168,1.4116455376411943,0.7896965776858602,7.529867146234392,0,0,0
search07,t5,0.8485055847350975,0.7413959780076311,0.43533942747044957,0.2999926754603332,5.94276053153613,0,0,0
search07,t5,0.48292180415884467,15.410539012014283,7.140814801904945,3.401930546312506,10.0598786790156,1,1,0
search07,t5,0.7755668661173002,2.7247663709414383,2.5545495550106705,1.1056645420318596,5.928739716902172,0,0,0
search07,t5,0.48383865961375394,19.48209445001544,7.438488189559573,6.844816042234331,6.6925107496843586,1,1,1
search07,t5,0.48362712275872355,17.622587457109432,21.734869245364486,7.407209950902495,5.758225451666128,1,1,1
search07,t5,0.5949112143410372,7.852154554108893,9.484904414705992,3.04484030313888,6.157679071716323,1,1,0
search07,t5,0.6747753026293462,3.620879360536037,1.911086045507644,1.3178190293478358,6.495260396001328,0,0,0
search07,t5,0.5156942711011473,19.559793616455124,3.4550277929270203,6.018556647594737,7.499828700381851,1,0,1
search07,t5,0.5342090924577159,4.715275886369568,2.17938896881771,1.471222759298471,7.4100094381600945,1,0,0
search07,t5,0.4052300141186811,23.00150963904082,11.959807324654484,3.69905842449588,13.436413270317859,1,1,0
search07,t5,0.6295675774563032,6.610890760928896,4.686284000297478,2.0667881850609784,7.397260066332196,1,1,0
search07,t5,0.6722326594368608,3.8340159243508083,1.1665829505584184,0.7077652000636959,11.834146476842214,0,0,0
search07,t5,0.9267454253572933,0.13326866259785675,0.06871955685301748,0.05821979816126144,5.57812176636956,0,0,0
search07,t5,0.786771850415194,1.1617592735492508,0.5858769868088443,0.4415698884974463,6.261949710848409,0,0,0
search07,t5,0.5253633332895579,7.095031880381157,4.467877726818645,1.8526671018873944,8.659262555213651,1,1,0
search07,t5,0.521947523069373,10.57789796501811,13.498019176002119,5.178468855863818,5.08533806398788,1,1,1
search07,t5,1.012019064431177,0.0016736090374251944,0.00038706299568104415,0.0008421582161923625,4.974571535956885,0,0,0
search07,t5,0.6322762217604573,5.928182902360959,3.362073194532029,2.2857601192831782,6.187056027751552,1,0,0
search07,t5,1.2069752569930194,0.7059917221827163,0.14625254508792135,0.15816867976616303,9.927073592906716,0,0,0
search07,t5,0.9636702989240042,0.03298195020011008,0.0125790855855786,0.011301086122526428,6.836952279191507,0,0,0
search07,t5,0.5264045633819521,7.033023417580125,6.095314081518089,2.516886484048908,6.5886695424309485,1,1,0
search07,t5,0.5051840562698536,12.269261791787812,7.903771603132004,4.8619244614652075,6.047080385156911,1,1,1
search07,t5,0.9904937361236641,0.0018682925492043978,0.00017278269782050278,0.00028049770924882725,14.321267786519073,0,0,0
search07,t5,1.0844969587930309,0.1677510374602207,0.06853220665199795,0.05047740433853535,7.646579381743548,0,0,0
search07,t5,0.6345650235875668,7.949455405277604,0.031460565124875564,2.5960024584249664,7.124382031672387,1,0,0
search07,t5,0.2846753850708811,25.58830766519759,0.2639420192181017,4.835067458374137,11.584467697913789,1,0,1
search07,t5,0.9133024211266315,0.20625934223471631,0.10571028233393566,0.08533808208442793,5.83393432795119,0,0,0
search07,t5,0.8364420271081348,0.8717325485571337,0.2597184982972716,0.2644736032727606,7.59220835478304,0,0,0
search07,t5,0.970956741434658,0.020052473740520327,0.009608379390213062,0.008403369593810845,5.772484065270472,0,0,0
search07,t5,0.5892746242359979,11.761490119683117,11.896576703586097,3.7986024450373996,7.192535433682278,1,1,0
search07,t5,0.7688117398383998,2.332065067731719,1.6960891298976013,1.1742935217693196,4.971860568928242,0,0,0
search07,t5,0.5349690331872312,10.416066198406156,13.464548793407818,4.628487423539042,5.500851031995159,1,1,1
search07,t5,0.5894078214443024,5.377952988457764,6.467285785138666,2.4036085474787714,5.474899204447318,1,1,0
search07,t5,0.6054752582311883,7.750725031882212,8.109290279064833,3.1429635055927814,5.932112649790618,1,1,0
search07,t5,0.5424879409195767,5.231272802485364,4.69137587175705,1.0775311356531656,10.709738548416665,1,1,0
search07,t5,0.5853959813249834,14.65091443407141,0.8440191526896603,4.204009938219811,7.969971360379487,1,0,1
search07,t5,0.8685086749093152,0.35883331324498613,0.054111624589156235,0.09094009855464077,8.891641178052682,0,0,0
search07,t5,0.589725833188593,7.208135129757466,7.697555119876189,3.2037922932876763,5.499751837757623,1,1,0
search07,t5,0.462408212325675,10.419525894518756,7.312313752098945,3.16162839833112,7.591240071109401,1,1,0
search07,t5,0.7626396097321007,1.418291656237443,0.7989916596646134,0.4988493449379744,6.686252455293049,0,0,0
search07,t5,1.0299438220615527,0.017145529935532977,0.006473006725256916,0.006520077315127936,6.259302645308141,0,0,0
search07,t5,0.3736728054527505,12.097831200779638,20.586722565089136,3.817807677586428,7.337580214846097,1,1,0
search07,t5,0.8986451023339728,0.2721770029038453,0.051671890168282116,0.08370051530220463,7.5035920488933066,0,0,0
search07,t5,0.9546980876856033,0.04179839573839672,0.01262397046739624,0.016672131516829943,6.014163389510535,0,0,0
search07,t5,0.6455597550560651,5.482555950132564,6.8083859921403365,2.289075374588612,5.790192591292786,1,1,0
search07,t5,0.9475679386487024,0.046531339443845354,0.016493829255766007,0.01964010406918441,5.738400497261484,0,0,0
search07,t5,1.9252045326982854,2.9047277773306632,0.6713767565341068,1.1904248580029912,5.88015309459098,0,0,0
search07,t5,0.8851141032157357,0.24611986213199089,0.10772741774265969,0.1141103544093766,5.313716549315473,0,0,0
search07,t5,1.0377529604162978,0.04451655270725041,0.028310083829989147,0.004532082226518321,20.64507724364451,0,0,0
search07,t5,0.37717869314622365,18.295192977003552,2.3015419396767354,5.253212731346173,7.965334896047614,1,0,1
search07,t5,1.0061784209296651,0.002571488811895506,0.0015382069678640071,0.0002720276818742992,19.906081867681102,0,0,0
search07,t5,1.0952436477968355,0.25829699156474817,0.12650822069098971,0.08952883409266153,6.7701408531113705,0,0,0
search07,t5,0.7238246772196469,4.394207341704771,0.9258767780391157,1.2694706034467285,7.922897355439499,1,0,0
search07,t5,0.4007803698497381,5.71289183631518,1.519832607469772,2.1706381588581896,6.263790109835998,1,0,0
search07,t5,0.3336396632658,44.947894648501915,49.99226573138954,17.34950193202803,6.18146224884138,1,1,1
search07,t5,1.2427117770348821,0.8735850886685057,0.09704153850683217,0.22448761892981456,8.782924446640683,0,0,0
search07,t5,0.5790423631981126,9.418538188456296,9.019401790622139,3.5701051699941413,6.276336544714033,1,1,0
search07,t5,0.5729550332356552,2.109341869537957,0.29081741836410263,0.7440641764576699,6.669784774695327,0,0,0
search07,t5,0.7748538325640218,1.0904739689394773,0.9295946299655683,0.46429001792369085,5.697382785940937,0,0,0
search07,t5,0.9841979753148573,0.012109739926472685,0.006096412904420052,0.003731137133568652,7.491179226580881,0,0,0
search07,t5,0.657677689561965,3.8058328031522706,4.029561475725332,1.7442202250782233,5.363936099848389,0,1,0
search07,t5,0.5334407267308688,8.097997187241845,5.540441868713573,3.1261767273945744,6.18076736755116,1,1,0
search07,t5,0.8544675490228216,0.6300601180148533,0.33571147827633835,0.2886548188710893,5.36549176957432,0,0,0
search07,t5,1.058785112995229,0.04657245343696559,0.00551590486375513,0.017248953512200287,6.400032344457839,0,0,0
search07,t5,0.30630821590792723,31.85190172260951,31.02327499439318,11.072055716270386,6.753566011378202,1,1,1
search07,t5,0.8055285450640053,0.8231325872491198,0.44080952183570626,0.4400663023023498,4.740948047794772,0,0,0
search07,t5,1.0193340841899137,0.007549252489070568,0.005146249764624768,0.0031613566380669926,5.7759575102456955,0,0,0
search07,t5,0.8293961584762743,0.8713867947815288,0.2667725586449208,0.2941210186566394,6.925362279523428,0,0,0
search07,t5,0.8258485214436031,1.5672569808365893,1.1005812790229377,0.48722759765892754,7.433367027512721,0,0,0
search07,t5,0.5110557862950262,16.86622652864753,11.861728218690665,4.800249689420576,8.027228840124524,1,1,1
search07,t5,1.7863299246528375,3.6039323744155354,0.7072664682204384,1.2968266898534409,6.55807865864147,0,0,0
search07,t5,0.8942648514802294,0.26867083918637036,0.14364599451808946,0.12459675449209742,5.312645867568097,0,0,0
search07,t5,0.5473210393304938,15.399987593811431,13.282559364892938,6.987457784368876,5.407894278305796,1,1,1
search07,t5,0.702953794889292,3.2179208312916217,3.1722460249441933,1.6785786370308615,4.834101972110894,0,0,0
search07,t5,0.6593239474345385,5.893443846758828,2.8231319613711516,1.5063823414781536,8.824632146146673,1,0,0
search07,t5,0.8400048218875222,0.7389664142676793,0.5037901091548602,0.3749521239954469,4.941657438252851,0,0,0
search07,t5,1.1699860506903939,0.7807891188654139,0.36826137991279984,0.39820331268664727,4.921560137696944,0,0,0
search07,t5,0.3334454448554775,17.248359280653744,7.423432371281779,6.768771371270899,6.096452024916069,1,1,1
search07,t5,0.7100186010165679,2.922346434189251,1.4004095797012712,0.9164462132848802,7.377562352981932,0,0,0
search07,t5,0.9351094281854101,0.04606402162562517,0.015440447289537907,0.022836508655328346,5.034243791016387,0,0,0
search07,t5,0.5703409700912677,10.21847726220824,6.7003787565327855,3.318208733492447,7.159032226675621,1,1,0
search07,t5,0.8577885255032083,0.6247453545900044,0.35302489643959045,0.2929496317574476,5.2652066216439035,0,0,0
search07,t5,0.606013901592354,7.890860314051679,12.727508609362769,4.044074463551667,4.902430771327396,1,1,1
search07,t5,0.9133147768807907,0.06218756534235581,0.010281874966421625,0.020178146574209837,7.163853068828353,0,0,0
search07,t5,0.7820195407124308,1.1066478029922564,0.7256101367889827,0.4260849510285272,6.194493728637528,0,0,0
search07,t5,0.8850568210567666,0.47236050207982316,0.22156589217410785,0.11521014991630953,9.199980686127972,0,0,0
search07,t5,0.8474532410249502,0.3935405376669223,0.18350724095012744,0.15670261856963755,6.022769131225917,0,0,0
search07,t5,0.9634959557331819,0.028996387558095194,0.0071176979043758365,0.010019266574519145,6.788125775960167,0,0,0
search07,t5,0.7368204891774924,3.1326277372427285,2.678402102993215,1.1288958704941086,6.549896707251844,0,0,0
search07,t5,0.482069773224992,15.702798784027436,15.47148330555023,5.781215347725959,6.432352140351988,1,1,1
search07,t5,0.7632884862823457,1.131851274098267,0.9111660940424479,0.5844932928266735,4.872931607562203,0,0,0
search07,t5,0.5268903346293341,19.983163828903116,16.569059976202894,1.8554973935018866,22.53941460536231,1,1,0
search07,t5,1.6906127747765178,9.21906056106377,3.134535939381294,0.7243368494738577,26.455174806473792,1,0,0
search07,t5,0.9048882101660817,0.24062991847631565,0.14485282295769586,0.06641899293821267,8.245816530225488,0,0,0
search07,t5,0.833850208719982,1.3102589366089887,1.0576459893992287,0.489184590121106,6.356910103339976,0,0,0
search07,t5,0.5491952919277506,17.464072348064974,19.4664469197676,7.5796542044660775,5.608144877578929,1,1,1
search07,t5,0.9814231688076533,0.010673655865730325,0.008272063589740886,0.004835747278911769,5.414480430884846,0,0,0
search07,t5,1.1309138724213077,0.25016990151470964,0.08208990168072727,0.08818482135221463,6.6737633002740555,0,0,0
search07,t5,0.6470418465600332,6.494040140568444,4.155940777213928,2.127684715613492,7.104325601357687,1,1,0
search07,t5,0.9015944920945316,0.35191733755530663,0.17532232257491484,0.14520023898846127,5.847338268957983,0,0,0
search07,t5,0.4674620194551799,14.865978039527931,1.0860541178401169,5.670733360406283,6.243053091977102,1,0,1
search07,t5,0.6768737466426664,3.797880109009384,1.7986683274836792,1.46283792715681,6.192482418597105,0,0,0
search07,t5,0.8785259462308228,0.5149821338420679,0.21067027468544555,0.23246606159392064,5.430600581530526,0,0,0
search07,t5,0.5109260207414186,10.1515599248753,7.649642608640774,3.784922968144115,6.364209528339742,1,1,0
search07,t5,0.495020026624047,13.17642798547115,7.450374602640819,4.23317653619556,7.225314665148866,1,1,1
search07,t5,0.4022356872922898,17.200754138359457,13.016441040397064,5.099429669108377,7.7461481987129615,1,1,1
search07,t5,0.7202941252122105,1.8052539421173606,0.7859392110367829,0.7132065692462042,6.06235926577444,0,0,0
search07,t5,0.9727137041282681,0.015022972487258812,0.007135948599038082,0.0066304810520765945,5.5314879476365535,0,0,0
search07,t5,0.6544528884681667,3.6425746156970433,1.7979668408992266,0.9981925170488387,8.298340858066807,0,0,0
search07,t5,0.8517505813480095,0.9118521791930334,0.5935136854607109,0.3866738971327085,5.716388594909891,0,0,0
search07,t5,1.363793127414831,1.2833614799255884,0.48608990893998055,0.5381512882958948,5.769519307440366,0,0,0
search07,t5,1.2109686401507371,0.9571252257619562,0.5084304676579494,0.38292209465926247,5.999059804128774,0,0,0
search07,t5,0.9971284708319541,0.00035285661749639985,0.00020959823422798845,8.492540650204155e-05,9.309801083799757,0,0,0
search07,t5,0.6419452315694144,4.5148928221783535,4.466740000189459,1.7412698563337332,6.185747408140999,1,1,0
search07,t5,0.9097503396835556,0.2842234396225649,0.19918415262959036,0.13342693579091006,5.260360742570963,0,0,0
search07,t5,0.760342699656073,2.932682765896743,0.539661732850058,0.512112518444612,12.453275052927378,0,0,0
search07,t5,0.7669509953451698,2.3355334321178702,1.1850048616007147,0.771501469300172,7.054514540941651,0,0,0
search07,t5,0.8472175234870001,0.6591680311380514,0.4295571958350854,0.2717912451256865,5.850546461371318,0,0,0
search07,t5,0.973503413601081,0.012464278693869346,0.0034902011641072287,0.004428659150488625,6.628917588970076,0,0,0
search07,t5,0.686431572121401,4.44285525456678,2.709032497789869,2.0066276319938647,5.428181077275591,1,0,0
search07,t5,1.421528860640204,0.4359300998260096,0.0007681720944576579,0.08563221640909473,11.181450816207319,0,0,0
search07,t5,0.8919443434292014,0.17255610647293906,0.0734726862255673,0.08174788352237743,5.221665419036912,0,0,0
search07,t5,2.53729244065208,10.051897164704087,4.3001817226626535,1.2489275340989578,17.096846118387575,1,1,0
search07,t5,0.6159189377948421,8.530073329880224,4.670047097507443,2.340610052991047,8.288760739089975,1,1,0
search07,t5,0.5560134381783104,13.418760744419842,16.249128498106803,5.074189302316416,6.289026461150769,1,1,1
search07,t5,1.0243982474723006,0.012482352015922515,0.0036629010059998687,0.004562881621809334,6.471258318979947,0,0,0
search07,t5,0.6125922465964703,6.296491477878533,3.518825312261679,2.603591926153358,5.836772932524183,1,0,0
search07,t5,0.6946609994580677,6.198459270744365,5.159680583552114,2.2365085478759656,6.5429783862271425,1,1,0
search07,t5,0.32795952599596967,29.534184149099474,61.58889180821489,13.01084440608666,5.539933493522213,1,1,1
search07,t5,1.1813505669874753,0.8257121337516082,0.3774579560327948,0.35898934588080633,5.600204118735968,0,0,0
search07,t5,0.8614513706132161,0.6072321521253343,0.3018742697875802,0.29627363951609426,5.099130473552292,0,0,0
search07,t5,1.1528577087996237,0.775333474801073,0.3436005827127723,0.2417349833093602,7.414739515040241,0,0,0
search07,t5,0.7468940482885159,3.8252822816978096,3.2801846221021305,1.423176691232435,6.375695520118745,0,0,0
search07,t5,0.9900255271168744,0.0015815872541224962,0.0012471168599935505,0.0008613912937291602,4.672169119043316,0,0,0
search07,t5,0.8075978192404932,1.3421069752672565,0.6376810990518552,0.37422612579674697,8.172705926983802,0,0,0
search07,t5,0.6167008790584985,7.115505828432106,5.313422434779184,2.771628055407603,6.134531536112395,1,1,0
search07,t5,0.5671141511841731,6.6682944488802605,3.2566951402505624,2.5461441932619735,6.237955074600253,1,0,0
search07,t5,0.5800781927980392,8.323414974403931,9.101636886839117,3.4689597763798012,5.798795899034741,1,1,0
search07,t5,0.6930154823570401,2.3009782608810383,1.4006904931796083,1.0140020687282372,5.538409401406702,0,0,0
search07,t5,0.684397700833393,2.917325651965939,1.7589553187722673,1.3684917450122482,5.263563390278001,0,0,0
search07,t5,1.4489827313032808,2.845866663211382,1.0155874590217393,0.9324883457856714,7.103811755016813,0,0,0
search07,t5,0.6952981401056321,3.2472692442224798,1.652105361931003,1.180171018652877,6.50304861396973,0,0,0
search07,t5,1.0492078570470045,0.04331703676029974,0.013142239581091144,0.015652865058760464,6.534710303537234,0,0,0
search07,t5,0.8427573761252926,1.0686554771641568,0.19374585957075202,0.11914057513169952,18.939404371396584,0,0,0
search07,t5,0.7813598417232828,1.328375730697644,0.5389175090855163,0.570399442306763,5.657703469433754,0,0,0
search07,t5,0.879646036173245,0.5356049334338877,0.34617887621526455,0.23018281763213938,5.653735139256577,0,0,0
search07,t5,0.5823519511307023,9.107117416269034,9.076447966284762,2.9305072810809247,7.215386308755289,1,1,0
search07,t5,0.44472780445294635,21.875181805800025,25.3869159484641,3.6199937605208268,13.085756635477036,1,1,0
search07,t5,0.6122084166852576,6.193323409419833,2.051589454801386,1.4832154017738954,9.35121237550897,1,0,0
search07,t5,0.6326702168091696,5.7103341664701475,3.3880708305077896,2.0944539813620247,6.452814162817474,1,0,0
search07,t5,0.6011531440140963,12.74031635802612,8.090127631348492,2.80168328508494,10.094758444575485,1,1,0
search07,t5,0.6711888181920542,3.269119860970477,2.493762947729518,1.0093087834063863,7.477938000177304,0,0,0
search07,t5,0.9924266863564346,0.0014668158371478057,0.0009269834816832617,0.0007296801658902991,5.02043499526429,0,0,0
search07,t5,0.5317350846788749,5.719646998863482,6.461165715351957,2.357253434025317,5.852806165263647,1,1,0
search07,t5,0.7693268890583675,1.8376037301477481,1.2159298679264945,0.7324889427283985,6.017423807936219,0,0,0
search07,t5,1.3363120670025257,1.4671143113992002,0.13581664197638654,0.5580721240432693,6.257794640484317,0,0,0
search07,t5,1.024957873776917,0.013334354045127839,0.007596948136749205,0.005553498368313146,5.802145660548055,0,0,0
search07,t5,0.7479161174306244,2.343273020999277,0.9611324862962728,0.8719415346277979,6.3748397752368575,0,0,0
search07,t5,0.5856118363788367,5.563247072410832,4.098260195997443,1.6337855075290124,7.810253912491681,1,1,0
search07,t5,0.4333461603287196,13.769665642885911,12.012521554399592,5.015175100833415,6.491200353342673,1,1,1
search07,t5,0.603050586532857,7.377180039952464,6.612465816620062,3.206690173147079,5.601118063559238,1,1,0
search07,t5,0.7808423254419227,1.7733675971260254,0.53898987362689,0.6251226552972663,6.673662863115179,0,0,0
search07,t5,1.1503826888014035,0.36869067382099274,0.13607434631950258,0.1383341341852257,6.330436713867393,0,0,0
search07,t5,1.3335389208417998,1.5741928109844139,0.5231794874647956,0.4383048752162976,8.18309514676318,0,0,0
search07,t5,0.6461430621718005,5.729383196075787,5.614394560146442,1.6990294891746636,7.744301064319897,1,1,0
search07,t5,0.5352259036174922,17.032574815395947,38.76545635119453,5.493885889662825,7.200556457659256,1,1,1
search07,t5,0.5035036595488604,14.368377969873109,24.35909042100849,6.550595080908972,5.386892425009829,1,1,1
search07,t5,1.61134119362925,4.767492030475751,0.8401967012862156,1.683376273323709,6.664202479297953,1,0,0
search07,t5,0.7562052859075945,1.6159182574779152,0.9010368743163439,0.754256038665048,5.284800318835807,0,0,0
search07,t5,0.3518572121809265,28.976257970141603,32.58798210102557,9.50229797286843,7.098789588134674,1,1,1
search07,t5,0.29907786668467856,25.7470189292535,14.003548773528472,11.514284068828356,5.472187549889657,1,1,1
search07,t5,0.6829216351539629,5.155658430946659,4.86119082664542,0.9966893406995282,11.345567511192908,1,1,0
search07,t5,1.4022473376998403,1.9416830688917344,0.6106507490946271,0.8633688557075322,5.49792242575283,0,0,0
search07,t5,1.0786625060018442,0.1868117456094751,0.06409644167695083,0.023434291584346203,16.943451496034374,0,0,0
search07,t5,0.5177033602219867,14.491650796593206,17.046746424922844,4.468238215106274,7.486516653297337,1,1,1
search07,t5,0.8131213000405851,1.725046788349232,1.2923132614235138,0.6573898417629133,6.248169894816743,0,0,0
search07,t5,0.48918230790059186,14.291527513806841,17.134432623556503,5.948831215996491,5.804818625674476,1,1,1
search07,t5,1.3999437700368011,2.815724568561791,0.5126315902592856,1.1917149803897322,5.725499997727562,0,0,0
search07,t5,0.6209099529330302,7.358202253521313,4.570473301237576,1.5247272621663555,10.65182749217282,1,1,0
search07,t5,1.7332586643180472,5.688076788354238,1.8748851820994843,2.451573527994592,5.64034769783726,1,0,0
search07,t5,0.9657459337188291,0.027563081771859288,0.009629566265608555,0.010304298533965167,6.349822053583849,0,0,0
search07,t5,1.334600808914405,2.0438803744039546,0.1268798489735138,0.4127926058189814,10.902698573531334,0,0,0
search07,t5,0.5419773820122705,8.688858960452592,9.192515073047288,2.2892131146526964,8.591131559431771,1,1,0
search07,t5,2.0588280424286407,5.217487186107519,0.8559454440899643,1.939411324548705,6.380485428815996,1,0,0
search07,t5,0.7223086748921042,3.9068710525166352,3.091301592103365,1.441092947988618,6.42209447068572,1,0,0
search07,t5,0.8827507155163408,0.32031376740837914,0.15112219885317338,0.17650800451754187,4.6294531603131395,0,0,0
search07,t5,0.9329392909897964,0.12784494221932619,0.05555086586969193,0.0608908145150211,5.199153623993262,0,0,0
search07,t5,0.4904093939323528,12.501762718146438,14.473588263504356,5.482843418410635,5.560320900709014,1,1,1
search07,t5,0.3530593429068158,19.663876963317534,28.38469370504809,8.463279117737123,5.646869538334494,1,1,1
search07,t5,0.746336731071569,3.1290754390043958,1.5432070975218073,1.074494540200642,6.824274246047074,0,0,0
search07,t5,0.5336256269072774,9.733610566731585,1.9771070334021572,2.874147001433399,7.773216931407631,1,0,0
search07,t5,0.8698074125384553,0.505859848048658,0.20027359315277746,0.18270940115709297,6.537316031305048,0,0,0
search07,t5,0.4111897901055273,14.907801564972601,22.470337314698334,4.924913353098026,7.054036079881414,1,1,1
search07,t5,1.0726829913343998,0.10470077276977463,0.0327274386670808,0.047687895948061616,5.391083761959535,0,0,0
search07,t5,0.7845723539938854,1.8183921029249177,1.3541278144585607,0.8457662951321498,5.299987155768123,0,0,0
search07,t5,0.684273305742624,2.802009997360301,1.2534019676675916,1.1698395665829588,5.79041755365623,0,0,0
search07,t5,1.188342553190376,0.4943326664599681,0.1286825601274378,0.1996603498685523,5.951735953437077,0,0,0
search07,t5,0.9402059237295708,0.07339073217372061,0.022999325254737534,0.02658910988373095,6.520360214737848,0,0,0
search07,t5,1.0343371397138361,0.015693990463319096,0.002435951966493421,0.004297316180968788,8.304089251250318,0,0,0
search07,t5,0.736119971366833,2.027828325918108,1.6893943545687071,0.7459642759115167,6.436797421539368,0,0,0
search07,t5,0.7363066301304594,1.7833291275051124,1.09069085500914,0.9045690931656684,4.942936235559626,0,0,0
search07,t5,0.7536561708625068,0.39895865655762464,0.026228679442532203,0.13213270888630568,7.038756942475324,0,0,0
search07,t5,0.579568242711841,8.237308373659744,5.340462287771052,3.4386179738542113,5.791057591330432,1,1,0
search07,t5,0.41884154979054955,19.583613381332043,13.665497568176532,7.951090788449479,5.926019310402313,1,1,1
search07,t5,0.783436058835121,2.2149190784837174,1.7068073737962737,0.9422255068952173,5.7014627862967275,0,0,0
search07,t5,0.6773745893394258,3.4794251149713773,2.873781448323807,1.1369070637030312,7.120861108274775,0,0,0
search07,t5,0.6376727294577904,4.68806416435757,2.6559333531291376,1.5899188881993458,6.897236895734992,1,0,0
search07,t5,0.3519650643600443,30.51177743530343,33.210103862689465,13.301022421105294,5.587884520349218,1,1,1
search07,t5,0.5051175557564279,12.634897683923555,4.145804576613821,1.9931197322175849,13.678513467794245,1,1,0
search07,t5,1.0151128545261605,0.006178106758170543,0.003804306154237724,0.0029588601771022454,5.176004534436001,0,0,0
search07,t5,1.3694719991808122,1.025025506010934,0.20118665185852855,0.4799342000528407,5.271525162816397,0,0,0
search07,t5,0.7237855246720201,3.6294085193565024,3.716723421852376,1.7468417668349403,5.155394710915962,0,0,0
search07,t5,0.8660362871388954,0.56858445289879,0.2766189864007103,0.18966388076055618,6.995706200028748,0,0,0
search07,t5,0.533841160583025,7.6123333222091105,14.857910421765881,0.7688585332392153,20.801648790026974,1,1,0
search07,t5,0.9977645967111078,0.00010677675072656712,2.278813743017913e-05,4.5012533767015025e-05,5.744311941169267,0,0,0
search07,t5,0.767864097475143,2.9395181622096516,2.6825235217181644,1.2487996834881125,5.70774969128607,0,0,0
search07,t5,0.5858635581496126,6.2857546678783365,5.068566946858628,3.0733838649537284,5.090445544115572,1,1,0
search07,t5,0.41753872163532496,13.754654442274955,2.0968274030999385,1.244277163874488,23.108666528034753,1,0,0
search07,t5,1.0160653368359895,0.005419540005732415,0.0023601929416656718,0.001775841886969853,7.103628983523822,0,0,0
search07,t5,0.6621255887249359,5.625754219281816,4.31069722770841,1.8544071492506546,7.06744233223553,1,1,0
search07,t5,0.7613665863719652,2.2478755428551267,1.510858992289351,0.5442626837825727,9.26025964974343,0,0,0
search07,t5,1.2739515669792296,1.101129702660728,0.8116069095711472,0.48143006595742316,5.574411863832825,0,0,0
search07,t5,0.7759881750744889,2.8510763060879754,1.3428227736245835,0.5258683880739207,11.8433074539069,0,0,0
search07,t5,0.919087004487254,0.1545539156159066,0.05115744683909842,0.058354046396270405,6.297110488837827,0,0,0
search07,t5,0.948745084157889,0.09621971323355183,0.06874127981686527,0.039310646807757074,5.89535131304759,0,0,0
search07,t5,0.5894553862325409,5.086185757986641,6.067046706684782,2.5708002332588786,4.956889136842134,1,1,0
search07,t5,1.1560291777364828,0.48549759986235586,0.28870396586754665,0.129105975332884,8.520916032128792,0,0,0
search07,t5,0.5815038691723767,7.342769220666696,9.321627961166348,3.4437349016720153,5.264421873531326,1,1,0
search07,t5,1.0087250083272263,0.002689244887847053,0.001864671955715594,0.0009599607601128121,6.602822531060582,0,0,0
search07,t5,0.7382951881605646,1.2158529404377987,0.42615245555163134,0.4839018576275448,6.0252046826140955,0,0,0
search07,t5,1.0165406865134785,0.008298859212061416,0.0035295007903596775,0.0033456042793953405,5.961052485000581,0,0,0
search07,t5,0.8910963384382278,0.3902295645268623,0.24597568771856257,0.18323061904537433,5.259436185501592,0,0,0
search07,t5,0.9443014766924329,0.0631734245878306,0.01778493390528888,0.024582001785810485,6.139811243874883,0,0,0
search07,t5,1.0185731607767035,0.008378890798439897,0.0021824470796295787,0.0026721907146333157,7.271177242369595,0,0,0
search07,t5,0.9021487839868636,0.24052936142584258,0.09999001011359035,0.09532309380592419,6.046612564119148,0,0,0
search07,t5,0.45469797968474096,22.80334420796902,10.31075793858268,6.662223532520168,7.845565627349352,1,1,1
search07,t5,0.4500002316861865,11.006571914112556,6.988655185283534,4.0937064477541005,6.37731371537449,1,1,1
search07,t5,0.5829594521905838,13.15849124629922,2.439900296506539,2.7459280258868985,10.584003019925623,1,0,0
search07,t5,0.5592624854685443,4.511733547392851,3.809822224445929,1.331214412967954,7.778372444652101,1,0,0
search07,t5,0.9963860030264979,0.0004679862645389221,0.00018126336597175743,8.547020434859724e-05,11.950863358889414,0,0,0
search07,t5,0.49666393633994943,15.811581310313159,19.0009519132205,7.106589542975745,5.449836652221332,1,1,1
search07,t5,0.5019127416433266,15.898704209585844,0.0003544187790930224,5.133369912379151,7.19425620243966,1,0,1
search07,t5,2.166983043568762,9.247472305442557,1.2512356595511347,2.2511267603862484,9.215861024064123,1,0,0
search07,t5,0.8142559815526645,1.0755915049840041,0.7245345769799888,0.49894761530902315,5.311440608120099,0,0,0
search07,t5,0.35781487926796623,23.02499433435227,31.911196268305638,8.772837530514881,6.249155533603259,1,1,1
search07,t5,0.7342287732111457,2.4079326370326726,1.5305250769297039,1.0309100386409336,5.671469957178982,0,0,0
search07,t5,0.3076001126386618,10.429221890218798,8.886373022756416,2.7682982753484566,8.534753016385874,1,1,0
search07,t5,0.6496712778005669,4.241574384068372,1.3752612994858848,0.9502231296645494,9.927533442730962,1,0,0
figarch,t5,0.035236760800949854,93.51307868990978,85.26984418269396,16.352897164644382,12.436882131453599,1,1,1
figarch,t5,0.11031999347413485,65.99206114472327,100.81482556301508,21.10977864478518,7.2522741005648115,1,1,1
figarch,t5,0.010351632113307477,72.37472499714409,46.39016421866342,34.24050290225657,5.227433528283507,1,1,1
figarch,t5,0.12930991831758135,60.024051913947915,137.9333849675531,27.075696750179198,5.4337955523564245,1,1,1
figarch,t5,0.002976050870814246,78.74785608236266,152459.1541300416,29.905121633318437,6.266513010575865,1,1,1
figarch,t5,0.20274242388679406,15.059042904288617,24.69600723707443,6.962548412371653,5.325727309135953,1,1,1
figarch,t5,0.09134671085971045,97.20540287247576,155.58008661970612,39.763669260036,5.8891565935124035,1,1,1
figarch,t5,0.04667557974741898,61.97029487389398,119.96355722171198,29.044484463007144,5.267267677126319,1,1,1
figarch,t5,0.0006453885300846152,85.05490516028914,1776702.8911693543,12.879247808854766,14.208054759504204,1,1,1
figarch,t5,0.06365666693563485,70.64456471790814,244.83573902482013,32.81898763994748,5.305103222131028,1,1,1
figarch,t5,0.0005152938305783786,180.90570108251495,826267062.2399498,54.716367118644264,7.612489483822929,1,1,1
figarch,t5,0.05809523262621562,59.693952428286934,144.51794806150588,24.693095676453236,5.834869893223611,1,1,1
figarch,t5,0.16772356786907217,62.87466361653736,152.72151463865458,31.855661496307476,4.947471856694951,1,1,1
figarch,t5,0.029732606962318858,33.488374754150755,115.26366726183852,15.26248334068849,5.388325806046724,1,1,1
figarch,t5,0.07366515100510264,48.3948196660167,53.135064126663636,15.136497324520438,7.394454229198626,1,1,1
figarch,t5,0.07808072304075322,90.97536153528529,152.69583965454598,40.01586944539185,5.546964131789561,1,1,1
figarch,t5,0.21607897924896854,24.307001772803687,41.26360216555288,11.085805485012589,5.3852477486936685,1,1,1
figarch,t5,0.0007886275989078252,87.26057022865757,21653023.259791534,36.4423067723892,5.788970729743773,1,1,1
figarch,t5,0.03768585033996863,65.51160870736612,116.42250521786092,25.775072724446908,6.0833306588679585,1,1,1
figarch,t5,0.02121083498849124,35.78149959127495,124.87530004097563,13.795378445647579,6.1874618347369745,1,1,1
figarch,t5,0.1868354273805691,43.270660865534865,49.588324420965705,18.244834466916355,5.743332798551638,1,1,1
figarch,t5,0.07295929399826831,70.13197607365117,158.83472486148753,28.90335757580575,5.852860148840066,1,1,1
figarch,t5,0.08910144036801876,65.31515747548201,96.59244328018623,17.233737004801593,8.579918094059828,1,1,1
figarch,t5,0.16405221910669338,34.324715492888004,61.931134854795886,14.388267205630248,5.771209069491906,1,1,1
figarch,t5,0.0015640537006926865,83.81574401812941,314630.85629353835,35.14988134306829,5.769048475587998,1,1,1
figarch,t5,0.001090863786408612,86.65521441217845,720145.549106559,35.559945735375905,5.873754029718427,1,1,1
figarch,t5,0.03838888026704,93.61056046462522,181.8057821278674,40.35902303577186,5.638891302282235,1,1,1
figarch,t5,0.176346426866863,49.30500161686547,84.83126854812802,17.998274887310977,6.478858604568392,1,1,1
figarch,t5,0.0845785304412663,55.593027458409324,78.57247314971099,19.244694540207167,6.777491281273501,1,1,1
figarch,t5,0.049395877719863944,90.56047107130416,132.09525306382338,37.1950468777735,5.869490895865494,1,1,1
figarch,t5,0.0008131403037520008,61.96538990273302,15066377.053832702,21.33015869978366,6.8101199128313565,1,1,1
figarch,t5,0.12877477062747553,58.510570212580205,86.50746507831361,18.40220143692599,7.359083766485947,1,1,1
figarch,t5,0.0017241745793988607,107.55771083719219,4862921.009454143,29.072746456540216,8.399212248349242,1,1,1
figarch,t5,0.19047506940772774,22.3545306770219,13.20673238105029,10.068570466087527,5.4404577099232405,1,1,1
figarch,t5,0.011090119096578343,53.58303298869964,846.8950743931003,21.626544872150703,5.955302227467734,1,1,1
figarch,t5,0.02036021315636195,56.06150420960148,212.41691086065907,28.238244376241497,4.970608332631992,1,1,1
figarch,t5,0.26051425965218455,16.321155496785195,8.051652497732793,6.808306722295468,5.794483022727978,1,1,1
figarch,t5,0.04761617487782515,121.24981763961887,164343.4424725699,48.93200498767267,5.955849149045295,1,1,1
figarch,t5,0.14358500614614542,57.44896254780787,70.97364499913427,19.584706610314296,6.866716687760065,1,1,1
figarch,t5,0.0004787565233371411,78.52168972372192,1067248227.6984572,29.97965574366821,6.238331646974027,1,1,1
figarch,t5,0.14617123424902131,36.77782478717313,47.8735134089868,10.820744000355722,7.797651767006796,1,1,1
figarch,t5,0.09962708466497838,76.41632009113948,169.5978532489053,34.613023151485194,5.415466384239284,1,1,1
figarch,t5,0.0005919982489108356,71.39411984455808,341460337.5894421,28.59080841215995,5.994200850521838,1,1,1
figarch,t5,0.13160098258652805,54.097863435224326,77.6418812739925,16.37554559727965,7.6071524901388585,1,1,1
figarch,t5,0.3609992967377568,21.400164709084436,20.57892863483756,8.784201509601907,5.872421172417816,1,1,1
figarch,t5,0.005042205608152354,58.40516856339707,213.36805423934177,28.62396521446234,5.08085798915712,1,1,1
figarch,t5,0.0014412608788848414,65.09788646164446,25990661.75866454,13.245444363840825,10.829475655699001,1,1,1
figarch,t5,0.04975198107940046,92.5140467987739,153.1305895782334,25.774039838076913,8.178854954829362,1,1,1
figarch,t5,0.026665090796976713,66.16937521006753,173.56067736596015,32.82573221557711,5.031555169920477,1,1,1
figarch,t5,0.05104213177205557,40.45570481061611,175.13501523406478,11.337683779742429,8.136502586692393,1,1,1
figarch,t5,0.0008738499954374463,50.19829010695992,3215941.604584877,5.8702883468026785,18.10249553049673,1,1,1
figarch,t5,0.1935259327647517,29.94959017573501,28.175214920452873,10.818579543328934,6.536695470192821,1,1,1
figarch,t5,0.020770434393849943,42.033338117296125,48.57429739712384,14.615383571268604,6.751930890124106,1,1,1
figarch,t5,0.228406773341397,21.66597310233999,39.41635110498674,7.908353858714323,6.479262432969147,1,1,1
figarch,t5,0.02181508458530825,50.94342964122325,59.99708018081729,19.699745699142625,6.171988554495951,1,1,1
figarch,t5,0.033287849361937814,39.533981534384566,34.29344700487898,12.018002817617377,7.579126687577587,1,1,1
figarch,t5,0.02104676401867314,69.56636445036156,130.81787014344826,31.11163265894405,5.472048459363797,1,1,1
figarch,t5,0.09784301476614218,47.2784556158158,115.42179489179031,23.92498636672636,4.95222424716348,1,1,1
figarch,t5,0.0006942125131655796,114.94058719750205,276723465.6722121,45.590122764044786,6.042346027115828,1,1,1
figarch,t5,0.0008711253746210335,122.50301950487193,309870163.7656539,22.85328539806831,11.720823493958255,1,1,1
figarch,t5,0.0005693160623054863,88.86107510357795,19552008.092043012,20.740869524947414,9.568693322784233,1,1,1
figarch,t5,0.2290766734446156,21.85845067746982,20.36710350938838,8.629731404592599,6.065847279056012,1,1,1
figarch,t5,0.24184904507568264,36.945187914083135,95.33922683402538,16.828760328364112,5.390720076013406,1,1,1
figarch,t5,0.0011384292886433146,76.50440494656317,438912.4553586637,31.37472126435343,5.8768181429859645,1,1,1
figarch,t5,0.029830631949868416,77.87396848052686,127.60344378874862,18.12099538622961,9.594888616295806,1,1,1
figarch,t5,0.09501503091877866,86.61914079415988,106.92002813717117,31.81517016377587,6.445147101101017,1,1,1
figarch,t5,0.0012814870586513132,65.94354804212912,1144275.8343950089,26.709315035681396,5.937868901095674,1,1,1
figarch,t5,0.03806679248979106,55.92341313584711,97.90178629460927,25.247711055081965,5.429978861358255,1,1,1
figarch,t5,0.0010368126168209728,66.88218639095794,257600494.89259037,32.09501323200707,5.1677618829743315,1,1,1
figarch,t5,0.18578874947976468,29.584799114433736,55.01989105673464,12.797281485419749,5.623606841521836,1,1,1
figarch,t5,0.0329648737823587,101.22651566406046,160.3971172172201,26.07943547147629,8.762937642938962,1,1,1
figarch,t5,0.0006868640504131349,66.28341806928984,114701793.66411926,13.349852794386887,10.930209582110079,1,1,1
figarch,t5,0.7298995764219928,3.208743113733817,0.6060092822256505,0.11706037241191578,55.82202128048576,0,0,0
figarch,t5,0.0005390181758613839,102.18919950434952,970051067.1872926,49.34652008923816,5.141698313054325,1,1,1
figarch,t5,0.0007020719266611802,125.56493466006484,134421777.77883938,39.507239281059256,7.356553226449501,1,1,1
figarch,t5,0.06569728180875518,62.678024106734426,286.45575879352225,24.364606228438202,6.1450061223297805,1,1,1
figarch,t5,0.003041583992041358,52.73715696271131,1949.4009416528565,16.790673840057806,7.281720134053863,1,1,1
figarch,t5,0.10199833606012096,58.2915720581193,53.017653745192455,16.93140615190746,7.8856149967854,1,1,1
figarch,t5,0.03641784538250906,42.63922440734291,133.25210662081676,13.222069550945285,7.449705054575893,1,1,1
figarch,t5,0.002240590504168284,81.51882478119524,11384776.518900767,34.49241478322932,5.726768206488737,1,1,1
figarch,t5,0.44732902074363834,10.647724476065264,9.37808917429291,3.4820770119365405,7.115731754102464,1,1,0
figarch,t5,0.03246394222328723,134.57949705281726,373224.58324994944,33.59925287905126,9.010862475857373,1,1,1
figarch,t5,0.038432389758667,37.889792166044344,154.83691444207858,14.892956841384354,6.088283350255429,1,1,1
figarch,t5,0.022124011016576742,41.348454401594836,100.77797143526774,20.143669390512045,5.105354749425201,1,1,1
figarch,t5,0.011289656790079945,21.043983039697196,226.30759730465053,9.923020137869372,5.241447210086116,1,1,1
figarch,t5,0.0014847619460898805,69.10156111979524,87510.2196058214,26.413055852975205,6.232379131323537,1,1,1
figarch,t5,0.11750988563667293,45.50628338256615,17506.375843449052,12.725625508208175,8.151913020419165,1,1,1
figarch,t5,0.0009879560567844464,32.681137453947485,165265988.6198173,14.86041607733626,5.398414860508482,1,1,1
figarch,t5,0.1416817801414826,51.225070153115894,67.2720259363809,19.119416422962527,6.358434485646152,1,1,1
figarch,t5,0.0014972912379742724,73.98781047350809,64007.7342442728,34.501878750262705,5.288914873828124,1,1,1
figarch,t5,0.0007562400811454124,130.41891925225667,12082513.462545672,33.111342472321255,8.877597796663043,1,1,1
figarch,t5,0.0814379307723023,89.04183115697867,105.3710264982876,19.880973698174003,9.957491972856124,1,1,1
figarch,t5,0.08522377443388708,148.29844791788156,22904.314294953503,48.140625238529516,7.161052008904545,1,1,1
figarch,t5,0.03950553868748411,98.78610854727958,175.00555284383344,35.25633401633299,6.603878639311479,1,1,1
figarch,t5,0.19256329509670356,36.07009490649273,53.040204464061524,13.70118738569569,6.265250943746762,1,1,1
figarch,t5,0.0008783843067651296,68.62058146023537,254980492.05105296,32.97183947411852,5.162375078533279,1,1,1
figarch,t5,0.08581011685065612,74.21326111713483,168.49099607257483,32.724514985854356,5.535637038423005,1,1,1
figarch,t5,0.2144699408224343,32.02936675167962,10.72647619747591,3.4679878982786883,19.471440899535533,1,1,0
figarch,t5,0.11790198672265312,37.40134067386134,71.22331843482846,13.864957197058807,6.395089237173461,1,1,1
figarch,t5,0.05052426994115748,145.34469462490176,8999.1388561714,51.87208012186803,6.603966306476609,1,1,1
figarch,t5,0.05075609166340094,71.65274173200999,193.26379059526718,27.592675071385187,6.193606023818765,1,1,1
figarch,t5,0.09733751798868971,66.68908264938784,122.43946732409127,25.92747529035086,6.1442789475307515,1,1,1
figarch,t5,0.0008783691516355,81.22621071436186,1876526.6324935858,30.40066149119823,6.343713375307898,1,1,1
figarch,t5,0.0011188678439210892,95.00129577207633,498019.8108877102,40.94356203846588,5.640597497737202,1,1,1
figarch,t5,0.08107250588334113,70.90978459045414,96.68272231579927,24.748236667222308,6.730491876568345,1,1,1
figarch,t5,0.10809882446628125,65.59291212276096,50.07307247118813,6.764296026917365,20.39386208461165,1,1,1
figarch,t5,0.023552273189507197,34.3244124814064,20.306010841732412,19.247630557088165,4.566611732244209,1,1,1
figarch,t5,0.1824340456314436,70.8285179529961,30.184097898442708,4.6237437259465235,31.63687009967095,1,1,1
figarch,t5,0.04860729639048629,67.86080851721579,100.06375758543369,23.60223771606026,6.750370734639247,1,1,1
figarch,t5,0.08087500913942569,53.309969104541665,86.36501088578973,19.610289000456206,6.436938650246458,1,1,1
figarch,t5,0.000585220364054274,451.0418337790179,735028051.9829315,101.35769400802856,9.900001883296413,1,1,1
figarch,t5,0.0005952870266724489,174.6066701857568,5488614.902713108,65.45166209618924,6.335438844292477,1,1,1
figarch,t5,0.004072703997635374,54.927610653928014,295768.5477554904,26.771322070112056,5.103466426504958,1,1,1
figarch,t5,0.0058591630023186216,87.20328702405686,406.3935425481337,34.695365432301344,6.026797437496981,1,1,1
figarch,t5,0.13841015561525086,51.02993331892765,96.22645986902313,22.03506386741497,5.631702782980333,1,1,1
figarch,t5,0.002533575307880391,65.5950046212015,338249.6819825364,26.322161597519337,5.984013518660514,1,1,1
figarch,t5,0.08713891910749672,54.3204814746216,110.75562316043128,16.287799493707354,7.670082290196148,1,1,1
figarch,t5,0.21552237438489,49.64854006277767,76.84824787584347,18.269412342715338,6.435154577653868,1,1,1
figarch,t5,0.16884732537587718,63.109453298548544,97.36342053922641,22.560992146248545,6.59456365123042,1,1,1
figarch,t5,0.6830558934241783,0.946669934359079,0.0252270500620415,0.16915316259020205,12.193050367642531,0,0,0
figarch,t5,0.04094944634428105,56.42359202474108,111.15422729615297,20.94745700838667,6.387154345479829,1,1,1
figarch,t5,0.05918546620774411,130.89692365116122,162.2588547587796,33.716496521576175,8.764562582437735,1,1,1
figarch,t5,0.17142361506748496,64.62343328774432,51.21364565530698,19.3521325412606,7.678688578631939,1,1,1
figarch,t5,0.02957165015919417,115.66539622051698,216.19195830493518,42.0792416292849,6.497503839994115,1,1,1
figarch,t5,0.1267284728014899,13.91015495485044,21.13230301141123,5.105472020827389,6.44911612407433,1,1,1
figarch,t5,0.17924949772773632,50.202952868231705,95.96801390710458,24.301392742591144,5.131693471234258,1,1,1
figarch,t5,0.0733445478676018,46.432881721250965,74.24952696471257,14.76377695714612,7.2901088056299885,1,1,1
figarch,t5,0.09765494261478572,68.35037932473432,163.6507955509528,20.681565225205187,7.609787855073353,1,1,1
figarch,t5,0.143736691482606,67.87841488023514,4216.783263010817,28.084298726994813,5.833904918906874,1,1,1
figarch,t5,0.0010771573867233292,86.17750372057355,1310744.3946294736,29.545702561243942,6.833505129345977,1,1,1
figarch,t5,0.029625932332820994,82.16100872127328,194.56407841909908,36.918751864427215,5.45090933859218,1,1,1
figarch,t5,0.11022371787975602,46.14862655341108,40.73424643254015,13.772844465393206,7.7013936982107,1,1,1
figarch,t5,0.0009035237227003849,135.26467163992322,12866212.844338018,66.25567113911235,5.083112262372757,1,1,1
figarch,t5,0.031220679451148262,78.73650544796834,156.29423939788688,35.66106028829325,5.415825262145434,1,1,1
figarch,t5,0.1521250099628079,41.199560639190395,34.32808528156657,17.171071654458984,5.798717455528373,1,1,1
figarch,t5,0.051306027631877256,66.82515729542843,217.3799164308216,31.302697763059832,5.269610102058902,1,1,1
figarch,t5,0.16276881840286508,54.05556827287296,113.27099149202965,26.108800077954697,5.140792997876258,1,1,1
figarch,t5,0.0005411297960088459,171.2586739143893,297948863.5054471,60.02373410521734,6.70636520594287,1,1,1
figarch,t5,0.14218387657032658,29.050751327984813,43.503552153977466,6.851163100745305,9.480531232667493,1,1,1
figarch,t5,0.0005071106201453083,106.53076858734676,437090871.92209494,4.045294085376442,53.66898590757628,1,1,1
figarch,t5,0.22592562407790473,27.36276967009053,22.421806509429757,13.86344074702767,4.947471651430706,1,1,1
figarch,t5,0.15010315154879686,52.52354618197842,74.80745655228516,20.10493901420777,6.22493961755975,1,1,1
figarch,t5,0.0006352217406436579,70.1890097835194,130098643.75280237,26.3893498196509,6.319495195084569,1,1,1
figarch,t5,0.009458250976354717,73.78765939060827,120.68577271111941,17.90965817383822,9.239985227456167,1,1,1
figarch,t5,0.12430708065322282,36.33537959236128,119.48974829603883,20.209526825495686,4.595866435281576,1,1,1
figarch,t5,0.041122810293184875,35.97986561338098,54.58480265602479,14.047032533624597,6.122771023311212,1,1,1
figarch,t5,0.0015276314396612091,158.59772111535995,317471874.42322135,56.9789027612081,6.566892777139792,1,1,1
figarch,t5,0.10746014319770796,72.86045724803114,12134.826673418458,19.16712836938969,8.602647182599437,1,1,1
figarch,t5,0.0006581279567182939,82.92690092241901,259231712.4354406,32.79402451756947,6.057439709968549,1,1,1
figarch,t5,0.09848892835661015,66.13009878056494,167.43035865506596,33.61642494285125,4.934392124860851,1,1,1
figarch,t5,0.10165404002294341,51.6935788281985,65.80630641869895,21.300420493458343,5.853761346549409,1,1,1
figarch,t5,0.0006678489924731527,127.36078629424418,214955726.6876657,39.48012736953908,7.451893384341483,1,1,1
figarch,t5,0.032209427376773916,61.3080183947809,106.94176861891964,25.024736830461137,5.899793257378376,1,1,1
figarch,t5,0.0194459863478631,88.74809734618833,25832.96923843141,20.60508783894385,9.61419257611253,1,1,1
figarch,t5,0.11649713308570135,48.757080058541874,69.30789299212623,19.765009439241588,5.933676374749331,1,1,1
figarch,t5,0.030960539896968554,120.08586810331565,145.52410429640696,42.60744098254332,6.636849589371772,1,1,1
figarch,t5,0.0013917756182553977,122.29454868731085,272168212.3135294,51.41416806390929,5.757231451661154,1,1,1
figarch,t5,0.06107550685554944,71.99300731648714,191.09803041879323,27.821499316796455,6.175350652150034,1,1,1
figarch,t5,0.11160223820110253,39.22822111581115,151.171411768928,14.450386224583328,6.4293664551436285,1,1,1
figarch,t5,0.0625183854511232,114.7655373459562,21.803152767958785,36.75648417628817,7.244641723377458,1,1,1
figarch,t5,0.0004640506172191878,92.45513055209017,8561242.55529296,27.831642911744964,7.643885942721266,1,1,1
figarch,t5,0.0005956682872515957,167.76361481608114,172196034.81048232,23.521170750549448,15.264903443393628,1,1,1
figarch,t5,0.052858724773032426,44.5342298103854,78.79054502351521,14.165022503352073,7.287915151542699,1,1,1
figarch,t5,0.0009201233010457299,109.81675656483009,217891742.1175599,19.588392243685277,12.212431852362133,1,1,1
figarch,t5,0.1366691284485518,37.79706068130065,57.92960625073657,16.458673058578952,5.592965732629246,1,1,1
figarch,t5,0.06275971052773781,32.654388683179604,62.30433524743485,12.751014219213225,6.121849622593312,1,1,1
figarch,t5,0.0008549362677141616,95.45949587992311,335288791.5122073,24.796473057675016,8.699441421196507,1,1,1
figarch,t5,0.0033573479262057684,76.5574574333059,154645.9015869887,37.28359408429178,5.106763809316381,1,1,1
figarch,t5,0.07285787278274815,27.552669469667535,75.79588094655278,13.746359786962659,5.008722293999474,1,1,1
figarch,t5,0.08685518301676383,82.16875830195761,147.31995796164674,31.49395667508753,6.218065113232028,1,1,1
figarch,t5,0.04390731911581802,65.86005148459435,86.75978145197568,14.140144061105657,10.315329631718699,1,1,1
figarch,t5,0.0946362484388208,66.38484373490166,93.83830992305236,22.855797309280995,6.809015790312854,1,1,1
figarch,t5,0.0008488821735223003,28.21034102714998,1707490.6380037135,9.535199924275211,6.917094817347377,1,1,1
figarch,t5,0.0009307500306987365,136.71102176992804,407557.5329939929,53.84353914656518,6.078084536671813,1,1,1
figarch,t5,0.0012500792489851572,88.67802393709349,116116294.67445403,13.278894808759446,14.356235622650896,1,1,1
figarch,t5,0.16946681025310628,37.924141689354656,47.651855147986154,11.4966783021442,7.5974085196906955,1,1,1
figarch,t5,0.06489638060505232,132.14922994012704,101196.49299697705,43.67488160695654,7.051498027144202,1,1,1
figarch,t5,0.000584174727660221,142.06105441576653,562468590.6228559,28.337035284274332,11.026529098095414,1,1,1
figarch,t5,0.16369388249351366,37.796678201489385,76.20178012051191,15.94369675199083,5.741269078235555,1,1,1
figarch,t5,0.13298132524227949,63.003995944364874,3149.326772555978,19.294778807319272,7.530678228917034,1,1,1
figarch,t5,0.11203354468060896,50.34609708906356,64.0462774417224,21.420980106957018,5.700634316233958,1,1,1
figarch,t5,0.05175739761957389,122.60939251012519,221.07955953297068,40.71674820611747,7.022553269207475,1,1,1
figarch,t5,0.10944484668215626,92.88630361142788,192.79486057538668,46.83339297758516,4.966669835597178,1,1,1
figarch,t5,0.0010618001325833314,115.46132586195688,21449696.934526544,51.029413492245034,5.525285240815225,1,1,1
figarch,t5,0.03295922012935805,34.73792090579332,136.0097980520551,15.627901242228397,5.445628413868835,1,1,1
figarch,t5,0.0006072806442531232,130.19707824087865,241103502.73107725,52.77956683944538,5.9336167777555335,1,1,1
figarch,t5,0.003800062770426897,62.13556431890561,4794.839424291897,13.924954309598597,9.924347317401969,1,1,1
figarch,t5,0.11294080258180195,117.28325103098837,7840.334365777002,35.389292449137805,7.628177220527943,1,1,1
figarch,t5,0.07542315174652163,55.95734212544676,2411.6337686560996,13.72026931225992,9.156886844115425,1,1,1
figarch,t5,0.03395038041195042,77.17173903421121,194.46264454419492,33.823930021175116,5.563144435664257,1,1,1
figarch,t5,0.0011025408674819716,77.89031185779663,368950.19618107367,24.677185432416398,7.312738709292066,1,1,1
figarch,t5,0.04657275472171517,61.11697902827768,161.3331797427129,21.883074394775104,6.585776287711221,1,1,1
figarch,t5,0.20864659026911123,21.934604071283502,41.04804563203429,8.301499607788193,6.284491985208354,1,1,1
figarch,t5,0.000867147447429493,52.630766787592165,6157045.386895622,16.841475690894832,7.2501371914869,1,1,1
figarch,t5,0.1405872257080894,51.36922551843145,46.56566935987977,16.094600008360644,7.383411267350134,1,1,1
figarch,t5,0.15773017078792875,53.2420316823343,88.3246234855526,21.24946842652219,6.011140101357181,1,1,1
figarch,t5,0.11618278773730205,63.53852030844655,159.25815632783994,26.75917096696006,5.748915456827754,1,1,1
figarch,t5,0.18969691603809127,17.434790371450617,30.92857547718369,7.406104852721835,5.70822131691617,1,1,1
figarch,t5,0.14193439399420893,27.024165657833237,32.797269133135416,10.666974101279862,6.066885023108996,1,1,1
figarch,t5,0.1310479654838977,17.65761372784891,17.10337078512862,8.143184949706201,5.3367831719175145,1,1,1
figarch,t5,0.0006635134524712422,101.72171286529436,211610126.47895312,12.926435238538764,16.738556065638594,1,1,1
figarch,t5,0.001987169427556724,125.27125214099615,77957967.1521034,35.251231974858314,8.107340374960025,1,1,1
figarch,t5,0.23144477410381825,70.8929426502034,212.05002458372994,7.901678280449385,18.94376843350083,1,1,1
figarch,t5,0.208378253174355,39.310062644805384,34.84480606209716,13.506944228666905,6.82071888049621,1,1,1
figarch,t5,0.15076986600997322,61.158063214363665,253.31001574285088,18.665773581687603,7.55296314901879,1,1,1
figarch,t5,0.0006193601867859657,98.00644130237845,2132718.1343115396,37.0309899023361,6.2932120670204235,1,1,1
figarch,t5,0.000741809253846287,150.25497622661544,2272651.9521860224,52.8393091830958,6.687242265259766,1,1,1
figarch,t5,0.46578890903382736,6.08961540360292,1.4463968842746617,1.536877380102255,8.924660070405555,1,0,0
figarch,t5,0.06278110473179663,61.67893244172615,151.3729147451744,22.35518417554846,6.518087612911641,1,1,1
figarch,t5,0.035225641964559656,92.75647680425436,94.66980213165873,33.46589029751255,6.543344341336633,1,1,1
figarch,t5,0.04962190722967496,35.11449385065043,101.06185136681412,14.95358721118526,5.696464246971435,1,1,1
figarch,t5,0.21613079047042874,85.4761324929168,76.64099051421368,28.344757683728716,7.031177507083386,1,1,1
figarch,t5,0.12550453243671253,31.053878444235124,84.57728778764613,14.40271141544047,5.312226711832013,1,1,1
figarch,t5,0.033926908137293224,75.18563807679902,146.16735557511518,29.022826767257015,6.181138190275937,1,1,1
figarch,t5,0.09945394853667412,56.91016334428309,119.85790161223157,25.74752131134301,5.4206323906768805,1,1,1
figarch,t5,0.21324379419646514,28.45448556144629,17.12067834841476,10.396196925378636,6.4740181944773925,1,1,1
figarch,t5,0.0005877871732872085,148.15389889647838,819046897.4844747,49.54034504869053,6.981141179007369,1,1,1
figarch,t5,0.014473437314462649,46.4964790635463,102.96563967767639,24.813285993847696,4.747708310384592,1,1,1
figarch,t5,0.17374275020048846,29.085759231354814,56.543163407342604,12.435083945093432,5.678015743163731,1,1,1
figarch,t5,0.06297904293587665,73.97760656980802,123.15393093292371,24.97981931490453,6.922989725203363,1,1,1
figarch,t5,0.07970944887594406,68.39022612826534,73.32105064283388,20.365682767868584,7.716222275264565,1,1,1
figarch,t5,0.08341028379449766,97.4447862266569,116.35172484422809,26.677376602341443,8.30542494332852,1,1,1
figarch,t5,0.0014840618982319463,43.29815793701414,118370.17288203198,14.772590547195716,6.861958713156568,1,1,1
figarch,t5,0.22440473957627238,17.364036974898454,17.686587268303008,8.075646343296237,5.3003460619131015,1,1,1
figarch,t5,0.001170102627150543,124.77841996000518,252703244.89574888,55.942430693901976,5.460958110409982,1,1,1
figarch,t5,0.08103954593960187,53.76753048643286,94.39861389447381,28.13417168963688,4.82222239059115,1,1,1
figarch,t5,0.0009966689032325693,95.74874403631065,1269269.3739100792,24.70291254510786,8.752020646267692,1,1,1
figarch,t5,0.16626391201233717,34.5188505126107,91.90352185893853,17.642359977573275,4.913178345356356,1,1,1
figarch,t5,0.23883559978229868,39.29390310831013,68.43423407189154,20.402749966407587,4.851824207325597,1,1,1
figarch,t5,0.000675736726454518,136.20714626809706,834027234.6434172,51.54033325240921,6.285458501055779,1,1,1
figarch,t5,0.039532411324662724,75.52438391658302,169.07015165920714,23.796686527471472,7.347470588343956,1,1,1
figarch,t5,0.0014585419061447571,106.83871207885704,10952.708230471037,52.886604816858,5.040293849409725,1,1,1
figarch,t5,0.019905839820924233,105.84257507706718,186.8443387234489,34.02233439360872,7.221946669065146,1,1,1
figarch,t5,0.11825178222458732,42.035212060709455,113.85085687102786,19.71658115646843,5.263945328769023,1,1,1
figarch,t5,0.11521247325475585,32.44371187410911,105.42953437453141,16.662821095552385,4.894143937339511,1,1,1
figarch,t5,0.0004458521512669164,124.46711525339028,21446047.747100577,40.79969701483043,7.101374488548152,1,1,1
figarch,t5,0.08707994505789068,31.513530762554637,53.53867067212291,11.81605253826365,6.334020081665193,1,1,1
figarch,t5,0.1651309682753559,74.9703928403535,1071.4800690045495,19.21402741030936,8.803714571587198,1,1,1
figarch,t5,0.14464510098792632,28.089731109306058,112.3398937117488,11.110489593313572,6.0564344394347485,1,1,1
figarch,t5,0.08954128523173373,91.15305792920344,152.4804090046006,31.1527546273449,6.852006284490308,1,1,1
figarch,t5,0.11975969491010928,61.815430741522846,107.16531195402473,22.653679283032144,6.457429671287285,1,1,1
figarch,t5,0.0012310780708665106,117.53884469453556,89418.62701952821,42.95203359347245,6.473028160063569,1,1,1
figarch,t5,0.0006578612338353032,29.619154725445583,3670891.829025752,14.916387974486717,4.971357513106627,1,1,1
figarch,t5,0.024163138061020956,97.25384837672266,138.1629716682377,8.837473488283814,23.009423509027982,1,1,1
figarch,t5,0.15571487347157156,80.31372447902595,7682.556287277423,5.07241308822313,32.666870612527305,1,1,1
figarch,t5,0.060338460127351785,55.277159190734665,105.38064567358431,15.134496031361886,8.30479020592277,1,1,1
figarch,t5,0.19514927020647507,56.26112546241302,102.33297832927055,21.356337279751266,6.268799113390691,1,1,1
figarch,t5,0.08996792077828689,57.88364707566075,172.01140395080907,22.77375257722443,6.083364885025493,1,1,1
figarch,t5,0.15390314351154452,43.721363019241835,92.87353234795968,20.05128336539539,5.360954081841604,1,1,1
figarch,t5,0.08119019040867893,44.55256272570341,49.94786257901698,15.558224497490963,6.7272039920607,1,1,1
figarch,t5,0.07781316796981179,49.27908239877354,136.8020367279129,15.325736472675198,7.430892569063154,1,1,1
figarch,t5,0.1872048162399457,45.58813138409678,53.21430407165715,18.913566050829267,5.820680696763471,1,1,1
figarch,t5,0.047150761797777295,95.05064471775773,47278.42547087565,36.11830647319219,6.263294655761694,1,1,1
figarch,t5,0.03299269650036158,92.16365651624812,132.8508938466134,35.44910372007211,6.199773582092735,1,1,1
figarch,t5,0.16494156634476864,48.97581992345482,98.07173993027564,22.924171671842913,5.272854053314422,1,1,1
figarch,t5,0.0024520934272200213,62.85969396161613,130487.03008684205,23.49264202413907,6.351436751730757,1,1,1
figarch,t5,0.0011975547251649248,135.05308789279218,274018252.5675426,44.65224596914282,7.049106151843801,1,1,1
figarch,t5,0.0006784603059192657,84.16381754875636,130385711.90400977,23.604298103403213,8.131228150064908,1,1,1
figarch,t5,0.0486055215417218,66.14044653772692,115.30965957937421,26.342161696168812,6.021641526659245,1,1,1
figarch,t5,0.22496050220129843,10.156172292483461,6.914316076894,4.556866927347797,5.45752419564053,1,1,1
figarch,t5,0.11777737999996374,31.578890387566616,77.42849706022633,8.941035534107648,8.063810509890411,1,1,1
figarch,t5,0.2180217421535683,28.484582524456982,31.36386820335063,12.191539776549705,5.672844127408216,1,1,1
figarch,t5,0.5973024990735951,2.8366097069215357,1.8113585129320986,1.189563672645273,5.769159940154647,0,0,0
figarch,t5,0.21027210267290827,34.02624447927133,54.76921526311824,13.537608315979664,6.0269211052748615,1,1,1
figarch,t5,0.2804507771872564,27.69963071100119,27.968620878377305,6.909531380294337,9.017802998912272,1,1,1
figarch,t5,0.07186780646533476,28.100947739853382,22.432768168443964,10.934998414757532,6.13963453381561,1,1,1
figarch,t5,0.16596830537911988,54.17099502510655,103.18249200278403,25.336842240686444,5.2760652263222925,1,1,1
figarch,t5,0.11529608961526258,75.61477258750787,133.4778649464646,14.113009628796346,11.715612697269423,1,1,1
figarch,t5,0.011406404409508119,103.27085409337576,220.16469509542367,34.21009619406215,7.037448916106848,1,1,1
figarch,t5,0.09896210479994438,60.060317156309395,134.22218808237255,24.88938722336908,5.826178854248185,1,1,1
figarch,t5,0.11786564828794903,47.85266410523025,102.1694414206442,16.776926194930322,6.704580630472159,1,1,1
figarch,t5,0.10379875365258487,57.18049498511823,131.61096400982885,25.727735118866466,5.445046928611067,1,1,1
figarch,t5,0.5352206919878377,1.8770762104522873,0.5100959531637037,0.35512377572514253,11.571391378228082,0,0,0
figarch,t5,0.0007537404147810926,77.36195572479346,92519751.65071131,35.504673935534456,5.357846286112016,1,1,1
figarch,t5,0.0069519517140141625,77.13506072170003,2864740.1358114886,9.376082218945415,17.453580273824834,1,1,1
figarch,t5,0.10449527967809791,47.364967157921,75.25555264242477,11.5716665329543,9.186369184254138,1,1,1
figarch,t5,0.0008028635375359358,124.61160277414922,4739276.156789812,47.391113165729536,6.258859497069632,1,1,1
figarch,t5,0.07683627053354941,56.1372579475065,92.89689680506687,20.259815754303396,6.541734300874119,1,1,1
figarch,t5,0.06759144216129703,54.30831815248325,141.65063770154953,22.596963669241664,5.806691637638571,1,1,1
figarch,t5,0.11974382968777071,102.81010041856598,185.26407081792567,37.32244067400811,6.5092913840527284,1,1,1
figarch,t5,0.0007306846825559574,100.23183865796403,161910811.7273051,43.614354093868236,5.596277566887351,1,1,1
figarch,t5,0.13265540644980245,59.73963270803509,103.41426593967665,25.681812063322834,5.652291089175247,1,1,1
figarch,t5,0.11395475221716368,50.33553586080916,87.05844017871785,24.535920600881393,5.1030077232154865,1,1,1
figarch,t5,0.4124969286176956,16.261421304078,8.990909609082145,5.37393654962319,7.051958802981482,1,1,1
figarch,t5,0.08249637022487119,122.47626203834761,159.19362088129415,45.944642408248875,6.331470901441091,1,1,1
figarch,t5,0.001726853708756189,54.54679922782816,9567886.069409374,29.727044834915322,4.669843371969573,1,1,1
figarch,t5,0.0016271231170019915,119.32011575279864,507215.7058393073,32.85101917477946,8.264317439770858,1,1,1
figarch,t5,0.0010811600569020498,104.06236876818645,58867455.81524767,41.120097948678385,6.061387202825525,1,1,1
figarch,t5,0.001042715111407538,78.99917033576708,100309610.9869555,29.602905197404855,6.337257935257824,1,1,1
figarch,t5,0.07121846528663173,67.87096602730338,165.8738926750912,28.336741592597857,5.790315485322609,1,1,1
figarch,t5,0.09332959283489412,35.9333592607918,84.13909087178921,15.65253075626959,5.591380118694067,1,1,1
figarch,t5,0.01687499935932643,84.02745928221111,152.72523322826527,39.41478451991932,5.263753325341438,1,1,1
figarch,t5,0.2295259631985967,21.34779977826065,28.116394487182603,7.0081227951864635,7.0923018623256455,1,1,1
figarch,t5,0.03387541011372342,46.14316432920032,61.783596144039535,16.954015404078866,6.443331650872396,1,1,1
figarch,t5,0.11737885123497403,70.5353682283876,163.00343283811944,25.01837158572029,6.638685794294222,1,1,1
figarch,t5,0.1320985891523116,61.80846333149918,4506.252134661092,7.597438799320187,17.27086837133318,1,1,1
figarch,t5,0.06242021678258055,54.6913307993259,105.60431580425339,23.41219393418565,5.672038080076517,1,1,1
figarch,t5,0.2034200882111631,44.34834841972088,74.68520236843116,19.923379281085666,5.451890193329115,1,1,1
figarch,t5,0.03559398636213536,84.84070211133292,146.28786942043521,27.903045574715495,7.081106944699385,1,1,1
figarch,t5,0.0004773570761108843,224.64318309448322,210233518.5946139,33.262356394329686,14.507352301280656,1,1,1
figarch,t5,0.061400022371382305,79.43647146164471,22880.936512829063,19.71662869528518,9.05781482111496,1,1,1
figarch,t5,0.0018383704099668083,68.5996384136638,18677.063051459005,25.303421317365967,6.422163078522765,1,1,1
figarch,t5,0.07974485348796755,128.28614715946944,124.89126650941787,28.152959971167064,10.113510429514628,1,1,1
figarch,t5,0.033548255817850196,59.72782123822833,109.59146318338856,18.707287708419297,7.385513728037395,1,1,1
figarch,t5,0.10326097692015823,33.84515566270568,72.1863226033146,16.554851424633185,5.088850427536302,1,1,1
figarch,t5,0.1066779985946603,13.633559725961732,11.86735522639154,5.649666505833671,5.826323717296991,1,1,1
figarch,t5,0.0006512527884987233,111.53370427432401,13385785.76828338,42.962258575342695,6.19217136029885,1,1,1
figarch,t5,0.15405030082709573,48.04983972689661,60.21152480611289,17.29173355748763,6.557550325090473,1,1,1
figarch,t5,0.12249155937076686,65.61855708925816,135.8764871030082,27.930284112626435,5.698738961956638,1,1,1
figarch,t5,0.08581107417101448,64.45461723799644,103.51347318025574,23.937135401775148,6.385324196580061,1,1,1
figarch,t5,0.013946829030707942,43.65923894115008,127.73403316955529,12.822112974170485,7.809991306284614,1,1,1
figarch,t5,0.0015211743986083422,64.23299790604187,6262383.148014054,23.630923813895333,6.436350979073609,1,1,1
figarch,t5,0.018668005045095398,76.33878554411376,187.64575830907216,33.45308580029346,5.563930873213741,1,1,1
figarch,t5,0.0015150961494563467,153.5969914562197,288376840.4998406,53.5208323694094,6.7397086202273,1,1,1
figarch,t5,0.12980905242163854,60.99774344889394,141.50775851535386,23.004769175095177,6.303051987579143,1,1,1
figarch,t5,0.06618757131628167,29.045031515791834,24.453623326868325,7.863232659216203,8.387554908921391,1,1,1
figarch,t5,0.050005726335975706,55.77752324407561,108.06440267622526,16.19373513781101,7.888778008211309,1,1,1
figarch,t5,0.05938441006146259,135.85817827814253,105517.05655449769,42.64811779902374,7.371121882487976,1,1,1
figarch,t5,0.0011124878858587166,97.92276266251201,137834472.95330903,45.02222620182511,5.349974264868423,1,1,1
figarch,t5,0.3884446331430087,11.279487233065083,3.601779255912413,3.953661688248128,6.705843404149755,1,0,1
figarch,t5,0.06625615071842515,62.49360621397864,114.66541198906013,29.366846096969265,5.256065224547769,1,1,1
figarch,t5,0.000515690123538393,155.14310847829762,1544264935.0454125,51.671987880636195,7.004921228758714,1,1,1
figarch,t5,0.0006456654675322827,128.7144392524824,1099112069.4793837,56.24485281908395,5.576932209832699,1,1,1
figarch,t5,0.003282420735894979,84.03116234799802,741573.4732459673,16.285675565763906,11.319640964069077,1,1,1
figarch,t5,0.07616763522895177,28.776352403810506,88.73287082913257,12.965179877274515,5.439020927777478,1,1,1
figarch,t5,0.33681128217323675,18.594744601845377,164.13065589699454,2.3186030341099686,17.03961034147724,1,1,0
figarch,t5,0.0015451410534847846,92.57251682452909,78234.84629527775,27.62531248149664,7.702006855961098,1,1,1
figarch,t5,0.12371002332383015,76.2123997700661,96.69115660779283,29.491836702467467,6.168372559426908,1,1,1
figarch,t5,0.000804364022597662,148.03722967334272,693320081.3012859,61.01966647233802,5.852115333683519,1,1,1
figarch,t5,0.3321931372648305,14.257744376084247,9.226127065753946,6.091196704631219,5.6814263493555845,1,1,1
figarch,t5,0.031143399591590258,78.45567255231299,100.49421492626675,16.4994999730335,10.510066690571179,1,1,1
figarch,t5,0.35453607117477015,10.60536260781737,2.549087317539467,4.589306502943818,5.621771329073159,1,0,1
figarch,t5,0.09369230175698208,42.6490940325607,39.20600403422966,15.787992894478132,6.402725263130472,1,1,1
figarch,t5,0.2243573729669243,41.37262679755975,35.76359049290471,7.685133337921138,11.76692491291276,1,1,1
figarch,t5,0.000866868260603413,112.28554001589507,14266623.056595763,29.854631420139242,8.52215215359516,1,1,1
figarch,t5,0.08756051619571031,33.92486975933821,64.73823596337839,12.213938308726942,6.55510743575619,1,1,1
figarch,t5,0.10634956969377439,88.6321991668708,193.67397473695186,32.86987484754706,6.392913698512913,1,1,1
figarch,t5,0.07530014959072821,58.73737597484069,130.8318752459935,32.1748351718213,4.6511376459999925,1,1,1
figarch,t5,0.04947100132563867,92.06766714669311,173.76540364703627,44.29675549725225,5.156858267075751,1,1,1
figarch,t5,0.0015260379356494813,67.0591459989057,13385577.557843095,29.108889450634674,5.607468526934379,1,1,1
figarch,t5,0.00043831948063301077,63.799599433289416,28649157.20441635,26.7088398940387,5.7774144954554325,1,1,1
figarch,t5,0.10663866648078398,65.40721335944428,107.18049854794847,22.55667987811679,6.799365306673404,1,1,1
figarch,t5,0.09416700629967018,81.30877512046982,9196.397787765958,23.629456928328516,7.881984242557146,1,1,1
figarch,t5,0.13121518744378513,65.96385287790292,119.31142034352798,23.901546832328336,6.519630452426007,1,1,1
figarch,t5,0.0012321330053925797,134.76531613773636,276522356.9581987,42.723724221919895,7.308687671408265,1,1,1
figarch,t5,0.04216909407106406,63.63786849098153,131.87875654050885,28.513142861634883,5.463756857656531,1,1,1
figarch,t5,0.07719751219838851,58.40713063394833,91.3429733188926,27.287706005249017,5.28083845690167,1,1,1
figarch,t5,0.02292276232674443,108.7248412401558,260.0313547654891,45.05495184395467,5.826321493660376,1,1,1
figarch,t5,0.1286759904772565,42.070565077594665,47.92216431505115,16.858626845633438,5.99098360297255,1,1,1
figarch,t5,0.09963368872958606,41.52658633734063,62.461226490307794,14.988583847884684,6.54109537749308,1,1,1
figarch,t5,0.0024713984118814552,68.23497596771642,38306.38349145809,18.035352348737714,8.566802649407862,1,1,1
figarch,t5,0.26768814946328917,16.138172988825318,6.0227854102576055,6.144691543269349,6.2527202952937255,1,1,1
figarch,t5,0.098046040878698,15.049542565544925,36.28278940175704,7.629739979542697,4.944968663649518,1,1,1
figarch,t5,0.055755678849178744,37.08825930976536,118.81654085391543,12.449407574386234,6.958236821818222,1,1,1
figarch,t5,0.032331140964648265,88.4698077417039,174.8602859902587,36.91424753876251,5.793260794429278,1,1,1
figarch,t5,0.0006843216931664435,132.00692107060104,135034824.0537108,52.4288143415745,6.035663031041442,1,1,1
figarch,t5,0.0249188478232468,103.3631586342774,151.76684230326953,44.42362175608069,5.653522362576351,1,1,1
figarch,t5,0.001199999878854459,57.833406579028406,9228620.153794957,18.535610700600973,7.240248299685459,1,1,1
figarch,t5,0.04858152420356476,90.2282255980407,167.57699367647808,30.509473408559668,6.914767809314367,1,1,1
figarch,t5,0.0008632909050128329,107.47509514151409,166144658.0006537,46.912991104394955,5.581890542956469,1,1,1
figarch,t5,0.0013583162053730907,94.00820329826624,263407.36657425074,16.390423689584058,12.471113264510358,1,1,1
figarch,t5,0.17442212001043145,33.320314785210655,61.86237207919434,15.856576836273641,5.20271224101621,1,1,1
figarch,t5,0.26850981346473585,15.15334137801301,13.835861639690144,7.083190859853799,5.278676567618505,1,1,1
figarch,t5,0.06599055993130142,67.0516203309935,129.99876150276603,32.2114742088261,5.163213387645638,1,1,1
figarch,t5,0.032815892588703204,64.86950999526738,95.70446014379817,21.139630245066986,7.1372416871297855,1,1,1
figarch,t5,0.0006864143350056147,94.97978903023,129491719.2108096,9.44183275005988,21.1189306238511,1,1,1
figarch,t5,0.11565482227010998,66.01734255808628,91.94672464274487,27.69202286941797,5.76796822459607,1,1,1
figarch,t5,0.1172564008511146,53.35657625778197,115.81815590409491,22.61713853110941,5.71824286563847,1,1,1
figarch,t5,0.03686479237513306,99.96335011873987,251.12371432274733,48.95245575680598,5.0840995032140635,1,1,1
figarch,t5,0.0007997101367012916,139.77798024305264,329842165.02473146,13.962153528144551,21.022409861242647,1,1,1
figarch,t5,0.08729062150521215,59.5641160985715,96.20712434365068,19.407698787700287,7.138194615460594,1,1,1
figarch,t5,0.014824042324736266,142.00169210780905,1536913.665024321,46.62589966903809,7.091107865618525,1,1,1
figarch,t5,0.09001536987579471,71.71766782770419,142.94299604340569,17.92232194923494,9.003167003789443,1,1,1
figarch,t5,0.3823109791298076,8.64201898804231,9.730580248118159,3.7553742348080967,5.60248084355509,1,1,0
figarch,t5,0.10552306251674487,61.03367135851943,93.42777088175559,11.867564317712077,11.285795758010433,1,1,1
figarch,t5,0.006670921633382066,85.61435953225964,60970.4754530438,32.83469227024857,6.214872052255206,1,1,1
figarch,t5,0.2098859079280299,41.67655387166042,53.043329622956364,17.004767496556084,5.901749333544375,1,1,1
figarch,t5,0.002116014643677291,45.0646037137501,11356.34799209066,22.763615699873707,4.959353760659395,1,1,1
figarch,t5,0.2818481602343421,37.1895830146816,52.641072660814466,10.887824852657674,7.831407286204421,1,1,1
figarch,t5,0.04036960366636195,66.36744690400383,182.81833462150527,31.275989411977946,5.243987042570535,1,1,1
figarch,t5,0.240187746058751,57.906915872521495,7.179343229322783,21.960599924680878,6.273709832256595,1,1,1
figarch,t5,0.009761723445459,100.39026852475956,6037.901273260643,40.04828382310365,6.013461698792942,1,1,1
figarch,t5,0.1144944231508441,62.87425107574097,90.51904393049342,24.3539235134395,6.163377559352551,1,1,1
figarch,t5,0.12599551681308022,56.60014387480135,112.64412566041126,26.788154670139214,5.225759076857473,1,1,1
figarch,t5,0.11484090515000284,87.92062775810473,162.28050896090514,34.78616202466345,6.054919694548014,1,1,1
figarch,t5,0.001338566453064135,52.52116834182971,12045676.367435407,16.52321476336693,7.3572578452799196,1,1,1
figarch,t5,0.0018112926606311862,83.13971864845621,44283447.2761264,33.23288106078547,6.003461390927096,1,1,1
figarch,t5,0.0009079935069000473,105.76683929706294,240704911.2068342,30.96996430052708,7.830284870251716,1,1,1
figarch,t5,0.0005329792290377264,87.02271714119684,54136574.11572672,32.989884489172795,6.275721239324587,1,1,1
figarch,t5,0.003664442097476214,107.42723991090475,172437.3236614354,23.476126705121537,10.152041242601445,1,1,1
figarch,t5,0.04534428648254322,55.399809615516915,110.08106282486955,16.6865072304406,7.640072586844659,1,1,1
figarch,t5,0.23226839312048567,38.968812443801085,17.46108607718791,7.3385336950515825,11.620326638297781,1,1,1
figarch,t5,0.018329778504538086,47.27522417108935,123.97895134732518,20.972053834328086,5.508401947138524,1,1,1
figarch,t5,0.010490121725344618,120.6852887709017,4269068.92404253,38.42660383073605,7.281340360053881,1,1,1
figarch,t5,0.0015971393005857616,45.3348310766288,19090854.595275156,10.344619638338349,9.764910197106273,1,1,1
figarch,t5,0.09758009688397261,59.49803074937995,84.6848265648034,27.512140987476414,5.325219965720849,1,1,1
figarch,t5,0.0005524068145831318,110.7340677588677,69888369.2179462,41.2885437837601,6.363912485691608,1,1,1
figarch,t5,0.0873179117653432,59.07851979400016,138.58457257153083,25.025580445974136,5.721450511131231,1,1,1
figarch,t5,0.0003611710912428502,134.6519726058499,63444967.77981144,30.97491763806813,9.694258637211858,1,1,1
figarch,t5,0.039944179370986245,101.80648431627378,139.19672041388267,22.408524141407515,10.086406911390565,1,1,1
